,url,commit,error,time_out,SideProject,Vibecoding
0,https://github.com/Skowt/Loadr,c2ead4af6a33aed6ed79684f2346de6a3f12fe5a,False,False,True,False
1,https://github.com/AI-Spawn/Save-The-Turtles,4747b9d40aeb6c1cbc73eb0802008c4afff686d9,False,False,True,False
2,https://github.com/YigitGunduc/cycle,26eb2a3b4b61505b7f21395e0165a1cee3973090,False,False,True,False
3,https://github.com/saurabh0719/jett,3f57c4a8a626678f27305c54d13237eb583c30b4,False,False,True,False
4,https://github.com/tn/climood,4dae3cae768245a169e8abeccb457558fac8c112,False,False,True,False
5,https://github.com/PaulVLAD22/Wikipedia-Text-Formatter,2ef0bd84b0b2b6d56c122ccfcc2d7733df1b42f2,False,False,True,False
6,https://github.com/tibordp/coinflipper,d34f00d82f2f19fce6bd96959e9d2b969617a040,False,False,True,False
7,https://github.com/Mikescops/gitlab-notify-extension,ea81d8b6e94bc9dd3ec6bf634cd75aa7c8b4abb9,False,False,True,False
8,https://github.com/Etheonor/supanextail-lite,6e7ecdf0707b64e58bfbfdb97780f55c08b1288d,False,False,True,False
9,https://github.com/murfffi/zebra4j,b5afb7fd49e717d5966d1fa509a512d1564c5b5f,False,False,True,False
10,https://github.com/GusSand/Anubis,dced3375debfbe06362d2da03f71ea80b29fb81b,False,False,True,False
11,https://github.com/junnoiri/two-dice-statistic,2b5ee356d4de6fc7e1b0f088327564b7c374ce8a,False,False,True,False
12,https://github.com/anshulxyz/todo-rs,b5e37386bd88163bbc66dc90edcf3ed45044219d,False,False,True,False
13,https://github.com/Guuzzeji/Console-Against-Humans,93657bf5116514f43cf66e26c65e7d8b85c8c2db,False,False,True,False
14,https://github.com/ctk-hq/ctk,a0390526216e3fc46bb82180d87998d3a62635f9,False,False,True,False
15,https://github.com/mitchhit234/commerceDataVisualization,260d3229d87c6c85468f56feaadf0d9836c211b7,False,False,True,False
16,https://github.com/sam46/FuncMorph,ca0129b3f0cf0b9b3a0a24ee7640bc8b0d0a45f4,False,False,True,False
17,https://github.com/sibis/producthunt-cli,676df0c1a0981b33cdbbafe8f9457ecdcedc90b0,False,False,True,False
18,https://github.com/ZackHolmberg/RandomMeme,e6d1d65ef01b202d9ea6212b2aa59cd8195b72ce,False,False,True,False
19,https://github.com/black/ObserverJS,53a338cfc08babfb2d6089e3f4fdbfc9fb544698,False,False,True,False
20,https://github.com/debiki/ed-server,d68ee1f7c1ecd1b56b96cdf1506ae63716655241,False,False,True,False
21,https://github.com/jkhan-007/contextually-app,e3f3606b487533e907b961bb6fc68423c7ae5db1,False,False,True,False
22,https://github.com/SSamps/giftlist-front,6aa9bf5e740ba8d07615cfaf53a18c3f9604c206,False,False,True,False
23,https://github.com/rbw/snow,ae362b9238461d1823f1fc3564578832c899ea04,False,False,True,False
24,https://github.com/2stable/meow,41b78211f1374590f7f5456560af44874a08ac9e,False,False,True,False
25,https://github.com/mcmxcdev/ConcertMash,ee2e99a795810f17defeaee368dbac88fc4a36c2,False,False,True,False
26,https://github.com/SergChr/qcv,321d6b87873156c4fa75bfe9f49abc4b0a4e02a4,False,False,True,False
27,https://github.com/johannesss/http-reponse,411fbd1d077c111f6667aa47259e40275f559d5c,False,False,True,False
28,https://github.com/xxhomey19/nba-bar,e5b47f89c0863ddeb9e8117f51ddbac1f04024fd,False,False,True,False
29,https://github.com/euandmj/PlexSync-Mobile,f485a4c790991b27652d5c26a0e2695cdb195bc5,False,False,True,False
30,https://github.com/BoardiesITSolutions/DDHueAlert,86f1eb0b97745524ee841fc80fb88407051370f6,False,False,True,False
31,https://github.com/Noovolari/leapp,50fa389baeab3d879c06cd67cbb183c708abef62,False,False,True,False
32,https://github.com/boyney123/eventbridge-atlas,0ed4ac50517a55fcf29c48693f8442b4892ce5ee,False,False,True,False
33,https://github.com/RikudouSage/FirefoxTravoltaMemePatch#firefox-travolta-meme-patch,684f7bc931df3ef9df619ba97f9413ad4b7498d0,False,False,True,False
34,https://github.com/adnanh/webhook,dab29e72671ab26fc80918d7168b681e7ce9b4ff,False,False,True,False
35,https://github.com/rittikbasu/yc-job-client,9652b688fb685f96e893a89a43e70d527d98ae07,False,False,True,False
36,https://github.com/caronc/apprise-api,9493fddf165ba862876052de5c740c5ab75bf2c6,False,False,True,False
37,https://github.com/AkashRajpurohit/the-office-quotes-api,b2ae8051da054ac115576f85aec99f06b1b72cc4,False,False,True,False
38,https://github.com/prabhatsharma/zinc,d66702daf6cfef09ad08964f538a5fe309a2e230,False,False,True,False
39,https://github.com/atapas/promiviz,08a5a674c46e96bd932b578aa7d8351c1fb1c658,False,False,True,False
40,https://github.com/mach-kernel/fts-actors,d82624d472bab41da925d2ed77ccda797a4f1aaa,False,False,True,False
41,https://github.com/oussamahamdaoui/noframework.js,7d5e83dbb68129d9cc1a8e044c91c1badecd22fb,False,False,True,False
42,https://github.com/zafar-saleem/timeoff-app,ab4534c5a844767513b1ef3e6657cec30360aadf,False,False,True,False
43,https://github.com/alexander-heimbuch/millidocs,1ad430e9f17f946639614da4d7d8af1234219e4b,False,False,True,False
44,https://github.com/cloutierjo/titleUrl,e347b4a15d95523975e690df404cc72fe2a0d487,False,False,True,False
45,https://github.com/Pammota/Litere2,883af2f57c0df7c3dd88277f6b6a9465b7daa639,False,False,True,False
46,https://github.com/anhtumai/roomie-backend,4473b7548141ad19f138462e132b1bb9608a75f9,False,False,True,False
47,https://github.com/jasebanico/banicocms,d11b5ac273450014bb3ec202367d827544c83778,False,False,True,False
48,https://github.com/keis/stream-compiler,9b4d570fb953dd9abf96cadf1847c92ac33d5dc6,False,False,True,False
49,https://github.com/TanayB11/jadeocr#Contribute,ab947c2f34efbcd3d45bda33b1f651236c297a32,False,False,True,False
50,https://github.com/nathan-kuo/landmine,2bf2863831fddab9e526806386101e8deac507eb,False,False,True,False
51,https://github.com/Rishabh-malhotraa/caucus-server,52a04253d9caf386f1c6db7ee43987b9297daa91,False,False,True,False
52,https://github.com/IliasHad/habitscript_vscode,4dc81f5a4974b9b7a98772d707fec811e7160e3f,False,False,True,False
53,https://github.com/arpit/grocerytimer-tracker,7aef8b468445c6e909d6dffba4df0f83674ecbc4,False,False,True,False
54,https://github.com/driemworks/mercury-blockchain,88bd9317cd47fa99b7617099f8ab2181ba0256dd,False,False,True,False
55,https://github.com/TachyonCMS/tachyoncms,a3c88ecd1fc0865e67cd1ff0dd9b38d2c182b08b,False,False,True,False
56,https://github.com/MarcPlaying/webSearch,dacdaac15a6bd962e10c01554d2416b5dc238ad8,False,False,True,False
57,https://github.com/meilisearch/MeiliSearch,38982d13fe6ec2dc0d23f3e9c71b7b229ab91073,False,False,True,False
58,https://github.com/nishant-boro/split-it-easy-android,a7e672eae87c93f71a821823697b488f595c380f,False,False,True,False
59,https://github.com/slouc/randit,7601439d52bc5b4ecfe2e05d80a50ac29118c8cb,False,False,True,False
60,https://github.com/quackduck/secret,8dc0fc3b097ed1d5991bd5330869dc0704908a2b,False,False,True,False
61,https://github.com/michaeldodis/tunedotsh,d2de99ca6d41b4959f3bd07b78cdadcc0a662975,False,False,True,False
62,https://github.com/gunjankarun/just50words,4c36df7e1adce25ef481ac0f9d2a0e4e95d4ce2f,False,False,True,False
63,https://github.com/brainless/dwata,ERROR,True,False,True,False
64,https://github.com/RLD-JL/Just-Listen,36bcd468bd6ba26edb40f6f00ba9f561ed7aaa8c,False,False,True,False
65,https://github.com/Andreilys/personal_dashboard,619fe570370dc1d257ef2a042e72ef370745a929,False,False,True,False
66,https://github.com/mobilejazz/localname,0f9682e7f684441c865951ed06f71d19b2837065,False,False,True,False
67,https://github.com/jankrepl/mltype,f3bf1c2036cad73b37f85a36137447c900567fba,False,False,True,False
68,https://github.com/saurabh0719/elara,8c6a58edf665cbaab9b651904e1dd8e901953e16,False,False,True,False
69,https://github.com/jarbun/downline,2d7164e2c3acba52e18eda2856fdd3d1114e943d,False,False,True,False
70,https://github.com/theycallmemac/odin,a01d039e809eca257fa78d358fe72eb3ad2a09f2,False,False,True,False
71,https://github.com/mykolaharmash/git-jump,00e4b5b426c80f3f1bdb313cbc0aea7a15e87f3c,False,False,True,False
72,https://github.com/jalal246/dflex,a6ba951ade990971b7e2529b3143468e36671825,False,False,True,False
73,https://github.com/oslabs-beta/SocketLeague,71e8d5777dc927291a1bc9464a092b078710d2e7,False,False,True,False
74,https://github.com/lost-pixel/lost-pixel,2e615e50d0ba574415b8694b9e6b5eb7fbe47d11,False,False,True,False
75,https://github.com/flancast90/Millidocs-Dark,5cbe102c1a6c0642480ca72eae32b4f87c41972f,False,False,True,False
76,https://github.com/grey-area/qcircuits,c42a525e50b8df7c77e2407dcefea5bf7458525b,False,False,True,False
77,https://github.com/Seneral/FlagPlayer,2f22b71f872fca4cf3dc20f5fa250f1d65f1c37c,False,False,True,False
78,https://github.com/chartbrew/chartbrew,a20107a81ceaea326805dc2775d3545b43ef66e8,False,False,True,False
79,https://github.com/Ulysseassoo/ChatMore,a96b4766f719b932ea09f4f1cdc5d607b0a36889,False,False,True,False
80,https://github.com/moizahmedd/typelikethis,33073e276176b5f7c9649d5f9d8e7db412d0e0fb,False,False,True,False
81,https://github.com/re-ce/rececss,7a158a476813e18f2df9b29975188fa3431569ce,False,False,True,False
82,https://github.com/joshi008/gsoc-tagger,625a2629d9008aa9a72533f23c26ee331802274a,False,False,True,False
83,https://github.com/gethari/StackExchange.NET,e05fab00de713d57da920a4f94c424fd8a73f415,False,False,True,False
84,https://github.com/ikassim9/Marvel-Comics,cef6e20484e2b2b7fb74943381f2f945f844dc98,False,False,True,False
85,https://github.com/HarelZeevi/Missile_Command,353418a868f9127d170d175070efe79c076b48e6,False,False,True,False
86,https://github.com/AJAYK-01/Yiflyx,53cf3cfd0024da38f4129bc816363fee6bc7eec9,False,False,True,False
87,https://github.com/gabrielkay/POTUS-Progress-Bar,f2e6ce508d5bceb9ef21bd6fa2fb3eda33a7a1a1,False,False,True,False
88,https://github.com/noxasch/shoji-extension-admin,a423b2f909c40e5062f7fbd9a1ed7911090ef697,False,False,True,False
89,https://github.com/abdmmar/wc-toast,c8909eadd5fd6d589370b82fc03a389634fbba2a,False,False,True,False
90,https://github.com/IngvarX/Camelot,cd7689af51d3965842b4c9e4924dc101f8b88bec,False,False,True,False
91,https://github.com/JeeZeh/youtube-playlist-autosub-explorer,79ca0f8754e8c50115d6d70796acc763946bc3f4,False,False,True,False
92,https://github.com/ananyadhananjaya/pomodora,b93382d7d310865d0684abf9da4f2d5def48529b,False,False,True,False
93,https://github.com/saurabh0719/pswHash,a3a3b88c89744472527c4532ec7515405c2cc281,False,False,True,False
94,https://github.com/maximthomas/blazewall,4251777b2b02f2bc8faae3cdccdad8a1a1d44998,False,False,True,False
95,https://github.com/simplecto/screenshots,38da230c39da12e60c723756290997da775ea863,False,False,True,False
96,https://github.com/streetwriters/notesnook,8bc58b7869b6e756e8e40843842ba21dcb496475,False,False,True,False
97,https://github.com/Novartis/YADA,e37c360b21bcdaf3c76cb26cd2432c2c368c64ef,False,False,True,False
98,https://github.com/the-illarionov/the-supersonic-plugin-for-scroll-based-animation,c04775a7f200bfe19aa2378a2a92ea76e4611feb,False,False,True,False
99,https://github.com/gamer2810/steam-miniprofile,9ad4d3894ef09063b39f6b7d0c81d9d6807a87f9,False,False,True,False
100,https://github.com/galalen/simple-hand-calc,43e4e1e9e32709a293ab1b20a4a115d44367544e,False,False,True,False
101,https://github.com/kyh/tc,cd96d50dd71c06908853f171a1c8e72cafd596b0,False,False,True,False
102,https://github.com/cbrand/esp32-ir-remote,c7be6c6a75bb924c4ea52d5ea724b186294801bb,False,False,True,False
103,https://github.com/pvs1209pvs/Spent,9b7ae11e2bc8c8e7de348343b139bd0c25805ed2,False,False,True,False
104,https://github.com/thayallans/linkexploder,ccbc45450b519a4c6fa895e1ea3da8ac6cc37df3,False,False,True,False
105,https://github.com/ollelogdahl/ihct,aba146b8413e2474db85873b0132d900d1746570,False,False,True,False
106,https://github.com/hasithsen/simple-todo-list,5c47f4837b9e20a595cffea13686c72228e4ef1a,False,False,True,False
107,https://github.com/dgrcode/compalary,5e6240b4e1c9d9acd0b53d0b6aeb1c8c4db6f251,False,False,True,False
108,https://github.com/miratcan/internetguzeldir,3e3a4089c527b4bc6efef422064211f016d3276f,False,False,True,False
109,https://github.com/linkinmedo/steam-roulette,3d4fe35d4a5c83e04d1e5b9bef2327f08bbde17b,False,False,True,False
110,https://github.com/tmjeee/fuyuko,3d700e1259885b361861afc360ec4fff2d46e5a8,False,False,True,False
111,https://github.com/starwiz-7/HackBot-Scraper,897dc88fc76eecbd67f423d06e4949faa1a07a97,False,False,True,False
112,https://github.com/Steppschuh/PlaceTracking,29f1ab1c0e6a509462409b67c8efd248c4def49d,False,False,True,False
113,https://github.com/rittikbasu/meme-generator,7a462205e9360476166790c6485691e88fb707e6,False,False,True,False
114,https://github.com/gravetii/diztl,bf879409405f75424276a4df4dc51b47b96dffa8,False,False,True,False
115,https://github.com/MegaTKC/multiplayer-game,126f7aeac5004a6b66a63d98c9755301b349eccc,False,False,True,False
116,https://github.com/sgolovine/fav.sh,4429ecc13d4772eac4c462d86252f7f5bb8a7198,False,False,True,False
117,https://github.com/snek152/ts-lib-template,32c5f3e9297a76b6f53d0014f637f22714be6f7d,False,False,True,False
118,https://github.com/ammark47/BballApp,8b680bc7a420a852270362499713d5726e7f6c8a,False,False,True,False
119,https://github.com/tavyandy97/span-tree,805d385adc1d8c89b782892ad60fd833f2fb4ee4,False,False,True,False
120,https://github.com/sgriffin53/ravenopeningsexplorer,3497a333e75eabf496b6904cd7a85e31dc7c1e72,False,False,True,False
121,https://github.com/booua/smogbar,018adf4e5b83b128043c815e6b857ec1bcee03d6,False,False,True,False
122,https://github.com/hkalexling/Mango,1fb48648ad7c4b7e0eae0730dc30255184ec8aed,False,False,True,False
123,https://github.com/VibhorCodecianGupta/Argus,4a756626117fbc4b40601a8dc38ea4e9e599d840,False,False,True,False
124,https://github.com/amirgamil/carly,ba8dd42490acedc40b2957c65882c5393398f063,False,False,True,False
125,https://github.com/rohitbatra1/Safari-Reverse-Image-Search,201040f0b9f1f686ce26ea63ac48313190b3fb4d,False,False,True,False
126,https://github.com/GaZaTu/x11-emoji-picker,7650a30914fc4fe0ca332d7674f9206bef408e4e,False,False,True,False
127,https://github.com/techdervish/surflog,0f8551a90fade369f463a469a91f6aa3e2ba81ba,False,False,True,False
128,https://github.com/thomasmatt88/tfhub-od-easy,220c46897c0e4d937ef68542e7a6bbe88ea749ef,False,False,True,False
129,https://github.com/aduranil/django-channels-react-multiplayer,2d8bbf408442f73cba461beb2ef2b50a33d23cae,False,False,True,False
130,https://github.com/follow-github-organisation/fghx,008aa29ac44f94ecaf0abf0a80072893ac5434bd,False,False,True,False
131,https://github.com/sandoche/CuratedStack-nocode-template,497c161452d11515fc6ed9a2a62d3fed33fceb15,False,False,True,False
132,https://github.com/nedlir/OfficerBreaker,4141bbedaa45e5729c44d3f530e3cc75dd7847cc,False,False,True,False
133,https://github.com/mayur091193/readme-pro,180ac3726e00ec5c211fc1830da68b7c9d7b6888,False,False,True,False
134,https://github.com/Shahzayb/freemage,65d3e0f638d9c61057df8cc2ff932b8897a5be68,False,False,True,False
135,https://github.com/sramezani/resume-builder,410f20738836a938ff154e851754cf9110aadd05,False,False,True,False
136,https://github.com/jlusPrivat/DestBox,2dddcc215ae5e86d5a70c20f1988279a27996c21,False,False,True,False
137,https://github.com/acrlakshman/profileio,8360db05355d41f13b895116aaf18a71763abd32,False,False,True,False
138,https://github.com/nilaymaj/esolang-park,3c500739bb982ab9c2d70b99606c662610ec9d51,False,False,True,False
139,https://github.com/lalitadithya/SimpleNetworking,a2adfbe05fcad54780ae7d0fc5eb898cf00e40a9,False,False,True,False
140,https://github.com/pa-aggarwal/playlist-converter,e782cb2b9473c791265657c65338cc12c856b91f,False,False,True,False
141,https://github.com/vihdutta/autosort,a9bd0b96bf84bc5c78bf25e6658f228881405923,False,False,True,False
142,https://github.com/perryrh0dan/tmpo,2a4005df3fbf043071cc9b97cb393171999eccf2,False,False,True,False
143,https://github.com/dbgate/dbgate,ae8c5c0cc1ae94fbdb4d96ce4c8d2e58c885dbba,False,False,True,False
144,https://github.com/alonstern/real-estate-tracker,99e658f0d7d01100de4bdc2fc57d08aa5e52ee19,False,False,True,False
145,https://github.com/AmruthPillai/Reactive-Resume,d8357c995930fde2578a9ad6e1732c41fef50221,False,False,True,False
146,https://github.com/thephilomaths/sendight-backend,aec7aadf8d5cea9b1abd4b501eae7493ec9b021d,False,False,True,False
147,https://github.com/okonek/tidal-cli-client,13246062dd7e28672b49e758521f038eb8263b10,False,False,True,False
148,https://github.com/AmeyKamat/MEERA,30635b68995a9ce17024a76eb1b23cc1c300404f,False,False,True,False
149,https://github.com/SigNoz/signoz,18d80d47e5ad3f68220e84e509fa493f7ff20a26,False,False,True,False
150,https://github.com/HDK101/unnoficial-gog-product-wrapper,d0f6e752171130124a93be4ae210f8412b858b57,False,False,True,False
151,https://github.com/cupcakearmy/ora,63713faa85f4b462cbe1a7b98a9b0909ce0b2b91,False,False,True,False
152,https://github.com/lconvictl/Account-Manager-Discord-Bot,b5e4dec89e1b558f62bd405e4f9180849e719d70,False,False,True,False
153,https://github.com/anishshanbhag/Origin-Finder,95f7ec96306caf45b5c180df4455829ca6aefc51,False,False,True,False
154,https://github.com/nkorai/DiyAuth,065a3833365c941184f07bf6f8dfd66401a27cc2,False,False,True,False
155,https://github.com/fdemian/morpheus-frontend,1b699929a452d9bca33e1f55570fc52569fb4781,False,False,True,False
156,https://github.com/PACTCare/Pact.online,dff4ec72b1df7f6c91f945036f3d966884955510,False,False,True,False
157,https://github.com/AnalogJ/lodestone-test-docs,207974c7953b0be3f8e73aac55c0c26887fcf42a,False,False,True,False
158,https://github.com/hvg2416/react-cli,edb3938a9d709bf0296b8dac195b23ece990ae43,False,False,True,False
159,https://github.com/LibrePhotos/librephotos,6d54b74a23eefb933fc73bf4004015930c01df32,False,False,True,False
160,https://github.com/amirgamil/apollo,c34d6d11efc4d049d199fa1ff1f6df15f1063e70,False,False,True,False
161,https://github.com/b3z/homebrew-small,e6196ed078b6b0d569922800edcb15eceb8775f1,False,False,True,False
162,https://github.com/mediv0/v-bucket,a70120b652c563398d248e3cf478fcf16718612b,False,False,True,False
163,https://github.com/Racle/Reddit2Ebook,e856e7f72624f600cc735b5148e3ea586b320819,False,False,True,False
164,https://github.com/MrSnix/TTL74181,b249103ba0e199364d04713e0191365c829fdad0,False,False,True,False
165,https://github.com/KrossyKey/krossykey,f0e1eb593b498577de032aa431409d1d94be3a02,False,False,True,False
166,https://github.com/wxFormBuilder/wxFormBuilder,c2ef7767ce64c2ac98dd088dc689dd7ad529aa8a,False,False,True,False
167,https://github.com/kingsteph23/Currency-Converter,67ee6c7407278df392c8174610764f0a81bb97d5,False,False,True,False
168,https://github.com/souvikinator/notion-to-md,8780009298fb8b3c08d40b04bef605d8e4df72d1,False,False,True,False
169,https://github.com/MitchellMarkGeorge/TabButler,6f3f290eb52f56b2bb960a27b103bcf77be50791,False,False,True,False
170,https://github.com/Linbreux/wikmd,e990b66d046c5fc587477f431cb45127388b333a,False,False,True,False
171,https://github.com/chiubeta/video_bookmarker,0b4be96792fece821e2297757589b6512718d578,False,False,True,False
172,https://github.com/dd3v/snippets.ninja,9ec5d4a2d999269e1f96a179f1e7ce7fa3ca829e,False,False,True,False
173,https://github.com/shamiul94/Subtitle-Synchronizer,bd5893cefb5bfb1b0cfaa2248f23db9be46e24d2,False,False,True,False
174,https://github.com/profullstack/upvotocracy-ui-ssr,d535f6e3a4744e3bf56e6054314daa0f645e3674,False,False,True,False
175,https://github.com/wileyyugioh/kissanime_dl,61d0b3c457f47d599338a673aff9ddce80a214c5,False,False,True,False
176,https://github.com/PhysicsUofRAUI/RecSportsApp,1b67602088b6271d5f6fee7d32ca6a9a560946a3,False,False,True,False
177,https://github.com/theterminalguy/floatcam,2410aeefc994d9edf8987b69e18b58da015d957c,False,False,True,False
178,https://github.com/kalyan427/Vaccine-Spotter,3873b229cd094de3f6364cdc3f9c12cb9edab54d,False,False,True,False
179,https://github.com/nickhir/pyfilemv,cb3581c3f1b805345eeaed508ed0283f754ed5b8,False,False,True,False
180,https://github.com/openshiporg/openfront,ERROR,True,False,True,False
181,https://github.com/varturas/PnlAITk,72a19f253d1abd4e35fb48da137bacd69b53f179,False,False,True,False
182,https://github.com/shubd-dev/Bank_app2,7d1ddeb3f95ac5eef35dc5fd98947ebf9fcb2883,False,False,True,False
183,https://github.com/carlosfrodrigues/silkscreen,dfd65e5a7ac9852419d7683112e28fa76bf09c33,False,False,True,False
184,https://github.com/dikhim/uselessclicker,b59697fbd06c9149de38153622dd88d6f8336ada,False,False,True,False
185,https://github.com/PabloLec/StarryLines,a54b24ec8b83910c009a77cabc725c5426e91062,False,False,True,False
186,https://github.com/Ademking/WebCmd,38bf9f8a14a878481c8f849bd9877bea6adfd125,False,False,True,False
187,https://github.com/abuuzayr/coronavirus-apps,523efe2c44e5eba9741a519853d11ed6f8a2946f,False,False,True,False
188,https://github.com/subins2000/p2pt,49c7d2898cf81cb6e8b203c6a9afe85c7c20b7b0,False,False,True,False
189,https://github.com/kha7iq/pingme,1fed68e69c3814097eeaeeb18aaee6fdc91cbe1e,False,False,True,False
190,https://github.com/oskar-codes/simple-canvas,3c0aa11874e16e5155762a8fddb48fe5a7dd30a2,False,False,True,False
191,https://github.com/devfake/years-to-read,cd112cbea6eb5c910f49c9dbd5f6a138d3ba2ea5,False,False,True,False
192,https://github.com/jweisbeck/Crossword,fee30d7676b59345599daf8b53bb0fbb9ca87a1d,False,False,True,False
193,https://github.com/bhavitvyamalik/DialogTag,15f3254fdfcfc960eb82ae86119a1a58fb4766b9,False,False,True,False
194,https://github.com/250/Steam-importer,082e201a0b70a030e31c86edbff4310a25541d24,False,False,True,False
195,https://github.com/nasimuddin01/portfolio-site-with-html-sass-and-js,4125f1e3a73624cc8b5ec2896897f3a9582bead5,False,False,True,False
196,https://github.com/denormaI/DesktopController,ERROR,True,False,True,False
197,https://github.com/starwiz-7/HackBot,aa8531244ffb92435ab160766c5cf6eba2d1aac3,False,False,True,False
198,https://github.com/msjaber/marked.cc,c5e0d254fe52f08e4b5c17fdb74d33747c790938,False,False,True,False
199,https://github.com/kokimame/joytan,ce1b5f0b5d9c5e19336b40861b83696683c3f22c,False,False,True,False
200,https://github.com/tsensei/spaceXtale,ace1680ea3ac2ef1f16b550ce86ecbf98a33cd54,False,False,True,False
201,https://github.com/radekxrandom/latin_dictionary_browser_extension,1dfed03b27e42d2280882e83564651695dc17c0b,False,False,True,False
202,https://github.com/gregordr/ImageStore,536bf429f77d6259b12e3add587b2bd5f1dacb0d,False,False,True,False
203,https://github.com/isaacrlevin/PresenceLight,39100e93721f396f900d80e4298036f986e086ac,False,False,True,False
204,https://github.com/krmax44/taggler,b74981c1b047b859bd49a7e1a73ae7596783424a,False,False,True,False
205,https://github.com/ansnoussi/CutCat,7d2c056f89a5b09007264b21fe2915a6b64e737a,False,False,True,False
206,https://github.com/alexpdp7/zqxjkcrud,b1dd05a7d5dd89378a42b26dc680a90768c90719,False,False,True,False
207,https://github.com/kenkpix/diabetes_risk_prediction,f052ebee1c01057af57754bee949f7f2eb841645,False,False,True,False
208,https://github.com/amirgamil/flora,1340a425979abefb54904a6f723f06e98bd952f5,False,False,True,False
209,https://github.com/AlexNabokikh/windows-playbook,51c448ae315c630de78fefb12fd41d632cd5d5b5,False,False,True,False
210,https://github.com/fayazara/fluenticons,025c912c347672b4d630d56fc82f11635a2ec88d,False,False,True,False
211,https://github.com/realdennis/vue-tarot,97b1c935a1070ee240d8f1bee4f66b0f16a0a4ea,False,False,True,False
212,https://github.com/hmshreyas7/dish-wish,0a9ec8e7d65bd68e79608eb9d4207139df11ac47,False,False,True,False
213,https://github.com/deepto98/semblance-game,b3b1885659cdc12e62ee7571b8ec0acca84fd0b6,False,False,True,False
214,https://github.com/endorama/2ami,27825ffb2fec2482696072de21d02a7aecbf2251,False,False,True,False
215,https://github.com/EvanBurbidge/git-glance,9275badd4be2ddc7943d2b2c01e2211562397b57,False,False,True,False
216,https://github.com/mcnaveen/Random-Words-API,233997c1b0d6e3c3c992a481a58ea3b2ebe0975f,False,False,True,False
217,https://github.com/alexkim205/g-desktop-suite,e9622884dfa7948cbc6a079c06d73e0b8544cf8c,False,False,True,False
218,https://github.com/cjdellomes/vibe-graph,88f5c84c086825bb56e5473491051d9c763e1a99,False,False,True,False
219,https://github.com/akashrchandran/Rayso-API,5593d01e777b5b422bec3d8ffad7181c0c66bdbe,False,False,True,False
220,https://github.com/navneetsharmaui/discover-twitter-spaces,504063ae0753946a695f7b64a0be1c5e8e31aa42,False,False,True,False
221,https://github.com/polarsteps-tracker/polarsteps-slack-bot,140595cef1edd837154b465f706059674878b88d,False,False,True,False
222,https://github.com/retro/writisan,c13801d222545b41ef6af3642225b9d8318f9a36,False,False,True,False
223,https://github.com/sandoche/Terminhack,fd6ba8277dab3d0c0680a80281be52746c47212d,False,False,True,False
224,https://github.com/mathjeff/ActivityRecommender,3f40e331342a03aa9fa6139e47f5109f0b63f563,False,False,True,False
225,https://github.com/spaceyour/dragerweb,e4a48d3b0917b44d0a83b2680a99728a75f840da,False,False,True,False
226,https://github.com/AI-Spawn/celeste-bot,1025e6daaf98c125382ac0f8b940f75cd6845e80,False,False,True,False
227,https://github.com/bennetdev/todolist,fce8aaa885b08cd7eefb74e413ea44f41546b3e4,False,False,True,False
228,https://github.com/warrenday/graphql-network-inspector,405de1679da2f12f68bb07f7cbd879b2b9491e1e,False,False,True,False
229,https://github.com/vadootvpeer/sdk-android,bfa932ab493ba069875f143e849f88d2925a3460,False,False,True,False
230,https://github.com/nik-suri/MyTruth,56d42f2720bff6691e6796455a4c327685446cc7,False,False,True,False
231,https://github.com/itays123/partydeck,d8f57de38c0e270b3525888a319a2b5b0333dd06,False,False,True,False
232,https://github.com/benharvie/AmaPrice-API,4c6c4adbaf6c7f4ffca5af19a96e34de2b93f658,False,False,True,False
233,https://github.com/novelCOVID/API,57e2373958de97cdc664500034268b73c127d88c,False,False,True,False
234,https://github.com/Pronoy999/VaccineAvailabilityNotifier,c191986be5908fe16fbecec4bc4c6e3479303d11,False,False,True,False
235,https://github.com/MoeinMavini/sema,219cd1c7e04a03422ebb41a982d936da3ba18e6c,False,False,True,False
236,https://github.com/ndelnano/recently-played-playlists-parser,a9be2462b8f3ed822ad4585c69e3ec22a832d045,False,False,True,False
237,https://github.com/slavcoder/timer,059cf5ba42d423b7f238c34a4e364937ec0cf6ef,False,False,True,False
238,https://github.com/m-kus/testex,dbc48712baaf3e2e09427e261616d98e6c686666,False,False,True,False
239,https://github.com/harttle/clipbrd-share,30352cc8d9613586138f21fa59483d41032735af,False,False,True,False
240,https://github.com/Nevin1901/nweather,f20c9e91aeee7ac20ae0765d8b51a5c44cd50b3d,False,False,True,False
241,https://github.com/mc51/Corona-Test-Comparison,e237a7138f0b1c8c293f2d388f5788bd95b72072,False,False,True,False
242,https://github.com/TanayB11/jadeocr,ab947c2f34efbcd3d45bda33b1f651236c297a32,False,False,True,False
243,https://github.com/rish-16/sight,d04db64a03a5c2808027246b23384ea2e474479c,False,False,True,False
244,https://github.com/apoclyps/reviews,664dacef45d14923c12b71c75fd23e3dfeb14e60,False,False,True,False
245,https://github.com/SSamps/giftlist-back,6553a0bc22458890a2fcf39e5638faebdc915600,False,False,True,False
246,https://github.com/joeattardi/tailstreamer,a95d785bfa4594661ecbb6287abcfc7baeb2d182,False,False,True,False
247,https://github.com/sam46/Agar.io-Clone,efda9287aa1bb417f6506c592354234775844230,False,False,True,False
248,https://github.com/minchanhan/Gym-Weight-Converter,844fb76f2b1670f60e1be0733340459c6e929573,False,False,True,False
249,https://github.com/carlortiz/Lakers-Turnovers-Tracker,968e1cf30e3a7630c09b9a02d6604b0e9da9e862,False,False,True,False
250,https://github.com/Dadangdut33/simple-wallpaper-changer,9f58b6fc4c7b980e7ede854ee9da19c1216a5886,False,False,True,False
251,https://github.com/qnkhuat/tstream,928b7cc203d0b8fe38c67ffffb42923e78d9465e,False,False,True,False
252,https://github.com/Docile-Alligator/Infinity-For-Reddit,4af9e3d1617845b4674dc2e52c467c4f811d9e1d,False,False,True,False
253,https://github.com/TheDevilOfJesters/CurseforgeParsing,f0a552ace9adbfdf80c5d702886dc558d1dec4ae,False,False,True,False
254,https://github.com/NitishGadangi/Privacy-Indicator-App,8e0db14b9188e2df26d2859dad99b6584fafac9a,False,False,True,False
255,https://github.com/jackdh/RasaTalk,757630b3ce9ba9e7ee827a6ff35b400158961e84,False,False,True,False
256,https://github.com/xxhomey19/nba-go,4d390c388d347bdf118093af97e67142765e9ec3,False,False,True,False
257,https://github.com/ckissi/responsive-html-email-templates,b0fceb4211d6525cd865d9149f6a2f460b2a8d97,False,False,True,False
258,https://github.com/ThewApp/vercel-shorturl-starter,92fc46d7677126868505dbb70a4073298892b548,False,False,True,False
259,https://github.com/severell/severell,9bc9b5d746997a757d8551369f6dc2b5806d3e01,False,False,True,False
260,https://github.com/DerYeger/noted,d9ef45c20f33d63a18dfd68f41ddc1dea594cb3b,False,False,True,False
261,https://github.com/NickyMateev/Line-Clipper,8ca7493ee8b85e3a8e5a698ee5367fb497e05165,False,False,True,False
262,https://github.com/twf-nikhila/Awesome-Black-Friday-Cyber-Monday-deals,c899a233efe02e3da0a6a2f6a05f199de8752aa1,False,False,True,False
263,https://github.com/LukasForst/katlib,366deec47685d8b19932aeb32c1d5ef4c771fd33,False,False,True,False
264,https://github.com/lukevella/rallly,ac55701890cd866ee946deb25e2b2839fb14900e,False,False,True,False
265,https://github.com/razvanilin/chartbrew,a20107a81ceaea326805dc2775d3545b43ef66e8,False,False,True,False
266,https://github.com/PabloLec/insta_newspaper,4149fe22c061e18493aa4e5b0b12c1e37a97728c,False,False,True,False
267,https://github.com/murfffi/zebra-apps,23e76f3b09337ad399b2f683c1a549b4738c324c,False,False,True,False
268,https://github.com/SimranjitKaurMaan/Notely#features,374be39dfc48e6054e2376cc819c79868228b309,False,False,True,False
269,https://github.com/napisani/photostore,d1ee649bbc5c53582757cccb3147b7eacfb2aba6,False,False,True,False
270,https://github.com/SnaKKo/Fossdroid-Core,6385c1f9d6dbcbdbc92a40655492ab0b58c30a61,False,False,True,False
271,https://github.com/jeyjeyemem/externalized-properties,7c160cca3feafcd14bf150ab0e3008b3e2b93968,False,False,True,False
272,https://github.com/mjamry/youtubeScrobbler#features,7422283c5e3176fe646d6269a8184f6cd59ff6a0,False,False,True,False
273,https://github.com/peasoupio/inv,6232a6f9a309324fd962e6217bdfb1fc8c92c7d6,False,False,True,False
274,https://github.com/edogab33/telegram-groups-crawler,7d7a6b9ba33f25e52505c9ed1a466544c5116fc8,False,False,True,False
275,https://github.com/okikio/bundle,0256fdae0fa769648ffaf45a53802e3ed6f26dd1,False,False,True,False
276,https://github.com/radekxrandom/soap-client,2331bd3cd16a8ed8f3dd95aec2ce93b05456e626,False,False,True,False
277,https://github.com/Johennes/mailto-me,3992dea33ba9ea7712cc70626fb53c8e1e87cb9f,False,False,True,False
278,https://github.com/theabbie/PopCritic,fc828793683b180a95e90a452907c50c038a4afd,False,False,True,False
279,https://github.com/AI-Spawn/Multiplayer-Game,9d88ee6e2c9aa444271d10258a4cbe59ddd9ada1,False,False,True,False
280,https://github.com/jctissier/Euro2016_TerminalApp,261c289585166532052a8c2aff658d5666c062e5,False,False,True,False
281,https://github.com/proustibat/d3js-ionic,da18be0cbef8c68e5a1a93a7cdb834ac06228598,False,False,True,False
282,https://github.com/phanix5/custom-reddit-feeds,0adb341b4cf3815e58121e277deb903f46052260,False,False,True,False
283,https://github.com/diamant3/chip-walo,272ec2e76cb3641bef012c711ff25d15b6f99663,False,False,True,False
284,https://github.com/rittikbasu/website,47648c7ea1e68204f6556956b0cf3c1b8b5fa66f,False,False,True,False
285,https://github.com/VincentJouanne/nest-clean-architecture-ddd-example,7fab9054dcc2d4116bdb1551a157408673979cb6,False,False,True,False
286,https://github.com/pranavpa8788/Rekey,e8fc6b6c9de037192e285abfff9b19a1562157ea,False,False,True,False
287,https://github.com/nfflow/redditflow,db7c75583d033aeea718ab6ac8b94e5e77247109,False,False,True,False
288,https://github.com/SiwonP/bob,3ffd5c19b202ad5d9588b241713661d23854a30c,False,False,True,False
289,https://github.com/lazaro92/CliWidget,5fef7b7957576fc4780cefbde685e9193550037b,False,False,True,False
290,https://github.com/damoeb/rss-proxy,e13e3bfc468bbe78eb2d65c060d227434c665720,False,False,True,False
291,https://github.com/rish-16/Angelfire,b4d0a5bae4f1c8ca6718f0cda7c5d2e861050384,False,False,True,False
292,https://github.com/KnowledgeCanvas/extensions,98e43f48813ccea8db02f8902c4fa584a4223d9e,False,False,True,False
293,https://github.com/SupunKavinda/CSS-Minifier-and-Unminifier-in-Javascript,aa313dc7a9bb40ee459be06fb58ed654db684c06,False,False,True,False
294,https://github.com/charlesportwoodii/CiiMS,c4a29e64b95164f7903b39d48ef660c087220095,False,False,True,False
295,https://github.com/mysigmail/card,b05abd22109b25d46b32c35fad75e642d96e347b,False,False,True,False
296,https://github.com/RuairiD/howsmytrack-web,4d51c8583ca87d49ccc82ef3f6c0e07bc31f95e4,False,False,True,False
297,https://github.com/Prabhav-R/bookGrab-chrome-extension,7f8f46f338b3c91cdec5942c64e7d6213b750bcc,False,False,True,False
298,https://github.com/AviKKi/Corona-Freebies-List,717b1f2500f9c2ef598b58540f1305ef4f59c373,False,False,True,False
299,https://github.com/toolbuddy/papoGen,987b6cb75efd446455a78ae97b21a162157fd311,False,False,True,False
300,https://github.com/TutsWiki/source,974eed6f1881840a1d0f17493adaff299a898dc4,False,False,True,False
301,https://github.com/xdpirate/GameSearchHelper,a51dc194a8c462ed3ac723e17996d4129fe1d760,False,False,True,False
302,https://github.com/tmarshall/soda,439eb6251624488157a0942c46dd4f500ef8960a,False,False,True,False
303,https://github.com/CSSEGISandData/COVID-19,74088b455beebbc7f93781466c8cdce25f02768b,False,False,True,False
304,https://github.com/disclave/disclave,9c0829d35f4d63281e55247217ded68d2d7e1aa0,False,False,True,False
305,https://github.com/joaoofreitas/run-on-commit,d518490bab1dfa6c55a8a1a9920e219a16016a96,False,False,True,False
306,https://github.com/dbanda/solana-nft-options#readme,429490f47715d4c014afc491d24d704b2a78c9a1,False,False,True,False
307,https://github.com/albemala/emoji-picker,077d1b968820fbf121dd45758edbde077774622d,False,False,True,False
308,https://github.com/MartijnOud/IMDb-Bot,b204c00b2a204d1aabe9e555316c896c6ce7aef0,False,False,True,False
309,https://github.com/prof18/Friends-Tournament,130f68aa4003ea25b070e7df2829ea037e5e8378,False,False,True,False
310,https://github.com/snek152/nextjs-utilities,0f06ab71f60f0a75c51dbfe631c8fbe57adce78a,False,False,True,False
311,https://github.com/jakerb/ImageTable,38a19fa74f34c848e4147f7aace8f07a2bdc7d86,False,False,True,False
312,https://github.com/metaphyze/gossl,469b9bf4ded0d5de986d747fc0783c53531e39a0,False,False,True,False
313,https://github.com/Bernardo-MG/docs-maven-skin,aaa2c2b4dbe29e9518c117474cfcf84f9840ca77,False,False,True,False
314,https://github.com/ninest/direct-contact,bb956ae0f05fa0d04f1d79961e3b6d1938043047,False,False,True,False
315,https://github.com/jackyzha0/portal,8d296831c8b5175b98e1a6fe0c6dfc1ea278c63f,False,False,True,False
316,https://github.com/rish-16/Metroplex,e02fb271430265a00e72f84e5205bda9b37cf7f7,False,False,True,False
317,https://github.com/kapydev/ezbackend-comparisons,85daedd3858cb9acab386bc632c2c5d132a0390f,False,False,True,False
318,https://github.com/burdy-io/burdy,c3ca6c71af916b9ca516195a52a70f28fab77331,False,False,True,False
319,https://github.com/LorenKociko/github-followers-tracker,a671528d6bab84e823fe43e4b2992e7edb277123,False,False,True,False
320,https://github.com/toolcool-org/toolcool-color-picker,dda3b4b92e6377ab724ee04fabed7aa011750e18,False,False,True,False
321,https://github.com/huytd/xaudio,f1f83aca9246502121e84234738277d1a6b43b7e,False,False,True,False
322,https://github.com/weeping-angel/crypto-medium-bot,8fe6f4698b19a2d943c82f6c7752ecce49af8030,False,False,True,False
323,https://github.com/culee/restaurant,30d5e09e20a320a703e3d47bb3b347b4afeaba01,False,False,True,False
324,https://github.com/stJudeWasHere/seonaut,ba5a9031db3f2f8b35221d5f123a22ab810f5f6f,False,False,True,False
325,https://github.com/fdemian/morpheus-scripts,767558562434ed1e8aa8f43e607fcf9e161fc7bb,False,False,True,False
326,https://github.com/devnico/th_rosenheim,e1e318085750c805ab1f5a1df3f09918a44610b5,False,False,True,False
327,https://github.com/vaibhavpras/youlaughyoulose,99c9722ec2fdd7dfbcb516e568a9d3a7aee367b4,False,False,True,False
328,https://github.com/hanilr/tff,5d2dfe1e206e7cc91ea4c50f94a2080332348718,False,False,True,False
329,https://github.com/avinashbot/redd#readme,3b1519a2d121efd18de59b935da6e652757eee90,False,False,True,False
330,https://github.com/gmpetrov/ultimate-saas-ts,2b987b958eb7f65d548c71719b167300a9c2d8c0,False,False,True,False
331,https://github.com/d10nets/dupi-lambda,8385768655eb3ecd59e4af677c63e2d8fa91f1f9,False,False,True,False
332,https://github.com/caspg/datamaps.co,b012cb83b4f95386467ae52b7a32d545f31f2545,False,False,True,False
333,https://github.com/jflessau/bs-bingo,e32c83305edc8cdcc6bce4fd9594d5db64fe096d,False,False,True,False
334,https://github.com/T1mmos/cards2.0,b523f9f13c24269dc1a37a119563a13680d82cef,False,False,True,False
335,https://github.com/elomarns/guessmoji,b3ee1ceac4ca7d5e3dc5cfc1c9a9bd55ab423571,False,False,True,False
336,https://github.com/ksdme/copyy,e4e11b653ad0f00c5168c0d3a559807a76b3552c,False,False,True,False
337,https://github.com/jonbrennecke/CaptionThis,77c3bd0b66413281e2b9e3b4b1f60eb18340b2b2,False,False,True,False
338,https://github.com/carllacan/ankimaker,343b11c204110fe5901b975694f76635afbd610b,False,False,True,False
339,https://github.com/akashrchandran/spotify-lyrics-api,55aaebd32712ab95d21de008c8ca47e16ddb77dc,False,False,True,False
340,https://github.com/billychan/tabs-later,c7740b3cdc90935122c35c1f516d6d9115d24c32,False,False,True,False
341,https://github.com/Phantas0s/ottosocial,b6a367b854a911888ed8521bdca175b341508a70,False,False,True,False
342,https://github.com/autonomauk/feedback,8fbc699d365fdd64682f9446d7423e9db46f205c,False,False,True,False
343,https://github.com/numbersprotocol/starling-capture,f70daa4869ec291f1ac1d1118bf019d66b397449,False,False,True,False
344,https://github.com/angry-coder-room/Spam-Classifier-ML,93d6189ae4ed451696ec5b746ef36ab6aa2b688e,False,False,True,False
345,https://github.com/sorxrob/poke95,f8132feb893eee0b413fe93eed8b3303ac72d338,False,False,True,False
346,https://github.com/OldSneerJaw/heroku-buildpack-borealis-pg-ssh,282c118d1afbdab168eb91b1a050314ea9934789,False,False,True,False
347,https://github.com/rohitpotato/spotify-unbiased-shuffle,c518bfd46f927ace4bec04ded5cc279c4bebfec2,False,False,True,False
348,https://github.com/tremorlabs/tremor,ERROR,True,False,True,False
349,https://github.com/AdamMYoung/Groupr,f056367a8aa8f1c74c99beaf65ee4fef723af687,False,False,True,False
350,https://github.com/simonfrey/matomo_circumvent_adblock,32ca352117155fc8ebf280e389990c365b9066e4,False,False,True,False
351,https://github.com/bnkc/morningbot,d3cf0d21ea6b337dc21f0b5534a727532c548c55,False,False,True,False
352,https://github.com/AI-Spawn/multiplayer-game-bot,10b36b76362d0e1d92dfecf9d74831328fe1350a,False,False,True,False
353,https://github.com/sorxrob/coderstats,bd4a52692e188f5d2d70dcb6dad1c954f0300dad,False,False,True,False
354,https://github.com/ramitmittal/mongraph,c1de5b6e8d38940a177877e8de3e6d43451f7fc3,False,False,True,False
355,https://github.com/aaronn44/msgr,a2ac0eb833f6db2fb7136729cceb31c3f2323899,False,False,True,False
356,https://github.com/acconrad/peergym,af613fa292203b57c586bbe6139827336311b31f,False,False,True,False
357,https://github.com/dbsentry/sshfp,f7e0a9ed883095304f8707211f7395e9591588fe,False,False,True,False
358,https://github.com/amirgamil/vibely,5790afd32b882d4a2bbc8c4927828a68020b60cd,False,False,True,False
359,https://github.com/uree/youtube-sampler,6c5001b12a06dea2b87f06aff86b2d5678c1b411,False,False,True,False
360,https://github.com/albemala/exabox-app,54bb7d3f75d52943d61037859c1a12dcdde8301d,False,False,True,False
361,https://github.com/HarowitzBlack/WeX,1edf6d1bcb025d6f0c654ffb36602b53ba6d713c,False,False,True,False
362,https://github.com/aivarasatk/BulkUninstaller,2b29f85d0c9fedcfecb5aa7714b1fd5d02ec722a,False,False,True,False
363,https://github.com/ayushpoddar/cricmenu,0aff782fd5735049f6bc5ad5657292883dca50f3,False,False,True,False
364,https://github.com/Peergos/example-apps,30aed3e121358e3af2465c87d80c24e60aabc995,False,False,True,False
365,https://github.com/atapas/react-play,acf475d441814008d3ed5e7facc16008fe27b260,False,False,True,False
366,https://github.com/DarthBenro008/pigil,ff03515a3dd9a1c6d898f47aa331e5b06a83ce6a,False,False,True,False
367,https://github.com/hakanu/pervane,14c61521bc18ddd929daaa1a5ee6488b32d51c08,False,False,True,False
368,https://github.com/AnalogJ/lodestone,a3f943bdd3b7f7036f535c5701f161796b53070d,False,False,True,False
369,https://github.com/AMEST/PeerMeeting,1de3a31a14486f2a48082724919df55f5f7417cb,False,False,True,False
370,https://github.com/dordchn/CoronaMarket,4cb787d90a059827e8a277bd3985ceda63ea74fb,False,False,True,False
371,https://github.com/wonism/explosion-maker,de17bf45d26d720ca3f9e5da1b673f4362db15ae,False,False,True,False
372,https://github.com/master-atul/mdview-nodegui,7d7b0aaa93392fc025c6a34400a875ef1bfcf0c5,False,False,True,False
373,https://github.com/sapristi-tool/sapristi,ce12fe7526614fbc5f52ace511a5ca3384561f89,False,False,True,False
374,https://github.com/certera-io/certera,578dc7a1a4d1da4094c3b0a97c644ef928fe1fc2,False,False,True,False
375,https://github.com/jdc-cunningham/webpad,66c6130e7271f3390876a4de71d865da340a9741,False,False,True,False
376,https://github.com/goforbg/wordle-answer-today,7b31219132e45a799a421b09d4cca66b6ae3b611,False,False,True,False
377,https://github.com/linkinmedo/ws-counter,92b938d4a8cfa3d5ae561044638ddfcc7305779a,False,False,True,False
378,https://github.com/cermatej/plsql-analysis,e6b16d623d881b33416e822a86b83ab475442464,False,False,True,False
379,https://github.com/rohitmadrileno15/cart-react-ecommerce,c5c0b5a3fa1e4dfc6c77d88d60e4f377ccbf7317,False,False,True,False
380,https://github.com/DomEscobar/SuSi-Mockup-Wireframe,8c05fef9d8123939fab81e041f0b8fa0eaab9611,False,False,True,False
381,https://github.com/siklosi/multiStart,0071d1a882e86cfcfebaf4ac1d11a9dad736dfd6,False,False,True,False
382,https://github.com/Testura/Testura.Mutation,3d389aa23fc2c5d0b306bfc1478a19f5be780a90,False,False,True,False
383,https://github.com/b3z/reventlou,8e9933b996cb228e5eed54aaeb25c3d61795b1c7,False,False,True,False
384,https://github.com/leodamasceno/ping2me,800b1d021b303c8830a6742f7478d0c66581365b,False,False,True,False
385,https://github.com/AI-Spawn/Auto-Lip-Sync,6a24176700aaf07e97c392c0b51ce88f1a01807e,False,False,True,False
386,https://github.com/RoyalEagle73/FollowIt-for-Reddit,4c636112c79f0a1cc8a95d436bd7a3045020e84c,False,False,True,False
387,https://github.com/ice-blaze/faq,dafff0bc6b253c65eb893271c144d55e22921f54,False,False,True,False
388,https://github.com/RapDv-com/rapdv-blog,c12295e1b024fd15830320ebfac8b2c84ede87b7,False,False,True,False
389,https://github.com/varchar-io/visit,a7e6ead74a9440ff5ccaf572e8ac6af3ee3efd46,False,False,True,False
390,https://github.com/TryShape/tryshape,6d7133b644dc174eaa19da2b5250896641020105,False,False,True,False
391,https://github.com/mjamry/youtubeScrobbler,7422283c5e3176fe646d6269a8184f6cd59ff6a0,False,False,True,False
392,https://github.com/jbh-cloud/spotify_sync,07e2906209010fef0cd70f6a19f84007cb55ee91,False,False,True,False
393,https://github.com/croma-app/croma-react,492cafe1e16220dddfd4ed35ef9e2776e42f07ee,False,False,True,False
394,https://github.com/prathik/fcm,a1cdda382d290d102c41bc0b0909f5b02cc44613,False,False,True,False
395,https://github.com/anish-shanbhag/minecraft-api,8d5d95a3dd06e42620e8f540d0084529d6c1ebc9,False,False,True,False
396,https://github.com/prinzpiuz/Stone-Paper-Scissor,b754a1b4cef35eef178840a710042b93686ba8bc,False,False,True,False
397,https://github.com/daspartho/dynamic-wallpaper,50e0bcf69f94a57c431a3de2388f66dba2a981b8,False,False,True,False
398,https://github.com/estruyf/vscode-front-matter,f67be9efb99e7419dbe88b6f35f21164e7c6cf2f,False,False,True,False
399,https://github.com/origranot/reduced.to,3359b0a9724c53a5ed059f2194084f18ca7e61b9,False,False,True,False
400,https://github.com/commundev/commun,fcd2fdf021fb46d0edd0444564eeb3722da0958c,False,False,True,False
401,https://github.com/cmurphy580/Netflix_Rotten_Tomatoes_Chrome_Extension,1359f7dd864ba9900c4e36ecaa24c7e98c1b2517,False,False,True,False
402,https://github.com/EstevaoCostaG3/AriaBusiness,171522dd70bad6a4075a38b46ea116024e215e8e,False,False,True,False
403,https://github.com/Rishabh-malhotraa/caucus,06ecee1971e047c41758fc237dd1eeed6a596ad6,False,False,True,False
404,https://github.com/ZachNagengast/fragmenter,c710a51f93d49c3e3b6cdc776991892af6c26201,False,False,True,False
405,https://github.com/cjsheets/gpm-to-spotify,207d314e016cd6ef2058287f44a8296838a82612,False,False,True,False
406,https://github.com/harishsg99/OreoML,ac7d48952c48e9455c78b3ed3a0c95a20d01352e,False,False,True,False
407,https://github.com/thearn/webcam-pulse-detector,234bed8e0ba81144e19b3148870fa929e7540b61,False,False,True,False
408,https://github.com/tedigc/imdbleep,aedb22f81ffd813af83e03f8982e3f9d8f31bb61,False,False,True,False
409,https://github.com/azc242/LinkedOut,c5796ecd007dc4886883b53082b6d3ccef1fedc4,False,False,True,False
410,https://github.com/elendee/emutab,2829c1b633e9df072fde8644971a922898b7891c,False,False,True,False
411,https://github.com/ciur/papermerge,3540f0424070a9839ac078a59195cb87d88f957d,False,False,True,False
412,https://github.com/kyleperik/termfun,4e38f19df0eaa92f818a7965b2802aaeb4b1f753,False,False,True,False
413,https://github.com/knmn2000/MuskAPI,3105280493ed3cb5e0dc8519c90b821ee7944581,False,False,True,False
414,https://github.com/reactrewind/react-rewind,784cd0174ff62b4bfcc82b67110019673e75d376,False,False,True,False
415,https://github.com/Mhdi-kr/text2tree,5bf9220c35ccd0928547db8afe9dd55da6d407ca,False,False,True,False
416,https://github.com/ashishBharadwaj/flawesome,731d4caf9a00754d39c150e1af457c787f8dee4b,False,False,True,False
417,https://github.com/btahir/notion-capture,d56badf793c16eefe3bd5cae8d14c60650b9b0e5,False,False,True,False
418,https://github.com/KnowledgeCanvas/knowledge-canvas,fce5e4841e7e946230ae47e2a7bbf31de7f6c6de,False,False,True,False
419,https://github.com/truj/midica,e06cadcb41eeb533a8a797a4038055e32a450380,False,False,True,False
420,https://github.com/dstotijn/ct-diag-server,121769dac7a6971d7da664964f072af956273763,False,False,True,False
421,https://github.com/rish-16/gpt2client,3f5c3ff0feb4b65ff17cf2d889d7c28615186f89,False,False,True,False
422,https://github.com/AI-Spawn/ssbm-bot,ca90d32dbeeec834fe8e904d8be8ad0f7bddd1a5,False,False,True,False
423,https://github.com/diamant3/LBP,0f444344ebd46656d1f7814a68ff7152757498e3,False,False,True,False
424,https://github.com/PayRequest/Amazon-SES-Directadmin-Hook,ee85f112826fcfea8fb8c3c58035dc9f574713cd,False,False,True,False
425,https://github.com/thephilomaths/sendight-frontend,cee83825eaa543ddf056a18aa11d2a3fa7841b68,False,False,True,False
426,https://github.com/AlexGascon/MalTiempoBot,902db6bb2ea4e652003aeebfddc375105557fe5a,False,False,True,False
427,https://github.com/albeniskerqeli10/react-social-network-v1,b1b18421d0398dd533991162f7694edbb56b95f9,False,False,True,False
428,https://github.com/progressively-crew/progressively,1814ff7d87818cf32a0fbce9a5f3a99034542ac9,False,False,True,False
429,https://github.com/xxhomey19/infinite-array,09bfc1e8061f8da583c2973c6ac49c46b1df5983,False,False,True,False
430,https://github.com/jeverd/lecture-experience,b23c323972b2f7d0d63c8f861f38afd19495fdb8,False,False,True,False
431,https://github.com/krishnan-tech/typing-automation,a5517b845e3f8b6e658876fc3cf7348f0ca9dcde,False,False,True,False
432,https://github.com/michaelcukier/Poker-Hand-Tracker,9adae42fab9f640e6939ba06bd588ab1a2feb90f,False,False,True,False
433,https://github.com/Krisseck/Hashtag-Wall-Server,3c4251921421ef9efbfa4209f115b30d88df7add,False,False,True,False
434,https://github.com/nemanjadragun92/nuxt-tw,dff70afdc2506bb42d068dadb67bc8c5da1ad7eb,False,False,True,False
435,https://github.com/beekeeper-studio/beekeeper-studio,7a6db4bcaf6a8fb289f3a05b178a62bcee95fe66,False,False,True,False
436,https://github.com/aberforthQ/puppeteer-split-test,d7e49b1ef0c61bbabb2c2c160c898eb58187471a,False,False,True,False
437,https://github.com/mkfeuhrer/acrons,8ff73dd69a8468c67064289fe8c3a5a560450fb2,False,False,True,False
438,https://github.com/AJAYK-01/Reactube,e61e67729b529990a50e0eb54a7fb203ac038427,False,False,True,False
439,https://github.com/Animatea/tense,2d03eb531882d944cfac346e73d1b608b8f96b3e,False,False,True,False
440,https://github.com/DerYeger/apollo-backend,0557cfae1e84112626c1a40d317a300bc654fa71,False,False,True,False
441,https://github.com/triton11/ChessTier,321256516f9a0f42990ffc23fe9e199e96446280,False,False,True,False
442,https://github.com/jasonwalsh/punk,f664ad3e26d93428e334b51bde736ac285409d68,False,False,True,False
443,https://github.com/kingsteph23/Motivation-Nation-,ed3b46026587b0616465310b4eb49e6c6299fb86,False,False,True,False
444,https://github.com/fdemian/morpheus-api,b27efed37ae4b50ca512d9a3e144a4788fe75a9a,False,False,True,False
445,https://github.com/Mini-Sylar/Anime-Info-Platform,dcce75d06ee1bba025e42976edd4750c25df9729,False,False,True,False
446,https://github.com/salfatigroup/nopeus,2c571f222a8cb7934bc6e20f609117559d1d11dc,False,False,True,False
447,https://github.com/AviKKi/The-Dragon-Book,5aaccca0365cb761a8bb06e5b50fbef018a88ed9,False,False,True,False
448,https://github.com/clowre/docserver,44dee443545c406feb7a72d1acf994a32c8d7703,False,False,True,False
449,https://github.com/tellmolly/tellmolly.com,a3e9af459e000cf3ecdff6e1096c965a29918bb2,False,False,True,False
450,https://github.com/boatengyeboah/WashYourHands,aea7ea66f8e529cc5d8bf96ea1472c6781a8414d,False,False,True,False
451,https://github.com/kaustubh03/supscroll,0abe7afc6e41710d0f330a8e998b1ce04f9410aa,False,False,True,False
452,https://github.com/RuairiD/howsmytrack-api,e23634f3217cc145d808e9effa686db087f0319d,False,False,True,False
453,https://github.com/chandru89new/hideMediumBars,c028ce6c3126aa8c5550b83f4ff2c16fc1dd7ce4,False,False,True,False
454,https://github.com/zergov/flashcards,4d1b1c277585b95517ed6c00ceff7555c8c131eb,False,False,True,False
455,https://github.com/michael-langaman/fntsylu,fe03ce3e04636611a009661561757df834e19f75,False,False,True,False
456,https://github.com/Netchicken/reactDadJokes,6ff1ddaf4174774914893156f84a4405945b808b,False,False,True,False
457,https://github.com/antonreshetov/massCode,3c51c2b7fd0c4cf08fbe60e4384bd8cd74154830,False,False,True,False
458,https://github.com/ChrisStayte/Bachup,27522c0b72fb59b97f0b998badaf0d350db483b6,False,False,True,False
459,https://github.com/PabloLec/recoverpy,aea270e38d17d7234bc1f913bb2a6a2973bf9a01,False,False,True,False
460,https://github.com/geckogecko/jumpstar,c2b2aa6329ef27fd976b74ba81c8a08ef42ae291,False,False,True,False
461,https://github.com/mile95/csgo_cli,a7a2b78bb1deae5435ce30595779b1605cfec187,False,False,True,False
462,https://github.com/milosv1/Python_Storage_Tracker,3c76a9ee48545ab5b530fc8e05358dec8379312e,False,False,True,False
463,https://github.com/ahmed-debbech/emojini,afcb9110d8d688784d0f825c91fe70d6a16b6a38,False,False,True,False
464,https://github.com/SantosDylan/angular-crud,7865409afdba08753e6951271143f84ab0bda69b,False,False,True,False
465,https://github.com/anhtumai/roomie-frontend,fb2517e8e91f9b837f5bcb5e2eacfb985bfd131f,False,False,True,False
466,https://github.com/AI-Spawn/Ecosystem-Simulation,51a5ca8a75c16b41385e393df482a6c13e904a6b,False,False,True,False
467,https://github.com/SuPythony/Github-Stars-Extension,cc043caba23645317a62dfd32f520704112933c0,False,False,True,False
468,https://github.com/theycallmemac/larder,9f7a05c8d2ef2d345c12c763e858f3fe324a4765,False,False,True,False
469,https://github.com/2018kguo/RobinhoodBot,f05c4b7b806aa59281b3c02fd80c86a37d1c4943,False,False,True,False
470,https://github.com/ollar/cheevies,4d33b28ec88376fea1157fa22553eb3136d0b325,False,False,True,False
471,https://github.com/ivanshen/SpotiKeys,6a801df0ca58c1bc630aa0cdb8622898dbb7b0b2,False,False,True,False
472,https://github.com/namuan/http-rider,b7020ce49aec24d730a211ac618488571d918845,False,False,True,False
473,https://github.com/tk-ni/Vssm,efcd69e50c3076222d7a23c6e1bf82f20be37cc5,False,False,True,False
474,https://github.com/jkhan-007/contextually-app-osx,3784dfc40fcefe02584180f6491eb2648262d9e9,False,False,True,False
475,https://github.com/mathcoll/t6,8c5e94a1553994416daf9c82c81477ed337332d6,False,False,True,False
476,https://github.com/danobot/notorious,1ab44ef95220bd97af29a18765797d3c00304db7,False,False,True,False
477,https://github.com/prof18/Secure-QR-Reader,fc66e1f4d56a8a53c133cd5a015258e2d9f3f052,False,False,True,False
478,https://github.com/CT83/Hemuer-AI-Expression-Detector,e15920eef89e4d65269e2a5d3834f7cde1ed3a08,False,False,True,False
479,https://github.com/ajaxtown/webpack-stats-progress,b7a5e0b490d8f52783ef446701451874ae1e78a7,False,False,True,False
480,https://github.com/fonoster/routr,1c08d04c570d1fa156729a8f61e43c3c51b68f96,False,False,True,False
481,https://github.com/martinblampied/breatherbar_macos,3a34ae201dc97b9e419c154a2cb99b70cbde64d7,False,False,True,False
482,https://github.com/caronc/apprise,6fb8fbab1974fe424025a3f1b99532d5339e3ce0,False,False,True,False
483,https://github.com/jason-shepherd/programming_timelapse,945f042206255044d2d9830d0f7dfe341f4b9195,False,False,True,False
484,https://github.com/DeskX11/DeskX,d1bb3c5c57b69dceab9eab72834de05fc68bb4c7,False,False,True,False
485,https://github.com/AnishDe12020/notiger,0b63aecc7150d972bb19c9ddd3ba65e971f52210,False,False,True,False
486,https://github.com/arbindo/mimock,0f727b8758e838bdf2dcb971f38369fe36808228,False,False,True,False
487,https://github.com/rajatkulkarni95/hckrnws,748e8d952eede61bce7403f04c75544edf251218,False,False,True,False
488,https://github.com/jjcard/JLenPEG,2a1911573ddfd460ee1c48e27acc5f8052d822b8,False,False,True,False
489,https://github.com/janet-lang/janet,0824f45e29063aaf83c3f7fed7892d1b8a4b8865,False,False,True,False
490,https://github.com/EmmaPoliakova/WebRTCSmartphoneController,12d8205069b3f551ae846d4388343be81d71de5a,False,False,True,False
491,https://github.com/fluoroom/papirus-folders-cycle,5bbd51d1dbfbec9ec8523ee286c7dd925c88bd0d,False,False,True,False
492,https://github.com/llu13701/sms_analysis,ae9ea9b250c082d406d5f9cc89f9a58cbbd129e5,False,False,True,False
493,https://github.com/Moosync/Moosync,ERROR,True,False,True,False
494,https://github.com/Abdelmalek123-Ennani/Convert-speech-to-text,53da60b381be7fe4686efbc839241c1727e337b0,False,False,True,False
495,https://github.com/lillian-lemmer/hypatia,7f712491b818f0f03b285b265dd1127388bcb30d,False,False,True,False
496,https://github.com/palerdot/wordl,0969f7c10e2b901b3b41c519c5e8ea67e2f44afc,False,False,True,False
497,https://github.com/dwkoss/botwhatabot,b0ca76a8d761ca2b4caaf3dce8a19e5858c919b0,False,False,True,False
498,https://github.com/zacanger/some.audio,a1f17e7601a3923c682b2b890d22082bce708137,False,False,True,False
499,https://github.com/samuelOsborne/Lottie-interactive,93bb8bb7a2d0f393d1acb02799ba22b19f800744,False,False,True,False
500,https://github.com/kholland950/solarsystemjs,1c300b280e101f93a5cc4fce927094a05316edc1,False,False,True,False
501,https://github.com/ionmosincat/wheretostream,af3d0e545a9215bd6cdc22a392276e81cc646b24,False,False,True,False
502,https://github.com/EmmaPoliakova/WebRTCSmartphoneController?fbclid=IwAR2f0R_z8uMHrlf93t3i26XNvBcalh6RxCF9W2yt15kWZ2pnWTth9WhQwxY,12d8205069b3f551ae846d4388343be81d71de5a,False,False,True,False
503,https://github.com/atapas/next-starter-revue-tailwind,1d61a8247f049fd5aabf1efa44c6f682018b6836,False,False,True,False
504,https://github.com/nhevia/xmarket,9f3c4388cc5b301fe82c1920f4f8c7c58e54c311,False,False,True,False
505,https://github.com/schlumpfling42/nnsfw,2affe5c58be6c9d4fc0e947e5c82600c28dc9990,False,False,True,False
506,https://github.com/ripexz/logpasta,3d9672f470fe7b5873748fd8e750bd51741d8c4d,False,False,True,False
507,https://github.com/is-really-cool/register,192de2a9bbc90f1a87c98ca4e368e92f901134fd,False,False,True,False
508,https://github.com/das-jishu/cloakspace,a08806ed1a739c29195f7f54bffb76e3958fba92,False,False,True,False
509,https://github.com/CA326/BittorrentVisualizer,ec58b8f3eb87ccbd1fcc5c7fcf350e2f8150872a,False,False,True,False
510,https://github.com/chr33z/py-spotify-setlist-generator,78de16e0c50470707124adcc215873bd0e0defc6,False,False,True,False
511,https://github.com/drakewill-CRL/PraxisMapper,31d22e0fb32a278c23b7953c5095b7f93a6aa9a5,False,False,True,False
512,https://github.com/why-not-try-calmer/feedfarer2,15d9bbc0551894a1d3d04cd4711e4e956d213554,False,False,True,False
513,https://github.com/MichaelWarmbier/Console-Minesweeper,4ba29fbd6ca15feb9ba56638c0aa16cd73c994a8,False,False,True,False
514,https://github.com/stevenxie/begone,1b627dff4656c24e22a215a738dfa154e6a11e0a,False,False,True,False
515,https://github.com/jackyzha0/nanoDB,fed4e369e8339f502dbe04ca6c7228116c2b029f,False,False,True,False
516,https://github.com/cinarmert/doclogs,ef3b553447f622ad98f632400c47d2eb4c6a882d,False,False,True,False
517,https://github.com/y0c/react-datepicker,17696fdf671a824d0b040617c62adabc2fcc50fa,False,False,True,False
518,https://github.com/sansyrox/robyn,cc21a3ab8fa6584d623fb76b7546a1cb7157f7d5,False,False,True,False
519,https://github.com/ihajhasa/SpotiDude-TelegramBot,72f68a0e439c958b33fca42d02ac4fb08d262ec4,False,False,True,False
520,https://github.com/PollsAPI/yo-polls,04a742dc76f15872b07b66a51435b47d3587837d,False,False,True,False
521,https://github.com/RAJAGOPALAN-GANGADHARAN/JS-OS,ac64ce70f7c6be457671a46a0e1b21490819fe7a,False,False,True,False
522,https://github.com/illacloud/illa-builder,14d4655c2bb30e3de8b5e074e0f50837b254a6a7,False,False,True,False
523,https://github.com/calganaygun/MDcat,31caeaf062c45c551015562a516102917459aa7b,False,False,True,False
524,https://github.com/RonenNess/ShackDB,da730743ae80396003592edbb2b5d598563139a2,False,False,True,False
525,https://github.com/beganovich/capsule,bbfe4d2799cfb8a69671fe2ebdfbd8567336142b,False,False,True,False
526,https://github.com/abhijithneilabraham/Covid-QA,d5d4d10544f4191d5e50b0c425f7d0306235322b,False,False,True,False
527,https://github.com/prashanthselvam/crazychess,dd3d8e1cc6bfea7f34e645dbe459f191ff60d841,False,False,True,False
528,https://github.com/bestreddit/bestreddithub.io,ERROR,True,False,True,False
529,https://github.com/Sound932/Chit-Chat,fcedecd3deb5de0e4defdfe674dc782b38952997,False,False,True,False
530,https://github.com/ThewApp/vercel-shorturl,1698e6d0702c10c1e32fa96cf5ac0002d0d4b863,False,False,True,False
531,https://github.com/sakkshm/MemeBot,0715f3823379c50950525966372d3e1c00d35c54,False,False,True,False
532,https://github.com/OlivierGaland/CashFactory,161210faafcb5950f6764350898713a7bd818904,False,False,True,False
533,https://github.com/AMEST/Heimdallr,abba7b8e85dd0855500a0643db7fa2b9a55a38ed,False,False,True,False
534,https://github.com/gspatace/json-schema-podo-generator,6603443e0887e83554cd411ee41d90e0ca389f26,False,False,True,False
535,https://github.com/ozzs/monobox,a9c0e8826bc456a1bea2ab760093b22e7e01d33d,False,False,True,False
536,https://github.com/mezod/awesome-indie,ff6cc2895c4a4ece865987219cd6f71daba3a505,False,False,True,False
537,https://github.com/yaat-project/yaat,417d4553aafccdc02eb913a57a566899544ac830,False,False,True,False
538,https://github.com/viveknathani/maketest,3eeca8d602b9446384e287a9787ca2d6db369225,False,False,True,False
539,https://github.com/aschmelyun/use-the-keyboard,36ff76b3dd8c017e31ac9f19cbdd874f3320a15b,False,False,True,False
540,https://github.com/SimranjitKaurMaan/Artly#live-demo,c62fd957addd8bd9fc62522003a0b2e9a7795d5f,False,False,True,False
541,https://github.com/tchambon/DeepGuru,9d85db08f204d48d6fbdef18bcda634e7944e46a,False,False,True,False
542,https://github.com/kamalkishor1991/croma,0c0ffa0caa3f09233e92ae4c16091baa7d2b03da,False,False,True,False
543,https://github.com/iamOgunyinka/Ornamite,26871b263c0fcd2696d7ccb07740eb767eaa76d8,False,False,True,False
544,https://github.com/eduardosasso/bullish,50fe6a0d6a77227d808db7669c624ab041acb51a,False,False,True,False
545,https://github.com/QasimWani/LeetHub,8b7e560d91fa5490f181fb5aa70e3964a87904db,False,False,True,False
546,https://github.com/openlowcode/Open-Lowcode,37ef32051283b93624218908576694c682e259d4,False,False,True,False
547,https://github.com/khalifaali/gdtree,ed5389d8cbc1545c416246a5832057e4243cc49e,False,False,True,False
548,https://github.com/anorman728/LostArt,15d966af294615973258a75f4d7686f78b57d88a,False,False,True,False
549,https://github.com/HACKERALERT/Picocrypt,09770a3c10de5c97a31ee475bddf273eb9daaf6d,False,False,True,False
550,https://github.com/MomentCaptureInc/ProgrammableThoughts,b66c2e8ef8be864a6a83871f114eaa43f316c622,False,False,True,False
551,https://github.com/openshiporg/opensupport,ERROR,True,False,True,False
552,https://github.com/jonathancai11/react-landing-page,51a69da0615f63f6ffe27d46472a3ec6f5b308a2,False,False,True,False
553,https://github.com/samisnotinsane/hackernews-client,c1c6e7791c366a7df0dbec544e18104bccfa93c8,False,False,True,False
554,https://github.com/AviKKi/unnwhiteboard,7d8510eaedaf8644bfb68c90bb7a0259d295bd9f,False,False,True,False
555,https://github.com/hackertron/getignore,9d8dce0cddb0cc629acd0155b9928e536c7bf34a,False,False,True,False
556,https://github.com/jorisschellekens/ptext-release,397f0463bca6c7c99f00ae667aa212c3cd1a06f7,False,False,True,False
557,https://github.com/justinwlin/Caffeinate-Server,fc1f7dc143883cb6d41922cf63bc2d3f47e1105b,False,False,True,False
558,https://github.com/ayoubeddafali/docker-selenium-bootstrap,fd46fb05d33b95ded307f5c1eb23bf26c0ab3bf8,False,False,True,False
559,https://github.com/QasimWani/UPS,31f8ddd401e6cb998a34553f34ef50f434fec91c,False,False,True,False
560,https://github.com/lbaldy/flipper-plugin-async-storage-advanced,bea69c4ca81d0cdb4ca2a58ef723c807e47e11d3,False,False,True,False
561,https://github.com/faisalsayed10/carbon-slack,0e93ab411262f96aa5e6f18ef8d4a73a4db3bc08,False,False,True,False
562,https://github.com/marcojrfurtado/bookweave,e60cf3ef4808daa54ee2623c98587a61dbdfd886,False,False,True,False
563,https://github.com/formiga-tecnologia/Lavine,f217806f1d05eec5796890fa79a7aefd19f301e8,False,False,True,False
564,https://github.com/GDGVIT/Priority-Msg-Bot,35c82e5578a8617367bde6f096981f012d40a74f,False,False,True,False
565,https://github.com/evandwight/modernexcel,01994128f3880de4cb05c1d28b1a54ab1f74b899,False,False,True,False
566,https://github.com/raghavyuva/LucaMail,e083e00b3d8975a10559840cd6a04bd6ff3eaaac,False,False,True,False
567,https://github.com/techboy-coder/mmdl,5286b336638d73a48d094ba6509fd5ab17e65ece,False,False,True,False
568,https://github.com/AmruthPillai/fireup-cli,9461f4c7bb13193bca88531884ed24cd85ec1bd5,False,False,True,False
569,https://github.com/jdc-cunningham/3-positives,ba0f6058aa12a811aeb9c7c5f49d0add60f41350,False,False,True,False
570,https://github.com/galalen/grest,07c61be54e3681d09b0dd0e465d62abaa7d3f991,False,False,True,False
571,https://github.com/hectorgarcia07/FEM-To-Do,af0b3e74113104c9157da601ecc89e06908643d1,False,False,True,False
572,https://github.com/carlelieser/Flixerr,19d827008b464e52448a24d155bd84e36b5718a0,False,False,True,False
573,https://github.com/cbrand/ir-remote-frontend,4eb75fb01b9a4400027e61c8837e833138e9d54a,False,False,True,False
574,https://github.com/boone-software/stripe-webhooks,4d835c5411b8913daec94ac5b052d559964ff28d,False,False,True,False
575,https://github.com/arye321/yt_sort,2cc27097cec5d4f9af52e68b777412bf131ffa93,False,False,True,False
576,https://github.com/xojoc/randomwebsitebot,8f78dde47ac2263d199f3abe41887ca5c201dd24,False,False,True,False
577,https://github.com/Phantas0s/devdash,3c27923f544e8b9f015cf26031ff46e53467ffe6,False,False,True,False
578,https://github.com/AnunaySharma2/contestsatvit,3998e75bf107c61e18bd3f79add2b6fc8c65027c,False,False,True,False
579,https://github.com/amirgamil/lispy,616e656a331410e8983f7c2e0a46fb8a566da0e9,False,False,True,False
580,https://github.com/GorvGoyl/Shortcut-Menu-Bar-VSCode-Extension,bdf7590a8ecc3a8b741b2a7bbb2a3909e0237748,False,False,True,False
581,https://github.com/nck974/interactive-expenses-report,d5e5a3525b064717338e5319b5e8920ea3733a07,False,False,True,False
582,https://github.com/studiosi/stumge,185d225650d92663b2bace94f60790a42ceedeb1,False,False,True,False
583,https://github.com/DandyDev/slack-machine,7e2d05514de7dc497ca993a64ca60c5b8207731c,False,False,True,False
584,https://github.com/pcm-dpc/COVID-19,833dd35fda5cd6941fd5f06a7cc31caed1b3592e,False,False,True,False
585,https://github.com/Labs64/GuideChimp,8f6c8b5e2d7a579a28a33ed265373c9ec617d567,False,False,True,False
586,https://github.com/CT83/The-Overly-Complicated-Random-Number-Generator,0efa3561c8a3c6a88fc9b626eb770bff9963d348,False,False,True,False
587,https://github.com/dasveloper/Hitcount.app,58ebb96005abd09a1f4a6777ecfa31d68d9f13d1,False,False,True,False
588,https://github.com/Nuqlear/genkstaleague,b20776ba6ec9338a8307269c7ac275e93ce88938,False,False,True,False
589,https://github.com/gazzwi86/blokit,13fa9cda2c2a64efe3c71dd270b770bb218064fc,False,False,True,False
590,https://github.com/alexpovel/ancv,3a233e68309c3db4d3f34282de720641d29dc5f9,False,False,True,False
591,https://github.com/aschmelyun/listpal,ef178fa9ff03f4588f8f98e7c21782dc6674c3df,False,False,True,False
592,https://github.com/vssudarshan-projects/webnovel-downloader,8243a3cbf021139656a43f70b94c0ad41abe43e1,False,False,True,False
593,https://github.com/anorman728/vimsyntax,5642dc600df4c325d694197acac89c0dd1cd6147,False,False,True,False
594,https://github.com/iamOgunyinka/OrnamiteMobile,a41d15cceb63040c719feef8a339a3d1a1ed91c3,False,False,True,False
595,https://github.com/gradejs/gradejs,ceca9c9db1f0f0b6e095ebce0c93f44748c3839e,False,False,True,False
596,https://github.com/DerYeger/d3-graph-controller,2adeb461b70f233347b2b24a86a52fe4eb2f6f7a,False,False,True,False
597,https://github.com/maithilish/scoopi,3476a93ab0fecd7c373018f70780605817e20336,False,False,True,False
598,https://github.com/iArunava/Python-TheNoTheoryGuide,ceb581c6ba10625b3f50a8d6e7160135c381a4f8,False,False,True,False
599,https://github.com/ebwinters/CoronaTracker,8359d74cf292ea242f205a9550f50d337955cf72,False,False,True,False
600,https://github.com/NannyML/nannyml,a6ba46609e1b6cfef7370e2e1ae6e9fb41608715,False,False,True,False
601,https://github.com/chilllab/react-nice-avatar,c1db8e83b10a4ea54fa6b988b7a1317e6cf4e864,False,False,True,False
602,https://github.com/rlindskog/covid19-graphql,fc7f4f72ee2562ecf757f53c85a0884c5b986537,False,False,True,False
603,https://github.com/salihozdemir/stackoverflow-clone,d282ccda33b132be768ae38347cc2818743b1af6,False,False,True,False
604,https://github.com/JanoPL/Routeslist,b83fc47de5dbe9f641dee1265be490b0c7c3cad7,False,False,True,False
605,https://github.com/arabold/react-native-whirlwind,66d4431ebfd9b51becfd572c8b62678261b58e59,False,False,True,False
606,https://github.com/ananyalohani/teams,bd9be706f0c83e12d9b7c3ddf9197268184831bd,False,False,True,False
607,https://github.com/AJAYK-01/Anti-Nitro-Spam-Helper,b7742f8cfe5cccda3782cca9998a05d9d1ef8820,False,False,True,False
608,https://github.com/Silind/twitter-api-client,dcb3ae36d05de7bc5319d4bea388f43a8c034daa,False,False,True,False
609,https://github.com/GhostWrench/pqm,35342abcaec045002bf3670b89784db67b6e9686,False,False,True,False
610,https://github.com/japiirainen/fp,a5cbc10c82b5d111596e2782df33ca46bf5f1d10,False,False,True,False
611,https://github.com/cedricium/riddler,b8b2ab5bb6e7cc4c8f640ae657d7d47484595427,False,False,True,False
612,https://github.com/Kerooker/rpg-npc-generator,b79be046d1dfe67d6aa3b26cda9999852d1a79c7,False,False,True,False
613,https://github.com/nuxxapp/nuxx,a0390526216e3fc46bb82180d87998d3a62635f9,False,False,True,False
614,https://github.com/domino14/liwords,437c427ae9a26fbdd1d4d2f5d0d75fdfb160fcdc,False,False,True,False
615,https://github.com/counterbeing/riddlesticks,69b2dd2157636306e0aba36f136602f76b783c03,False,False,True,False
616,https://github.com/jacobhjustice/PiFrame,7394dc14d0d74c69fea5a58f588b2cdf52a31f47,False,False,True,False
617,https://github.com/a-chris/medium-no-thanks,03445af1a6d8f9e0468301c18418bae445f7b5d9,False,False,True,False
618,https://github.com/gigobooks/gigobooks,da436f5678697ae03bc57da1455e52a13e67a481,False,False,True,False
619,https://github.com/johnyrose/reddit-news,db325cfdc509c40c4b97b937198d9355b478fdf8,False,False,True,False
620,https://github.com/chemiadel/mining-hardware-calculator,342e6589de63a21aae71e18be8bafed49869090b,False,False,True,False
621,https://github.com/yodigi7/quiplash,039e83a59647af02e76974bc08cf2cc1e8a0f127,False,False,True,False
622,https://github.com/clupasq/word-mastermind,9478dbd3e6509e3f30675982a680ab1c5a71bc4c,False,False,True,False
623,https://github.com/stfurkan/gez,228168ee4333d088af5658163f964eee859a339b,False,False,True,False
624,https://github.com/boltex/leointeg#readme,cfed893353358c7c36384df2ea66e9535f60ff98,False,False,True,False
625,https://github.com/cedricium/medium-bookmarklets,e52df0569a24438ded4fddaa7e55b00220d88a82,False,False,True,False
626,https://github.com/RocktimSaikia/github-card,6e72ed0347377e83cc3b9a51f314d59e6749260e,False,False,True,False
627,https://github.com/halfmoonui/halfmoon,92aa9c4579776636893a952c0da0f7e1fd51ef1d,False,False,True,False
628,https://github.com/varungujarathi9/Hashnode-App,4ecc686f96c42b699c8a79b92bcb05e1621edc2a,False,False,True,False
629,https://github.com/aschmelyun/passhints,9bc12c3a6eb433233570d53260bd36f7e9584ace,False,False,True,False
630,https://github.com/tesar-tech/zodoc,4fabddf18a33e27889a93801efb333378f76b065,False,False,True,False
631,https://github.com/Adam-Jimenez/auddit,619052f358439c4b6d578cbc5fbdae2961bb9e16,False,False,True,False
632,https://github.com/rudderlabs/rudder-server,5e8f73dd021206deff10629f4cae6e0c1965d80f,False,False,True,False
633,https://github.com/AbhinavS96/Pinterest-image-download-chrome-extension,f259fa5111902bfb6449e4963b1ed6eab845a24e,False,False,True,False
634,https://github.com/plainlab/plainmerge,43d9bbcfb15797ccf0166c6216ee888e0aefd583,False,False,True,False
635,https://github.com/Deniskviatkovskij/filmsync,c6826115df951f5913886c26e8d1fff02c39da30,False,False,True,False
636,https://github.com/AnishDe12020/easycomments,fe512f49547c7e881882613104880c71bc73bad1,False,False,True,False
637,https://github.com/moon004/YouDeez,70a72f52064615d2d4aa51e37376f3d4ff47b718,False,False,True,False
638,https://github.com/Light-Lens/Studybyte,3d162c28168eb6da97168b83f6c8d752d1926f6a,False,False,True,False
639,https://github.com/brianstrauch/spotify-cli,fb58de10372f5e6a122cd7103e38d2fd245a9865,False,False,True,False
640,https://github.com/getify/You-Dont-Know-JS,5b3eda57d4175022df2626d94d6a473fdb78359e,False,False,True,False
641,https://github.com/orangethakkali/webdav,2c758e90dc9d3335d7e3940c23a2f7e3912b8f93,False,False,True,False
642,https://github.com/pj/hacn,232d47626db3c4ce23e1d5181b88dced97bc7622,False,False,True,False
643,https://github.com/devhsoj/clips,74906b6e549db1b0d0837e53d425977c2dfd1073,False,False,True,False
644,https://github.com/Volmarg/personal-management-system,39d3c0df641a5435f2028b37a27d26ba61a3b97b,False,False,True,False
645,https://github.com/aidenybai/lucia,34c1114e6289d59135e303b06ce61c21656b3ebd,False,False,True,False
646,https://github.com/davidedellagiustina/RC16,919f6383aca74508fe1287a533adb22621f95ba5,False,False,True,False
647,https://github.com/ashishb/outbound-link-checker,509667adb9f305624fbd9f04be25319887c48b2a,False,False,True,False
648,https://github.com/guitld/Distortion-Bot-for-Telegram,d8023c1172e44ea30fca7aa6404ec4c7343aa57f,False,False,True,False
649,https://github.com/tahesse/policy-password,4131cb4305d9ce0e6a5af95423c720dd1cec3495,False,False,True,False
650,https://github.com/sudonims/PvtKeyManager,0978de5c0538bfb1299809571cdb028019d7e0ca,False,False,True,False
651,https://github.com/ahmed-debbech/mutak,999d146c902c0af9aaa54241b45905efdfb9b8f0,False,False,True,False
652,https://github.com/halftheopposite/TOSIOS,05d4a910eaa58cef9db3e8c1144d1f41604a185e,False,False,True,False
653,https://github.com/puf17640/covidapi,e8ef82cea0371b8a85b3a9e161785dedba17920e,False,False,True,False
654,https://github.com/covexo/devspace,e1d27b9eaac1594f5347cfebbea28ec22751b05e,False,False,True,False
655,https://github.com/avengerandy/RewriteDagger,c3016cdbc406ec196acb9e5397873cb2725495b6,False,False,True,False
656,https://github.com/cbrand/ir-remote-backend,eb874876afc3baa5ad5cf550423dae6e1ce2100d,False,False,True,False
657,https://github.com/stepci/stepci,8d2520abcd7b47c9e8ced46ea7c97d7bf1d541cf,False,False,True,False
658,https://github.com/RobTF9/parrot,a7499f894269d36443890125d9b402a9c4f43108,False,False,True,False
659,https://github.com/trishulaorg/tenet,7938adb76254d28d7a91ba84b4bcb0e6701c3ae8,False,False,True,False
660,https://github.com/tkreind/docker-gui-novnc,986129cab0361fa37607f1c460501f5b54012d75,False,False,True,False
661,https://github.com/maximthomas/passwordless,2f25762b7531f86a9e4bbc119f85ffdd8d955720,False,False,True,False
662,https://github.com/tacticaltofu/mangastack,b9852565c1c124059d52cfecdbcd688ab384a5ef,False,False,True,False
663,https://github.com/MarioMatschgi/Converter,17904fa5e601c7e9db8424696be09f9fd9e2f674,False,False,True,False
664,https://github.com/vadootvpeer/p2p-cdn-sdk-javascript,450d9c35caa17ee99ec4cb513c70e6b1229fd9dd,False,False,True,False
665,https://github.com/MeoMix/antfarm,61e6db410d91f6e6bcc307093a6c0ad6ba2fb108,False,False,True,False
666,https://github.com/StoneT2000/Dimensions,789c807fa0817e7e58b809ed95bff61b4c237b12,False,False,True,False
667,https://github.com/jonasvinther/medusa,e655b832c0745a3d2ffd63e805d7e01861accf70,False,False,True,False
668,https://github.com/singhkumarpratik/prashnottar-django,4db02d439ba6ec59d1473fef350a633930c9d9c1,False,False,True,False
669,https://github.com/SHA65536/RubiksCube,6f94264271738c141e7beffce806aebdd082ff7d,False,False,True,False
670,https://github.com/pandeyarjun242/automatedyolo,49d21cbe48a75fb9af7c342286ecd08a13702d69,False,False,True,False
671,https://github.com/lalitpagaria/obsei,ae833ece9359e7fc81af258e9bcaa6c7d37faf80,False,False,True,False
672,https://github.com/victorantos/AngJobs,e1b746c649d869230a7e21af1742086900cf3e69,False,False,True,False
673,https://github.com/DerYeger/apollo-frontend,0ba0c4f94f87386d6ff8052a383fa2ed7e253562,False,False,True,False
674,https://github.com/jonroig/nozama,d9ed53552088a704745c2a4c685796607033ff89,False,False,True,False
675,https://github.com/jareer12/DiscordBotPanel,87f0f0d77e5f553dce559cc101d4e21f5442c8c9,False,False,True,False
676,https://github.com/dimakiss/Udemy_bot,d98cb79e55cc4403371042814e3cec5bd32d30f3,False,False,True,False
677,https://github.com/drakewill-CRL/Hypothesis,4888909666dc0d6722836044018cf23ee7a3c6f1,False,False,True,False
678,https://github.com/Fytex/Instagram-Giveaways-Winner,2172c269e10d7233851633160db30b614981817e,False,False,True,False
679,https://github.com/KnowledgeCanvas/knowledge,fce5e4841e7e946230ae47e2a7bbf31de7f6c6de,False,False,True,False
680,https://github.com/mayur091193/q-google-map,d6bdaa54426e07fd828934e61d75e54aa9b24625,False,False,True,False
681,https://github.com/awaescher/RepoZ,1a0a71e804f84ec0854a2cd760ae52865740e6d9,False,False,True,False
682,https://github.com/Pathokun/pathokun,f6c823fe0ab4412fc8ad9ee0587786083fb931c2,False,False,True,False
683,https://github.com/ManojNallusamy/clock-tab,4433177a2b5d93249d9db8899975c79b87397d07,False,False,True,False
684,https://github.com/YigitGunduc/voxel-engine,3500199fc005c42f07c5b666459aef8d6c215a1c,False,False,True,False
685,https://github.com/jankrepl/deepdow,341b34d324cf8054f2f59f092b3afcdd031bc828,False,False,True,False
686,https://github.com/zackumar/newspaper_snippets,7aeef7511217b69db647e1e367962483f4617712,False,False,True,False
687,https://github.com/jo1gi/openurl,72bc440e1c3e6311a0282c8f9d8c496d4ce8f0d8,False,False,True,False
688,https://github.com/anantn/thinmusic,26301e3b687791a275ff7a7a97ae96bcb92e8d7b,False,False,True,False
689,https://github.com/kylelobo/Reddit-Bot,e007c10ff23a25755a0e0b41d267d1f445d0f299,False,False,True,False
690,https://github.com/akashrchandran/syrics,db372fa2f19096659f01f9ebe60a3012bda9d132,False,False,True,False
691,https://github.com/radekxrandom/obiadekchat,cb4d76ad15df52e37fc33b00d78252c46e6893ce,False,False,True,False
692,https://github.com/ankitmaloo/gmail-sidebar-drive,438cf874118f650613628ed869a750076058d159,False,False,True,False
693,https://github.com/SoloKeysSec/solo,fc8d2867c5ba8161302b809c80fa1fd6a4df94a2,False,False,True,False
694,https://github.com/joeycato/boundlessvideoplayer,bd6a55307a98a773d3cb94625cc1557a9afca874,False,False,True,False
695,https://github.com/souvikinator/synko,ccecaadcc2d96ab530867389a59cb9d0a8bbb128,False,False,True,False
696,https://github.com/yukselberkay/pmanager,fa883fdd1d63658d86ae4cf876d8891c676a1ea0,False,False,True,False
697,https://github.com/omar-haris/smart-coding-mcp,ef8e842fdd5002247a436056b7650f60fd99279b,False,False,False,True
698,https://github.com/jessekorzan/themockitship,e63ea245ba435694468308ed7574adc502a71025,False,False,False,True
699,https://github.com/unaveragetech/Sysinfo?tab=readme-ov-file,c1f647f280d3e99d278f82b6227441b07511160d,False,False,False,True
700,https://github.com/Kamo-Chip/voice-coding,6a0029a29afceaf9741c250dc0365dc2b0a61647,False,False,False,True
701,https://github.com/cyzhao/claude-code-tools,ce934c25ae10f2e1ffa2207011fe8842ddfa12cc,False,False,False,True
702,https://github.com/CaliLuke/quality-workflow-meta,43ff49e3ef33fade45bd74d31e3fe5b77b4fbe98,False,False,False,True
703,https://github.com/mk-knight23/vibe-cli,2e72caea6100374221fb0210c521412cdf5a61c5,False,False,False,True
704,https://github.com/ipdisdendat/NewsBiasSuperDetector,8619dc7d493a4bd6b530bdc15069aa19e55cdf7a,False,False,False,True
705,https://github.com/a-bonus/google-docs-mcp,ea9b895876085a8c8df104822487add7ed49054d,False,False,False,True
706,https://github.com/Sayitobar/Synthboard,77bbf427776d46d2847213f4aca0b260dca1c84e,False,False,False,True
707,https://github.com/CodeWithCJ/SparkyFitness,0e6d50aa300750c7837f23d53bd7610ab83b64ab,False,False,False,True
708,https://github.com/jbdamask/scratch,8e927149a250e44f09756f7fdf6d7db04b2a2623,False,False,False,True
709,https://github.com/dennisimoo/Infinite-Web,63c557a7aecabf830babc7d0aafcc99aa5d7c0de,False,False,False,True
710,https://github.com/Intro0siddiqui/Browser-db,44dd53729e3211f3093086e48fa1d60429179ce9,False,False,False,True
711,https://github.com/fpytloun/gptsh,24a5867e7dd6f84d18e805dcad86d5970048c28b,False,False,False,True
712,https://github.com/bcdannyboy/robot-dreams,ff4ad1046d46d637defa8dab9b665261958df145,False,False,False,True
713,https://github.com/gioruggieri/PromptPress,2e53e2557f54f7ced0e3d2b4451be6d80123dff1,False,False,False,True
714,https://github.com/skaldlabs/skald,af3626a35ef2f9738176c4cfd929b29664f10128,False,False,False,True
715,https://github.com/fabriziosalmi/trinity,72c1a9b9a36207184ec729909aed18b26ec639fc,False,False,False,True
716,https://github.com/AizenvoltPrime/claude-setup,d6e4b9b9bf6229a6bfdce5b6ee3840421b12bf97,False,False,False,True
717,https://github.com/JoaquinRuiz/misco-agent,ce79dd4e9a27a91581d5e605ece94835feb22854,False,False,False,True
718,https://github.com/sdi2200262/agentic-project-management,a450769bef0915c002f7b7f86ce07c56e75b5fa6,False,False,False,True
719,https://github.com/RatuL65/ShelfStory,e360b89cdd90dcdebf0626bc28a5f237a81341cb,False,False,False,True
720,https://github.com/onflow/rewtf-registry,ab9478dd2854ede04e653823c2b79096c79d8f13,False,False,False,True
721,https://github.com/ljis120301/notes,72dc27206f5fb563eb8eb2acb40196bd9875ca13,False,False,False,True
722,https://github.com/getAsterisk/claudia,70c16d8a4910db48cd9684aeacdd431caefd7d71,False,False,False,True
723,https://github.com/i-am-noamg/cursorbird,c8a381b5c385db35c81d80b87b7afa6f72bf5148,False,False,False,True
724,https://github.com/NeptuneHub/AudioMuse-AI,4a1634bbefdca066455dedfb54f5f389feb869f8,False,False,False,True
725,https://github.com/JakeNesler/Claude_Prophet,3feb059ee0738f345237680c8512c21f425e3434,False,False,False,True
726,https://github.com/Mohitkadu16/StudKits,c86a5c0d14e8e2a7857463c3d6d2fed967761a6b,False,False,False,True
727,https://github.com/bisonbet/BisonNotes-AI,e959b9dade60909c8a2fb2a550e00d192fdefec4,False,False,False,True
728,https://github.com/open-ug/conveyor,6b152b2f85fc440b6dda874153a2f7892d18110d,False,False,False,True
729,https://github.com/ceciliomichael/echode,e1dc45961bf4ffebf7d8a3696c3bc2b5de7c180e,False,False,False,True
730,https://github.com/Priivacy-ai/spec-kitty,5b632a9abea5d84c6ff92c297fae190f9198ea75,False,False,False,True
731,https://github.com/subhan986/Space-Explorer,947465465b35dc3a52f4f7518d4bbcf3d9bd94e4,False,False,False,True
732,https://github.com/anshulyadav1976/VulnViper,d122aab35409a673c488b3f903b4ef18c00bed36,False,False,False,True
733,https://github.com/forsonny/The-Crucible-Writing-System-For-Claude,0d82e733536d70358259f93d66cc40708077898e,False,False,False,True
734,https://github.com/ashuraits/airtv,d8c585163ad2f346e64701cca3d60835a09a3017,False,False,False,True
735,https://github.com/hongxin/RealConsole,4d9496681a7144006d99c8051703811582910bcf,False,False,False,True
736,https://github.com/spessasus/SpessaSynth,376044e39111a86b471c8e7d723619a30fde38ae,False,False,False,True
737,https://github.com/MatthewTheDev166/LaptopSeismo?utm_source=chatgpt.com,e499d2215c448fc74d141754acf24cfb96ea4637,False,False,False,True
738,https://github.com/GenuineDickies/fourstrokeanimation,75e2889dbbb356ae561a37c8b29adf32f1b6b166,False,False,False,True
739,https://github.com/polaroi8d/cactoide,d18afc43da0143ce016274bfc388dc88d8be920a,False,False,False,True
740,https://github.com/kooshi/image_fft_toy,70f2a16473adefebc508fb8530fdda648bcb6079,False,False,False,True
741,https://github.com/UDPSendToFailed/HydroScreen,5bc1d545d7d492574890fa9a6c9630153bd44a6c,False,False,False,True
742,https://github.com/Helo3301/budget-automation,8634ef81e420e3f1caaa2908ceb5c7cb07e0c7a5,False,False,False,True
743,https://github.com/DubblePumper/NMBS-Train-data,d9e37b2826566ff73db6305f25f8cee8add5c301,False,False,False,True
744,https://github.com/vraxo/coalesce,4dfe42ef4aa392e49aa236b9603f15b0339e0252,False,False,False,True
745,https://github.com/benbasha/claudeloop,eaeea24d49bc9ccdeb63faee181fab99619d7a3f,False,False,False,True
746,https://github.com/Nexen4/hex_game_ai,5838a4fed1ad3132e7a3759234e47ea823a0e044,False,False,False,True
747,https://github.com/cndn/recipe-discovery-playbook,83cb0fc1ec1c2bcab968b6b9f54e153d6944ef4a,False,False,False,True
748,https://github.com/richard1912/PasteParty#screenshot,03251a19bfe08ae38ec503e04e1eeab66690faed,False,False,False,True
749,https://github.com/TharaneshA/answergit#readme,fedf0e907af1423c227100281dbf175ae533b20b,False,False,False,True
750,https://github.com/TheIlkinAlizade/Christmas-Tree,6c6d425f0ac27bbf855fca8d963ffa06fe196c52,False,False,False,True
751,https://github.com/VulcanWM/earn-grid,bb557e1479d419507c77ffb14a4974db3f21de48,False,False,False,True
752,https://github.com/saketsarin/composer-web,2a3b19e9a062bce387e2b99970f2ed0768543d7e,False,False,False,True
753,https://github.com/brandburner/fabula,6bc794bccba5708efc83caffff2b8ff5d19710cb,False,False,False,True
754,https://github.com/kovermier/prompt-library,b7ad56afc6c91da209f2ffbff3034929065c3da6,False,False,False,True
755,https://github.com/aedm/square-minus-square,f7fcc7512790c4b4a478f41f598cb52bcca42802,False,False,False,True
756,https://github.com/xerus-ai/xerus,ERROR,True,False,False,True
757,https://github.com/benbasha/Claude-Autopilot,eaeea24d49bc9ccdeb63faee181fab99619d7a3f,False,False,False,True
758,https://github.com/doughyvibe/vibeCodingGovFramework#1-the-philosophy-context-is-king,2899082a57c5efcfeb8c973cf6f4742bca0c26cc,False,False,False,True
759,https://github.com/pritha21/netflix-imdb-ratings,5851406c9ba7da1d96088560bf45fb5941ae76a7,False,False,False,True
760,https://github.com/claudekit/frontend-design-pro-demo,756b8d99618b2c4e8a90c89a99f678009468aae3,False,False,False,True
761,https://github.com/MotiaDev/motia-examples,9dcc8127d5396646b5b273d42aca2de3b0ffc916,False,False,False,True
762,https://github.com/shatrix/pixalize_android,d816488b0bee4669e60c09067c7b3b4919a587c9,False,False,False,True
763,https://github.com/George5562/Switchboard,e33359c886836b25b4357ce2d91a95db619799b9,False,False,False,True
764,https://github.com/smtg-ai/claude-squad,4cefe6faf2b35a60d63328772eaeff599b40d571,False,False,False,True
765,https://github.com/kane111/rag-chat-v2,66be893e9f19c08d2f97fbb9cff12d897c33b8c8,False,False,False,True
766,https://github.com/ivanpostolski/vibe-agent-calendar-memory,32149ba3872712c81ba918ba6f19e31be95489f5,False,False,False,True
767,https://github.com/doonfrs/AI-Instructions-Syncer,80cfe8041fa8c0449408dad768a81e593fae5a8c,False,False,False,True
768,https://github.com/ophydami/gatekeeper-marketplace,aaa28179f17418471573889e6b0788190c4c9d22,False,False,False,True
769,https://github.com/appoly/multiagent-chat,4881698eb17f7a942f54c0da67f4dccfb46bee78,False,False,False,True
770,https://github.com/jordicor/ai-json-cleanroom,8f9053345d7858dcf0710028933aea0712b7c7cf,False,False,False,True
771,https://github.com/Juan-Pestana/Train_the_cursor,4e84f1c402497cceaee62df153decd2695cc7533,False,False,False,True
772,https://github.com/ShanuNajeeb/Student-Dashboard,0391299df95c32fc2036866542f6f8502ed005c6,False,False,False,True
773,https://github.com/dernerl/ManagedFavsGenerator,18c8ad40a4085349e19fbf7840bd78204cc0e70a,False,False,False,True
774,https://github.com/jmassengille/sketch2prompt,932583af6ded815993a65bd82b6513453c32b19b,False,False,False,True
775,https://github.com/MDReptile/RadioData,5e8da2c80f4b95ad386e00df9c66499577dd9da7,False,False,False,True
776,https://github.com/p32929/ccheckpoints,39cfa0162209f80fdccc66096606c4cae423396f,False,False,False,True
777,https://github.com/kruskal-labs/toolfront,86240f8dd5a5821321b891d771fb766f4aff209e,False,False,False,True
778,https://github.com/taylorwilsdon/quantconnect-mcp,db736df08275c83d277ecbf4be124ecedafb0b40,False,False,False,True
779,https://github.com/umpolungfish/cumpyl-framework,92084c154b321ad4febc476613953e3377113eb1,False,False,False,True
780,https://github.com/b4rtaz/learning-games-for-kids#available-games,57b6e3e1f07865dc1b32920197cfd7477b97838e,False,False,False,True
781,https://github.com/TuckerBWieland/nyc-water-app,1317416e7a1a606188d51e9425dc7e3c7324f4f2,False,False,False,True
782,https://github.com/dickymoore/repocopy,1f615cec3a3b412f16d6b229fcd4cf3d63c149f6,False,False,False,True
783,https://github.com/ianrastall/ColorChooser,f043d67728fefe389cc8cfc8c646aa13f9ce18c9,False,False,False,True
784,https://github.com/Suwot/ffmpeg,5ae7d762fe7a57f8388067fccf2e5800d078828a,False,False,False,True
785,https://github.com/trose/mouse-jiggler,c08c66746a07734d8077f14920af0aa89e8f244f,False,False,False,True
786,https://github.com/ayxse/MotionScroll,049fd4c43995d96a389ee318d73df727b7f5a7de,False,False,False,True
787,https://github.com/samuelfaj/claudiomiro,3be2466b63d515cc6d156a80de7f37f16c4bd99a,False,False,False,True
788,https://github.com/bcollazo/deckgym-core,3c8bbd169d7b0dfe97e8225e95460f6e2dafb138,False,False,False,True
789,https://github.com/Dvorkam/wol-service,9d46c1e48887660409eb191a79648a4edf16d937,False,False,False,True
790,https://github.com/4regab/TaskSync,cfe6edc472c0836f12b377b35fcc666f2792d1b6,False,False,False,True
791,https://github.com/Wirasm/PRPs-agentic-eng,9581e15df50065c591bcad1215841af2162ec74b,False,False,False,True
792,https://github.com/neoneye/PlanExe,5ca6fc9f4f76e36c3685c7f2dc340120793b5de8,False,False,False,True
793,https://github.com/chunkhound/chunkhound,e47bc312cf8a2c0d7d90f942871901d16016557b,False,False,False,True
794,https://github.com/infiniV/VoiceFlow,7c7ece1b356ee6eaf570f21b0afef469fe687e64,False,False,False,True
795,https://github.com/ston1ee/transparent-checklist-app,c71eee0cef26bd7f36ae0279b6e51460b34fe8c8,False,False,False,True
796,https://github.com/agileandy/code-analysis?tab=readme-ov-file,b0c67e2118defc0195fbae979ca3de513ec20021,False,False,False,True
797,https://github.com/GIS1974/whisperx_app_3,7b455bf51d2984b694165ef5a9fda8362e1773c7,False,False,False,True
798,https://github.com/px-pride/flowcoder,83319bb58b2b07479b257c4f39b26e81f40f6efb,False,False,False,True
799,https://github.com/tesserato/Inscribe,562b94b06c9fbcc2fd58b6b13299fbee171c9b29,False,False,False,True
800,https://github.com/maciej-trebacz/tower-of-time-game,a2497fb8aaf497c25a9caa306ed7ac7129d2400b,False,False,False,True
801,https://github.com/montraydavis/AIApiOrchestrator,8feec53602c1b96b3819626612e1bfe24165b3d5,False,False,False,True
802,https://github.com/TharaneshA/answergit,fedf0e907af1423c227100281dbf175ae533b20b,False,False,False,True
803,https://github.com/oespinozai/subkiller,d43974c5feb48ff626d57060812c1fc683f3396e,False,False,False,True
804,https://github.com/Frankenbuild-labs/Pocket-Code,fb9b170ef078c03232a272adcf5811245ba893a4,False,False,False,True
805,https://github.com/soitgoes-again/eyeinthecloud,7d8743e65e9553d4a5f4e96f92037c8a4d4aae2c,False,False,False,True
806,https://github.com/iamvaar-dev/heybro,57a3779505da8268580109cbabc9b36c28439af0,False,False,False,True
807,https://github.com/KhazP/vibe-coding-prompt-template,b3ac2ea2d6dcc25c338a3465ef9bd12f37c0ba74,False,False,False,True
808,https://github.com/voidquark/Chefly,518ed16556cc7e0a2e9beec2406940cdd205d2b8,False,False,False,True
809,https://github.com/DubblePumper/NMBS-Train-Data-API,bb6ceedb0bba7e14a69a7c3587746217994c5ea5,False,False,False,True
810,https://github.com/Mmorgan-ML/Neuromodulatory-Control-Networks,ac0eb85f5cd08416558fa5302b2779ea7cce79fe,False,False,False,True
811,https://github.com/b4rtaz/learning-games-for-kids,57b6e3e1f07865dc1b32920197cfd7477b97838e,False,False,False,True
812,https://github.com/khromov/ai-digest,5451c7cc1c477d82f75d796081e136a0e7baebd1,False,False,False,True
813,https://github.com/prateekjain24/clipdrop,79bc3f797098dd28e039f621e3a8ff052c302a07,False,False,False,True
814,https://github.com/Kabi10/ratemyemployer,a633f78eba62b7a1e6b5fd10bd74f0f448fbe80c,False,False,False,True
815,https://github.com/ajaxdude/speakprompt,734fabf8ee44d6c83175f85625acc2b84fdfcede,False,False,False,True
816,https://github.com/ryanrawlingswang/cursor-rules,e5553aad32cc44ace958947db0ad2e9ca467d0c2,False,False,False,True
817,https://github.com/codebeaver-ai/codebeaver-ai,f5e2c2ac077bbc2dff9847a8cf4b8e489ab09414,False,False,False,True
818,https://github.com/screamingearth/the_collective,89dfcd596338f5b94940f481c329494688c098ca,False,False,False,True
819,https://github.com/quadracollision/automatic_shallot2,8e95498be6809c129618f4513dd3b1e6af2cf768,False,False,False,True
820,https://github.com/CodeDeficient/KarpeSlop,3eb07dedd2d6d8490d6fc33a254ea104406b6a4c,False,False,False,True
821,https://github.com/jordicor/santa-claus-is-calling,32780575c5e5b93c4d0fa96df36b9337f6f87e5c,False,False,False,True
822,https://github.com/Addy-shetty/Vibe-Prompting,b488d240e9907f0cf1dc8fe8868dd4eaff4a7f99,False,False,False,True
823,https://github.com/joshbrew/3D_Fractals_Scale_Space,8cd89148a7ef2725be17b54858295d445d248df6,False,False,False,True
824,https://github.com/Lyellr88/MARM-Systems,ef579c0981e35db78df01e2b788108c12c8252ab,False,False,False,True
825,https://github.com/dadbodgeoff/SwiftUIAudit,660ebb83b0d069f91d127ba7d14c2514aa4ab9e5,False,False,False,True
826,https://github.com/javiera-vasquez/claude-code-job-tailor,8ae1bda0a3e82bc732d4beb8ebef1d62aba6797b,False,False,False,True
827,https://github.com/mahmoudsamy7729/RAG-builder,be0c14c89c333387065167f679bd83f78c03a827,False,False,False,True
828,https://github.com/ObservedObserver/async-code,a3f259537e3492b8b0960c4116da5b3b564e60cd,False,False,False,True
829,https://github.com/dtlevin/cursor-project-rules,9741d8f67db3756c1ddf9ff6bf819f9dcfe0ee47,False,False,False,True
830,https://github.com/luca-liceti/TraceGuard-Privacy-Extension,59a3033f93a6f2299458a9662a28f7f506256cb6,False,False,False,True
831,https://github.com/anthonylee991/voice-recorder-app,d119e4099bae0492054314fdb2f8663c2f97cfb1,False,False,False,True
832,https://github.com/talvinder/carrot-ai-pm,edf48a7bce332c974c4035c3ee259ca9ca0d7c24,False,False,False,True
833,https://github.com/DubblePumper/creepypastaAI,03757fe3bc6db7d01310f488d07c823d2d755fac,False,False,False,True
834,https://github.com/SaharCarmel/cline-metrics,d46a44a8a1f11e63f583c0c6aa9e9675f690043d,False,False,False,True
835,https://github.com/seutje/neuromorphs,d1eea0fbffcb5cedd9fdefb02726b7be5d8a81c8,False,False,False,True
836,https://github.com/JoloWizz/SnippetBar,e20a6de8541cb0d3c3cb762faa95752d90ab411c,False,False,False,True
837,https://github.com/veighnsche/Vibe_Copyleft,42e69bdff68e80019ac21563c0895df61544e0ca,False,False,False,True
838,https://github.com/jenfarwell/vibe-emoji-language,c78f74aa9d725c4dba04e9092fe27641a26540c7,False,False,False,True
839,https://github.com/sokinpui/itf.go,b69fbf81b84c0bd9d8c725b5a66cfa6d34f6dcd5,False,False,False,True
840,https://github.com/mcgaheypaycen/Notflix,d32029c8ce435d272631723289628819a4fe03d7,False,False,False,True
841,https://github.com/zxdxjtu/dogtor,4231cbd831ecd4cae52616d5f3822a6f0b6c15ad,False,False,False,True
842,https://github.com/Lakr233/Sentry,e1f544599f72aced5ef74d683a0f6053dc05f3ab,False,False,False,True
843,https://github.com/plandex-ai/plandex,e2d772072efadbe41d2946d97d79be55532dbab5,False,False,False,True
844,https://github.com/Zulelee/stock-images-mcp,9a043b37f0de70f569f541735e9f9a807765dd89,False,False,False,True
845,https://github.com/ngtwolf/AI-Docs,dc4f86ddfb7044b1e0bb692ed1e2d979b028986e,False,False,False,True
846,https://github.com/officebeats/matrix-iptv,6e6de21ae2e04464a04c00cd26833cbd2655a85a,False,False,False,True
847,https://github.com/mchen-lab/local-notes-mcp,ba0fbc79371abd839de8928c556a33589aa1df60,False,False,False,True
848,https://github.com/graphhopper/tsp-game,8bd80fc4fd9a8406cd89f2540d92ebb9ae731d47,False,False,False,True
849,https://github.com/normaltusker/kotlin-mcp-server,5b74b26bbfc417e627f620474ab4eefd93949083,False,False,False,True
850,https://github.com/EgidioBezerra/GD-Downloader,cb132137e5ab920e6bb2731c6bfaec49d8092ee1,False,False,False,True
851,https://github.com/popmechanic/finitude,280dd51863b4d384c6c71d756fa78d66b9aa5e1b,False,False,False,True
852,https://github.com/Hardvarisnotmyname/ideal-gas-particle-collision-2d,bf92be126fe3762291ee97b836745fb3f300b2db,False,False,False,True
853,https://github.com/neonwatty/kamal-quake,648adf28d545eb6795f9c462ec255fc8ca1cf91c,False,False,False,True
854,https://github.com/digitaladaption/claude-code-direct,230d5caffbc6d3df194215ce1dfb946b71e25358,False,False,False,True
855,https://github.com/borisvanschooten/webcogs-ai-toolkit,a619b1f0524e3d1cbf18c9fe3b2281f2a57cfd91,False,False,False,True
856,https://github.com/jfernandez/mdserve,3e75b7799bdbfb5a0cee9ef774ad998a6917c373,False,False,False,True
857,https://github.com/fred-terzi/reqtext,c79423eb576fbc8babc339f4b1eebf1e4f1b5e02,False,False,False,True
858,https://github.com/KukicVidan/vidan-tui-video-player,1b34509d3b2b150dcd41c38a3f0c999260d862d6,False,False,False,True
859,https://github.com/grillsdev/grills,dce96be6b12ede3a9ff5b8ea555aa16d42f859b9,False,False,False,True
860,https://github.com/RockyHong/OopsTab,1d3f0611aed778050c2d8f12eef4220ab3019a80,False,False,False,True
861,https://github.com/justdoinc/justdo,c4cbfd03f4f1511da27db1174d98b612ec776d92,False,False,False,True
862,https://github.com/TanayK07/codeprint,e23622bb5d612592e690208d2ba9cfe05661d982,False,False,False,True
863,https://github.com/muhammad1438/pixelateR,400acb2efe4efdbc7551df8f12814cb05b119946,False,False,False,True
864,https://github.com/roeiba/forkMonkey,380dcd8ede303d6331c189a650a693bdff6b8b64,False,False,False,True
865,https://github.com/indieceo/indiesaas,bd234b01feba088caae8a82a4c031c95701f5d9a,False,False,False,True
866,https://github.com/RAMCloudCode/contxtify,304ca6942726f3fbf700b2adcbb93d8cdb5f58a5,False,False,False,True
867,https://github.com/augiefra/ScreenSnap-Distribution,5a23f3a08f694425f8e80755a958a7d15f92fd02,False,False,False,True
868,https://github.com/djshaji/eva,1c8329e72e2884a02cb3cd8cd1c52779d9d99e22,False,False,False,True
869,https://github.com/brainless/brainless.in,095bf1267d8553e5a6074327b7a002508d765e5d,False,False,False,True
870,https://github.com/Intro0siddiqui/Phantom-Fragment,ERROR,True,False,False,True
871,https://github.com/samuelm2/svraster-webgl,f751b4c1a29c4c69a7da28ac0cc2a51fb24c955e,False,False,False,True
872,https://github.com/pomazanbohdan/party-for-company,9e449131e78c77b2e094adeca47b21146581adbb,False,False,False,True
873,https://github.com/august25dev/budget-buddy,cba1ab2236fb41999437f4e33bd81b428b85a86a,False,False,False,True
874,https://github.com/quantbuff/playdatepal,0a0acb3454b7d68a1413bd876104161ea9232f5f,False,False,False,True
875,https://github.com/leereilly/copilot-cam,50e2b98abd73e88df1d96b40ec4e63115e971ead,False,False,False,True
876,https://github.com/swarajdhondge/digitalwellbeingpc,ad9c4595c7c33efa8663a6b5c93fafcfb2eeb9a6,False,False,False,True
877,https://github.com/nairbv/vibecoder,a01654fc0e0dc98fb5bbae883ebae008d80baad3,False,False,False,True
878,https://github.com/paideia-lms/Paideia,37e2de89e4cfc1e447893aecfbab496d4c81409e,False,False,False,True
879,https://github.com/ClaudiuJitea/NutritionAI,1c952f921e40a18b1a28a824b4ab2135882ded66,False,False,False,True
880,https://github.com/RmaNMetaverse/RmaNDance3D,8ab3bdeb60db8d482981efefecbfa19fff719024,False,False,False,True
881,https://github.com/ColinEberhardt/kartlog,de24d75f4f5406637d589bf56d51ef6c32727952,False,False,False,True
882,https://github.com/adolfousier/keyguard-ai-scan,c64314cc3e21d7b0acc20e2d03cac76b8fc02cca,False,False,False,True
883,https://github.com/yagizdas/phi-delta,373bb71b1cca7770823bd3b446fc6e3dbe6ad399,False,False,False,True
884,https://github.com/openconstruct/llamaedit,2f8e531be93035567871f9372dfa987866a9e503,False,False,False,True
885,https://github.com/WilliamAvHolmberg/cesium-flight-simulator,640f6ddf0fb72dd84fbfda7bda7edadc64d7aa55,False,False,False,True
886,https://github.com/RogueCtrl/Descent-Cyber-Wizardry,f320772762b22fd49f068f1ecb30b847e5987cda,False,False,False,True
887,https://github.com/mopsicus/downloader-tv,f8c78204d330d9ac86ea6cd14433bcebf1964c10,False,False,False,True
888,https://github.com/Gupta-Aniket/file-context,abd68063f191aef755f52cdbfbd8ea0a03721599,False,False,False,True
889,https://github.com/bemmerzaal/garansy-rp,dfd1060094bc25258893520953a00fff8c83865b,False,False,False,True
890,https://github.com/fwdslsh/dispatch,87ef4b3b0c35772142b4da899114c4f9ec29f4a9,False,False,False,True
891,https://github.com/Aldhanekaa/ShadcnVaults,b30d311344fe7a7e65892de5c6d5fc019beb98cc,False,False,False,True
892,https://github.com/actyra/conversation-viewer,d171849902d9293785583384c3c72dbee64047dd,False,False,False,True
893,https://github.com/smalltransfers/ai-starter,c812b1e653b8274529dfb2861f101e8a8d1bf25c,False,False,False,True
894,https://github.com/erencanakyuz/ContextLLM,5fb0da1f2b39107418cd1352dc6885a41390de0e,False,False,False,True
895,https://github.com/stravu/crystal,1e18e0bc981225f75b5226f82a300fa741970c6f,False,False,False,True
896,https://github.com/hooosberg/WitNote,8f508ecdc29386fb8dfae9a1f3a0b916e4d6a8e8,False,False,False,True
897,https://github.com/JoeInnsp23/claude-glm-wrapper,84fb40cc0d17d48af98f23060fa92b795f87385e,False,False,False,True
898,https://github.com/theSoberSobber/election-bot,96a8e2fb63269c0bca2772776aa6639d7ec667ff,False,False,False,True
899,https://github.com/kaushikgopal/ff-container-traffic-control,5c4227ce08dd9a1c58f000da5d190b8c0baef0a2,False,False,False,True
900,https://github.com/Aqualia/Alph,272c3b350f7e0c8eb3c0fb8cf104e952ad418bde,False,False,False,True
901,https://github.com/Courage-1984/Dataset-Forge,0f7fe4664b2241d3eeda1cffeb8fca2fac4429fb,False,False,False,True
902,https://github.com/richard1912/PasteParty,03251a19bfe08ae38ec503e04e1eeab66690faed,False,False,False,True
903,https://github.com/kabir-21/sami-vs-moiz,da5c3ca1f347fec0af01a0e0e859b314d95bb9f6,False,False,False,True
904,https://github.com/skinnerboxentertainment/VibeCodeTrisMVP,0cdbc007ed9396eb68e97ffa44f21357637fffa5,False,False,False,True
905,https://github.com/Metcaslix/metcaslixhub.io,ERROR,True,False,False,True
906,https://github.com/fr4iser90/NoServerConvert,9fffbecf619000713957054d9c7574523bdb016f,False,False,False,True
907,https://github.com/josharmour/mtga-voice-assistant,8bcb61c75ae8854f00e3d186a63f0683b9be4335,False,False,False,True
908,https://github.com/SamVellaUK/jsonBrowser,4c5edf621944bf300e1d30065c2b16ec2bf643c6,False,False,False,True
909,https://github.com/vsumpi/image-to-pixelgrid,34b2de78212569996cf2d269b1f60cc67812b91d,False,False,False,True
910,https://github.com/PleasePrompto/notebooklm-mcp,fd0525ff48204a81c55b80fbdfc81d6d7d6a2796,False,False,False,True
911,https://github.com/longtail-labs/slide.code,cf560331f2ad61070b4694b09f368f26cde4aeea,False,False,False,True
912,https://github.com/RickyHoHo/GPT-Burger,9eca5f75f5a7840a99c03bef9e66a8dde49d7f31,False,False,False,True
913,https://github.com/breschio/drawbridge,12b1ef78b88033fc32b6137e00b199dbc4473c07,False,False,False,True
914,https://github.com/Intro0siddiqui/token-counter-server,71f6d16a1bb67941e96b4096ac4ce57f09f3be3c,False,False,False,True
915,https://github.com/SohniSwatantra/OpenRepLove,15cd7d24c6b97585dc13b13e734ca40ed8199e62,False,False,False,True
916,https://github.com/magicink/twine-campfire,965c6fffa83a31a245acdcf268326c5d46ed63d4,False,False,False,True
917,https://github.com/yardimli/SmartCodePrompts,4457dba7ba7e58a11315ca73ca227e2307e85e72,False,False,False,True
918,https://github.com/WilliamAvHolmberg/vibecodementor,70fa9be78b73040e43f75046623285de7ca4aa93,False,False,False,True
919,https://github.com/m1rl0k/Context-Engine,b6b3dc7e9a19588745d7dfa66161f53599212541,False,False,False,True
920,https://github.com/edxeth/parakeet-dictation,5db722966932cd3fdfb63275a362a36306128667,False,False,False,True
921,https://github.com/truegoodcraft/TGC-BUS-Core,68c51882647e2781dd22ed4a947ef4c37e4b6c39,False,False,False,True
922,https://github.com/mhingston/keystone-cli,d8c4beaa73689ce035bb8a1ba688c52021250e77,False,False,False,True
923,https://github.com/brainless/letsorder,c486e88abf14fa09e3f108c2bb1d3d8a39e654cd,False,False,False,True
924,https://github.com/vishnupriyanpr/Terminal-Pal,61fc93d6b7f86602e1817f517e1e827fb3b72a9e,False,False,False,True
925,https://github.com/davialabs/davia,0ae5c75fa77df3ce2154cc5701a531a9507ade65,False,False,False,True
926,https://github.com/menelly/liberation,3a3b26bffee5b76a72d7fb10d4d79dccf9b5964b,False,False,False,True
927,https://github.com/OlivierKodaii/calendarKodaii,d1c423c20972b88bf338d9347f8b2c738a0c5983,False,False,False,True
928,https://github.com/saharmor/simulatedev,faa3a442f76167e8d715178b95d35f67afe75cd5,False,False,False,True
929,https://github.com/bookcard-io/bookcard,c8b8ecb2e3490f6f4e2ad46ab1295f5ab8786498,False,False,False,True
930,https://github.com/uditk2/multimodalagentframework,2fd91f06ba20607c1ba6cf764898c4aab1b86ed0,False,False,False,True
931,https://github.com/jordicor/ai-json-cleanroom-php,f2e70c63782d1635be3e6da159b05b250ad6be67,False,False,False,True
932,https://github.com/007rudra007/hangar,e348dcba43addc3b08487898e605ab83f1edd673,False,False,False,True
933,https://github.com/Sriram-PR/loci-mobile,3ed3dc60c98ed07db0d9d9c91aded8ddd0d55b77,False,False,False,True
934,https://github.com/ecappa/ubuntuQuickUserSwitcher,3314230d5a61f3c828e6ec72de66bee7fa9f8455,False,False,False,True
935,https://github.com/antifantifa/ds4-midi-converter,35b13520c88f53ee9b9380a387d7faef26971e2b,False,False,False,True
936,https://github.com/haramishra/mcp-unsplash,407558e059b7086e102e8ead21a2b37d636738fd,False,False,False,True
937,https://github.com/13pathak/AI-Popup-Infopedia,ed33f190f1fd0d9dfefc3c813175732b4d906798,False,False,False,True
938,https://github.com/hh54188/ai-assistant-chrome-extension,99df8d7adc5d5d2925bfa3bcbca4e4afbdb1d88e,False,False,False,True
939,https://github.com/SoumyaEXE/3d-Solar-System-ThreeJS,0d305aec31db5328c66a6d3e66da444dce8bc6dc,True,False,False,True
940,https://github.com/HeroTools/open-wispr,822407b0b457a5cc6d52bda7959fc7f3e92229a5,False,False,False,True
941,https://github.com/NinjaBeameR/2ools,38ca2b58dc767ab07b2a8727e887c1a64efaddf5,False,False,False,True
942,https://github.com/Shashankss1205/CodeGraphContext,1de40b2d103abfdcb777015085149ebd64ab8672,False,False,False,True
943,https://github.com/Abhinav1416/coding-platform,db90668de66abef444d2d0a148349ec597c1f193,False,False,False,True
944,https://github.com/PoRiFiRo123/gitread,6d85fde81093256dfd4e3bbc41c27e1c08b34dbb,False,False,False,True
945,https://github.com/wonderchatai/labubu-game,4c6ad0718ebd2e0ab781317ec35856b79aec5584,False,False,False,True
946,https://github.com/Abil-Shrestha/tracer,ea533318ac692a229857b744c8bd4638bb67b627,False,False,False,True
947,https://github.com/yayoboy/pac-track,677735df7192dc5e607bfbec580e4cb2fc0fc34c,False,False,False,True
948,https://github.com/AgiFlow/openskill,eb1d08c062d1dde1da3686d4af04378ec1a8a3f3,False,False,False,True
949,https://github.com/sjackp/r2-gallery?utm_source=chatgpt.com,c130bf9ff89c0ada5897890ac076e187f6cd5a0a,False,False,False,True
950,https://github.com/acroz3n/Ben-s-Software-,73b4b1f1b9ce5d23f9ddbb2ab07b77589efb04f8,False,False,False,True
951,https://github.com/mobile-next/mobile-mcp,429ec4f98ac10b9a9a2edbec116607040d69a3cb,False,False,False,True
952,https://github.com/murderszn/riverside,5beb4efa537d920cf9d2284e3e9a3c67dbea582e,False,False,False,True
953,https://github.com/erluxman/Productive-Browser,a3fb146539ec904d54a8edd1bab601e8964280b5,False,False,False,True
954,https://github.com/sdrasco/jobbee,15e8b61b4bb1336016afe565fc3b0bf4e34961f1,False,False,False,True
955,https://github.com/lagduck/AI-protocols,a2fb8a2bfa01a6506ff6c70bf2a131774d6e098f,False,False,False,True
956,https://github.com/halfaipg/project-board,17af3dd7f139c6b827da9647f40f61cef50f5119,False,False,False,True
957,https://github.com/hellrae/saas-starter,3f39d46d507fc78fcd418bf3750931acdf7f9ff1,False,False,False,True
958,https://github.com/mdrzn/claude-screenshot-uploader,ae9da176f6ebc7f8e09e3a084672adb699b3ddfc,False,False,False,True
959,https://github.com/OptikR/OptikR,f329714f5d7b2d92bf392f2207843bcc35a6ee9c,False,False,False,True
960,https://github.com/agileandy/prompt-manager,8a7baf716955c6412bd322c0a5d725ed08e9254f,False,False,False,True
961,https://github.com/KwaminaWhyte/db-hive,93b28194148d98f145547208b15c7ed815bab91a,False,False,False,True
962,https://github.com/DavidMcKay223/BulkCarnageIQ,7dd1d3576bf44c238a3b2527120f3d933e167e45,False,False,False,True
963,https://github.com/BrunoV21/CodeTide,803e756e449f2843e6c3027ca7970c76e7d3ea7c,False,False,False,True
964,https://github.com/recreate-run/mix,e7053ef00ee6ab58277ccf9e4a016c33e57b4733,False,False,False,True
965,https://github.com/b3p3k0/coords,35abac27da9bdf2b367eb41f610bc5cbbed663b8,False,False,False,True
966,https://github.com/WenheLI/PokerHandEvaluator-wasm,27c65f9e16fb90522acc928585963c321d945190,False,False,False,True
967,https://github.com/CodeHappenz/openrouter-claude-chat,146f5842ae03b946ae429723918607637907030b,False,False,False,True
968,https://github.com/runkids/PackageFlow,2e021237334a4ad94a91782ce30a43476054b749,False,False,False,True
969,https://github.com/RezaHoque/phosphor-omp-theme,7da4af75bcdc95e4e01cb6c5db137efc8ccba26b,False,False,False,True
970,https://github.com/vaibhav-mattoo/cxt,0770eecb3a28d6bf23716ffdd5322aecb4763447,False,False,False,True
971,https://github.com/arccoxx/topoKEMP,40f5681c373e0b836f83e640144b83843c41fe2a,False,False,False,True
972,https://github.com/srkorwho/cheap-gpt.xyz,4655c8f4bee8a1ae684984ae6d648362425ca190,False,False,False,True
973,https://github.com/ArtixJP/twitch-plays-claude,8858d22908f1cce968e791f629b082174dd8a576,False,False,False,True
974,https://github.com/rbee-keeper/rbee,4a049b96e7b2650f768ae1c0d7a1ce354990880f,False,False,False,True
975,https://github.com/WilliamAvHolmberg/glenn-explore,5b40306259dcaa2fc7a0fbb32626f50c3bc99805,False,False,False,True
976,https://github.com/Detrol/quorum-cli,6366ca7cf31500babcff934b60fde4569c00722d,False,False,False,True
977,https://github.com/NomadCoreApp/NomadCore,e230f25aab00eecab48903fcb9c3ebc0d731b124,False,False,False,True
978,https://github.com/open-dev-society/openreadme,ec04e9e2cab6144dbf3a65be15d60ca64f218045,False,False,False,True
979,https://github.com/winstonkoh87/Athena-Public,e9d12ae154d215b0bbb3ef544707c80ec48e0b60,False,False,False,True
980,https://github.com/areu01or00/perf-hints,a5ac62f0532f3f7c84f17ca99b168937a76ee95d,False,False,False,True
981,https://github.com/DocHatty14/community-research-mcp,11ae4bf80e7be52481dacace0d3e6191f381410e,False,False,False,True
982,https://github.com/majoraexp/Taskwire,8b6691e804eeefcc5845f799a507f1c36c6d06c9,False,False,False,True
983,https://github.com/Danielmelody/ccconfig,0f68ac43b30b403a6f21e542049959f0df0e6549,False,False,False,True
984,https://github.com/Wirasm/astro-comp-lib,499d52c2ca23015bfa4569aba71ef7ac3ba767ad,False,False,False,True
985,https://github.com/harmoneer/taman,0a7c7d7a5a8ed1e85a51d4043cb6810124fe8ca5,False,False,False,True
986,https://github.com/CodeWithCJ/SparkyBudget,07bd4cdd0e17e332956d96bb52f4d35f69e8e197,False,False,False,True
987,https://github.com/nxtg-ai/SynApps-v0.4.0,6c339738c37443adc306711d2d745c2acaa74984,False,False,False,True
988,https://github.com/opspresso/toast-app,80ece99c7eb323cbf817f5bd98bab72ad410ad6a,False,False,False,True
989,https://github.com/MehmetMHY/cha,64e2caef72cdaf1b0f2fb3d28928b23ad87c1e6a,False,False,False,True
990,https://github.com/jguida941/CI-CD-BST-Demo-GitHub-Actions,d3487484361519cc238a4039975ba33c784e5c8c,False,False,False,True
991,https://github.com/GAIR-NLP/ASI-Arch,3113c51b04a1d4a7520a3b0238c6a08d3194d58f,False,False,False,True
992,https://github.com/pagaldilz/CodeVisions,d345701202eef188a24c6940a2c1ccea93a4b7a1,False,False,False,True
993,https://github.com/antonbelev/claude-owl,26967a9b48595555308ca1d75d812a7390ebe97b,False,False,False,True
994,https://github.com/Sharmil001/genz-lang,7d3bf2eec2d40f1d828a37d810dd98f242908c0d,False,False,False,True
995,https://github.com/SpynitterMina/StudyBuddy,913186e61ea4b5fda8cba215fe9934232df1e678,False,False,False,True
996,https://github.com/RestDB/codehooks-mcp-server,1d731aae446c43309b672d5763d5a7b2618360d6,False,False,False,True
997,https://github.com/magentic/flowlens-mcp-server,03bf80be4c84782b8209140b18d977b1e536c3a2,False,False,False,True
998,https://github.com/Ido-Levi/claude-code-tamagotchi,ccf9399f41571b2e025b8a8f5e782a5ef6f3e730,False,False,False,True
999,https://github.com/taubut/holy-paladin-raid-healing-simulator,1c3db69fd14ebb62760177ec2669c53aa7909d94,False,False,False,True
1000,https://github.com/katanemo/archgw,66100976590bff14c1a4b66f6a090c950a0aad3d,False,False,False,True
1001,https://github.com/GWUDCAP/cc-sessions,c9818256769a911406362af55eae078186ee0fba,False,False,False,True
1002,https://github.com/yusufkaraaslan/Skill_Seekers,0ca271cdcb5cc3f99da501c457eb4d9813b9cfc0,False,False,False,True
1003,https://github.com/RussellPetty/Rose-CLI-Agent,476b9cef7f02c867efdf8f3188f80e85da456313,False,False,False,True
1004,https://github.com/Egham-7/adaptive,03c4439b2429ffe4ebc91812475851091d1c65e3,False,False,False,True
1005,https://github.com/joachimBrindeau/domain-mcp,ae300b61947542121750b7f6169527cfef0ef7ac,False,False,False,True
1006,https://github.com/cmdaltctr/claude-gemini-mcp-slim,79f2303f1cc875853853755cd3659f0f71a4dc3f,False,False,False,True
1007,https://github.com/sriem/nextjs-contextify,c19fe503e32cc0dde086b769ca501aa64e86f50f,False,False,False,True
1008,https://github.com/Thrasher-Intelligence/sigil,ba6df01b4903b60f7c49553c3cb66beb52981dbc,False,False,False,True
1009,https://github.com/Maciek-roboblog/Claude-Code-Usage-Monitor,06f0fe11e694b8619f63f8b0db10dbdc5e7e5a44,False,False,False,True
1010,https://github.com/notch-ai/autosteer,7876658fa8a8ed32e2c2669cb65fb4cbc11c50f1,False,False,False,True
1011,https://github.com/augiefra/PastScreen,5a23f3a08f694425f8e80755a958a7d15f92fd02,False,False,False,True
1012,https://github.com/mannaandpoem/OpenManus,de594986fffebb379b82114cdbd03792ca9ada54,False,False,False,True
1013,https://github.com/kimeisele/steward-protocol,0b42dd77b871dbab4687805569539ec8fd13257f,False,False,False,True
1014,https://github.com/wilhelmsendk/wake-up-supabase,b307e4c17edc55110e9cc62f7d0775d1803371db,False,False,False,True
1015,https://github.com/wonderchatai/dockge-mcp,ed7ef4b7a899b3736557731c038bc4b6e9a9bf18,False,False,False,True
1016,https://github.com/gace-ai/vaac,da772a22ed42e6726d04ddc875cfb6a67fb5223a,False,False,False,True
1017,https://github.com/TeemuSo/saas-template-for-ai-lite,3809ce2adf16170c7286b839bd17b04826052ec6,False,False,False,True
1018,https://github.com/Laughingoctopus00/Clean-3d-1.0,5b964d12a09d2f8c0bcba49be7129bb095f06963,False,False,False,True
1019,https://github.com/fr4iser90/SimpleSecCheck,510b3ea913af3b9e3987aa128925dfcedd97148f,False,False,False,True
1020,https://github.com/realaurora-stw/windows-cursor,ca925e37d1533de33ea70343d2e9a0350130ad31,False,False,False,True
1021,https://github.com/AntoanBG3/crimeandpunishment,33a64640aae7e60a5920eb3817a8a62ceb00adda,False,False,False,True
1022,https://github.com/richard1912/PasteParty#features,03251a19bfe08ae38ec503e04e1eeab66690faed,False,False,False,True
1023,https://github.com/Random-Simulation/RandomSimulation,0ffc8b4e9a2aa27e1e20764d94f6d63725ec8c73,False,False,False,True
1024,https://github.com/DomEscobar/1000prototypes,9b6c6d41dfa1bdb4aeec52ff453e4704e0fc6bef,False,False,False,True
1025,https://github.com/Ark0N/AI-Code-Executor?utm_source=chatgpt.com,acdbbd5116a8aa932e71ac18aa90d66144d7123c,False,False,False,True
1026,https://github.com/sergeyklay/oar,fb59e7ae5223e9d38cf8222e437161d9eac13291,False,False,False,True
1027,https://github.com/ParallelUniverseProgrammer/MovieBot,351b86732d7d72491ea856d399ed3a943844853b,False,False,False,True
1028,https://github.com/rileylemm/chatmind,810b5a57b5ab4be7263974c77b7d62463b496af1,False,False,False,True
1029,https://github.com/rpgraffi/convert-compress,db292905ba7a0efb2310e2cb6f71d1255edf75c8,False,False,False,True
1030,https://github.com/JavierBaal/KairosFlow,5cc55b8113d3ac0bc4c31354609fcc1251728524,False,False,False,True
1031,https://github.com/thecodecentral/gshot-copy,64d060d5db004ae62e130c6057ee4d522add9b13,False,False,False,True
1032,https://github.com/andronov04/airena,945d73be1bf26324678d1e4d2e81b0e20a6a4ddd,False,False,False,True
1033,https://github.com/bpmforge/cortara,4776494d18f8a7b384e4ef7070000512aea93eb6,False,False,False,True
1034,https://github.com/DubblePumper/jacksmith-weapons-and-warriors-steam-hack,04978736a720554b5159b74a3eb4c3561c6714df,False,False,False,True
1035,https://github.com/sincerelyyyash/typespeed,fc6d1ca8b2308b2fc260fe273087472465dcad4d,False,False,False,True
1036,https://github.com/CodeBoarding/CodeBoarding,cea82364bd868597075d79a613a05013ced31391,False,False,False,True
1037,https://github.com/SuperThinking/tap-it,21bed75db39745079f05aaa42dfcfb14def638f5,False,False,False,True
1038,https://github.com/dimitritholen/airules,f3dc77e431a3edef274d11a1645fa0cc62cff4fe,False,False,False,True
1039,https://github.com/Launchable-AI/agentcontainers-community,c95f25230c32db8ce1b85f9b788b178b5c8a8416,False,False,False,True
1040,https://github.com/safedep/vet,63463061a59de6184e532f77b594e2236e53f34e,False,False,False,True
1041,https://github.com/summitsingh/ai-instagram-organizer,3382a3985c4a814d9d00a5a59c7880928a8ee446,False,False,False,True
1042,https://github.com/opspresso/toast,4dc5aded9fd6c4162dc3f3c003f414568910aa54,False,False,False,True
1043,https://github.com/naijagamerx/code-prompt-enhancer,4ea40dee3c9641da455039240d380ca0b8d15732,False,False,False,True
1044,https://github.com/zpix1/windisplay,ed3f2d0a4a003b335d00c584acf5fafb04cfa490,False,False,False,True
1045,https://github.com/stwok1/LinkedIn-Enhanced-Navigation-Extension,54621812071ef22f00f3bd3858e360156c6016fe,False,False,False,True
1046,https://github.com/ermanakar/animaltasksim,8d08b112ed3d2284fbf27025b4ac7cf6a60ff68a,False,False,False,True
1047,https://github.com/chris-rands/space-dino,2ff6407db7308758f135b3ade29d99613a8edfdc,False,False,False,True
1048,https://github.com/rlajustin/rn-cf-boilerplate,3379867d9f9511428f21e3cbc622c7d2e017e6f3,False,False,False,True
1049,https://github.com/digitaladaption/ccseva-windows,f1c50879d9804adde5125eeeea0d64ad6c55e826,False,False,False,True
1050,https://github.com/rockerritesh/vibe_coder,e0003a0d6332de8fa97025f3ce5ce51ce4587f32,False,False,False,True
1051,https://github.com/falktravis/Prompt-Builder,ef14f6be6c8cc747f62e013470224881b46bd650,False,False,False,True
1052,https://github.com/darksidemoney/memorycard,e8e5c80d2c039389e0f0d322222f0d05a6d364de,False,False,False,True
1053,https://github.com/Pierkstine/CONTXT,01ddf78467d1397a56b3780f27335d71e42cc6d8,False,False,False,True
1054,https://github.com/duke7able/gemini-mcp-desktop-client,1063465347a4ffe9aa2638f4bc4a20111d392cc2,False,False,False,True
1055,https://github.com/aniketkarne/ClaudeNightsWatch,056ef4899bb8834a1ee6257ff48338fd08adf77b,False,False,False,True
1056,https://github.com/techdebtgpt/pr-agent,138ecc68436956df2c404d9111d21109f1bea9d6,False,False,False,True
1057,https://github.com/BeffJezos/vasgit,69ad01c14c41b496d3b71ad2fbfa474ac2e44355,False,False,False,True
1058,https://github.com/Raezil/vibe,0aad7120d38ecac1dacff842d130f11118f4811d,False,False,False,True
1059,https://github.com/mmmbeer/playing-card-builder,ac2986739c26aa08df67282ce295ab3fbce84816,False,False,False,True
1060,https://github.com/ecurrencyhodler/savegrandma,0224cc828f68c679983f7af4dbc6b4099193b889,False,False,False,True
1061,https://github.com/opactorai/Claudable,2634077b0eecbf5affd1a8a88fe9f5b5bafde514,False,False,False,True
1062,https://github.com/fr4iser90/PIDEA-Spark,55e96801c4c77c3415b0280d67194959db8f44fb,False,False,False,True
1063,https://github.com/lucasfernandoprojects/training-ai-to-learn-chinese,2ca7087f805d4485f47666ce63520530b79f90d0,False,False,False,True
1064,https://github.com/bdavidriggins/VoxInput,7514f958e6a30786e52b7fec2e27ade627a036f3,False,False,False,True
1065,https://github.com/Ark0N/AI-Code-Executor,acdbbd5116a8aa932e71ac18aa90d66144d7123c,False,False,False,True
1066,https://github.com/DreadfulCode/smallest-cookie-banner,fd7be752cf0f35eeebc8ac2382f1be3d03897dcd,False,False,False,True
1067,https://github.com/eiondb/eion,833f51e0b05e5611273b6e0edf04c6e57121a6b7,False,False,False,True
1068,https://github.com/arrold/vibechck,f7f378f23e87d4f6a3b33d0b2f82863575700b24,False,False,False,True
1069,https://github.com/AvitalTamir/vibecommander,979de3e67d74fcd4dd84f249553c8ca0d6e1e855,False,False,False,True
1070,https://github.com/BrandeisPatrick/blank-space,8942728c424df378ae5f0dcd6dea6114759ee4fd,False,False,False,True
1071,https://github.com/ZenBerry/Prevent-global-video-unmute-on-Reddit,5052de5b677d5d3f637f3e30a67ed5a12b95d2b9,False,False,False,True
1072,https://github.com/fabriziosalmi/aidlp,1967cd6eaad9ff489752f9734ce75aa301490a0a,False,False,False,True
1073,https://github.com/mertcoder/europayouthscraper,ab31607e05238859d924ac1d76410888cab1f0aa,False,False,False,True
1074,https://github.com/OlegIGalkin/Code-Mind-Map,e0f34a74fd4375eea99e80797f9f98d3f7666156,False,False,False,True
1075,https://github.com/raghavpillai/branchlet,8a09f40c6efbaa183f3dc7f48b43d2a47c0676ad,False,False,False,True
1076,https://github.com/srbsa/knowledge-graph-gen,d4b1580b514e69243aff5b639003f3fd493390d8,False,False,False,True
1077,https://github.com/MarklarMarklar/mudcrawler,8aa9dcf5f198cc48e272c6ee4a9676f35798c163,False,False,False,True
1078,https://github.com/alejandroSuch/watt-wait,7a23bdaf4e23296a65faae3ebe98eaa4a2a32273,False,False,False,True
1079,https://github.com/infiniV/GitMind,f85bbcfb4d829a6192090c102c05a34f73125b1d,False,False,False,True
1080,https://github.com/elusznik/mcp-server-code-execution-mode,27d23b8e2c7666c442708d02dbe4e838e9a63038,False,False,False,True
1081,https://github.com/n3s-online/build-roulette,16fc6ebdad464f9a1173693b0b915801a8e42b60,False,False,False,True
1082,https://github.com/GoChien/crypto-trading-agent,401c598f840c343a75e5561e8d7c7b9b24ffbab8,False,False,False,True
1083,https://github.com/majidmanzarpour/vibe-styler,df6a1e0c9c5efd61f12f1cb0da6c3e320ef43e1e,False,False,False,True
1084,https://github.com/4regab/deepterm,97b7833e6f98017ab218177b40f23639d4f5feae,False,False,False,True
1085,https://github.com/SeloSlav/vibe-coding-starter-pack-2d-multiplayer-survival,3d3071ec632dab1c33b85b3ed3b8a61d4d27a51f,False,False,False,True
1086,https://github.com/TaimoorKhan10/AI-Fairness-Explainability-Toolkit,74ad5f68c942943abfc85c714bb09c4245c583e4,False,False,False,True
1087,https://github.com/RazBrry/AicodeGuard,83cbfca11c8709ae9e11bcf81b542f2c6309233c,False,False,False,True
1088,https://github.com/Cthomasdesign/ChunkMonk,1ebfbce9c824bb9e70bbb5dc665d7c3f4eb365a8,False,False,False,True
1089,https://github.com/smallmindsco/MongTap,2afe7716f9fb3764f47c582e93b16ce06141d57d,False,False,False,True
1090,https://github.com/josephwaugh312/VibeFlo,dfd7d172951a9e48bad566078577cc54ad3deb08,False,False,False,True
1091,https://github.com/MohamedDjoudir/nova-nextjs,0fe27ccdf271ac1b0da067adacacd987035c36a7,False,False,False,True
1092,https://github.com/krumjahn/applehealth,4487d77250631e894071671f502c1c8e25117bf6,False,False,False,True
1093,https://github.com/ShayanRas/mcp-vibe-package,42b0822372305d15fb144db407bc05f65c5d25b3,False,False,False,True
1094,https://github.com/omarseyam1729/windows-xp-folio,2e937ac9dc561f5262482ecaa831be7c1bbf237f,False,False,False,True
1095,https://github.com/SUertee/3d-interactive-christmas-tree,c5cf20085ec9c9a491b9c07a4f728d6c89abe87e,False,False,False,True
1096,https://github.com/JinayJain/dictator,33efff23df4dfc9dd165947018d64263427c72b2,False,False,False,True
1097,https://github.com/h8d13/CeleSun,a8ea809a254725b918218e2e984c65d195a02fc5,False,False,False,True
1098,https://github.com/mcgaheypaycen/PikPok,63565a31c9257f582c89b5d94d2556718a7d8091,False,False,False,True
1099,https://github.com/pixlie/SmartCrawler,36a3ba0329771873dd679dbd5c819170f5be07dc,False,False,False,True
1100,https://github.com/computerex/bronie,323c2f3d0887ad8616bbcee09c25d8bb2916a9cd,False,False,False,True
1101,https://github.com/Nickqiaoo/chatcode,4b6e774d2f108e0f144ce5258691285fcdfc0049,False,False,False,True
1102,https://github.com/andreskull/spec-driven-ai-coding,0068b2333f621bab02f851759648926bb3f1533b,False,False,False,True
1103,https://github.com/10xuio/aiseo,ceaff7cb3d892ef239444a751709374516edbdd0,False,False,False,True
1104,https://github.com/AdarshB7/patcha-engine,dfaa007b2e2f99bbb9e010c0343122b510aecbfe,False,False,False,True
1105,https://github.com/jguida941/pysort-visualizer,55ac0cd6b94e01b1a43216ca90649960249a3cdf,False,False,False,True
1106,https://github.com/sokinpui/coder,03f80ecb22d4629a769bdf8261393cb53517ef79,False,False,False,True
1107,https://github.com/InsForge/InsForge,49921b48900bb0377cca565f01bd4cc5931874d3,False,False,False,True
1108,https://github.com/hshadab/kinic-api,f150bf959cdc94696424ecccd09ebe94d3975b23,False,False,False,True
1109,https://github.com/sjackp/r2-gallery,c130bf9ff89c0ada5897890ac076e187f6cd5a0a,False,False,False,True
1110,https://github.com/fireproof-storage/vibes.diy,3f98694942c183e559d727e896b99a403a6b0ca1,False,False,False,True
1111,https://github.com/depli-ds/L-origine-des-mots,dbaccdf4bd3351d4a3901dcde9b842437a506533,False,False,False,True
1112,https://github.com/Howtoimagine/E8-Kaleidescope-AI,d7341ae2fddd76c529909873aaada7438f57e583,False,False,False,True
1113,https://github.com/rafaelchandane/wikipedia-terminal,1ae462e83a886e9ff49aeb45b20a2156819f1bbb,False,False,False,True
1114,https://github.com/Fennzo/CourtScrapper,c1377ced4655f51eb59d685959080fd1a55f03af,False,False,False,True
1115,https://github.com/rsfutch77/rulette,6acac80ed64b51db1312c72cc9767f68aaa2e1c8,False,False,False,True
1116,https://github.com/iamvaar-dev/heybro_chrome,05e3f8e4438829d9656e827da27bcad8c855d80c,False,False,False,True
1117,https://github.com/fbrzlarosa/stackbyte-website,24ee561bf149c3974c338f04f9bbb547f566afd8,False,False,False,True
1118,https://github.com/jeffkaufman/gcmidi,e48de96d93462f73bf058a191222bff5350019eb,False,False,False,True
1119,https://github.com/SSujitX/docklift,555236f5dbb134c7f70167bf2ce99ae8429ff167,False,False,False,True
1120,https://github.com/Chat2AnyLLM/awesome-claude-agents,25999b59f10d70c3a27284ae1cdcb65cbd1faec2,False,False,False,True
1121,https://github.com/juansebsol/supabase-keep-db-live,c2cfe3b218c6491c52dc6d77b145998ff005fa0f,False,False,False,True
1122,https://github.com/CyberTron957/viscord,747c7b3fbba232f7b49787cd56d9f5af9bb49643,False,False,False,True
1123,https://github.com/1337hero/yeet,929782b2885cb2f250e4ad2a7c797f291d6d3e45,False,False,False,True
1124,https://github.com/Suwot/mvd-coapp,7a99a8242f2bb9347ded8e2344633ed306eb6ba3,False,False,False,True
1125,https://github.com/fabriziosalmi/wildbox,d3c049ba85be1c8b30df0762c4d5edfd303304e5,False,False,False,True
1126,https://github.com/EdwardAThomson/Nebula-Rush,8526be40171736dfcab77e63e9cb45f0d21947a1,False,False,False,True
1127,https://github.com/MatiasDesuu/ThinkNote,0b57c92e2e619f82f78ba9ed72496e4bbb7dd070,False,False,False,True
1128,https://github.com/wasp-lang/open-saas,96baf5525f50b89a1e8afe173b76cbfca107b06e,False,False,False,True
1129,https://github.com/locagent/locagent.dev,45faf43fabf663496e4fac6af506296cd94672bf,False,False,False,True
1130,https://github.com/brainless/GroceryNana,d0186880784daafd4dfb7e53a723f6349fc06fc3,False,False,False,True
1131,https://github.com/jerilseb/context-collector,83b5f35833ab393f2af5ef3845d60fce6318c12b,False,False,False,True
1132,https://github.com/VoloBuilds/create-volo-app,aa4a69012157a1f105a3944c429fa19b2632f255,False,False,False,True
1133,https://github.com/Qualia-Li/git-summarizer,1ab1fb94b8911871e57384633fac5941f7b7bb65,False,False,False,True
1134,https://github.com/kaithoughtarchitect/noderr,5f0146d1d4d67d5a416c80cd821b3239ce397cb5,False,False,False,True
1135,https://github.com/nothans/clause-code,8e053f5628677f8e0ef5c875f817b0dead7be9ed,False,False,False,True
1136,https://github.com/JH8676/GitWho2Blame,ceb1b8a9d97f8cadb3e8fb4d4e9b963a7e93e0d3,False,False,False,True
1137,https://github.com/seegrei/kanv-ai,f6794b6e976db79a63ab268e957ff165719d9694,False,False,False,True
1138,https://github.com/szymontex/filharmonia-ai,7cdd0ce1cf903b8e191f48d16d4b674ee0811dec,False,False,False,True
1139,https://github.com/OptikR/OptikR?utm_source=chatgpt.com,f329714f5d7b2d92bf392f2207843bcc35a6ee9c,False,False,False,True
1140,https://github.com/tsylvester/paynless-framework,9ccb7c7948ee9fd4e1d8d4d750fbd9207d2e6d10,False,False,False,True
1141,https://github.com/zilliztech/CodeIndexer,766e38274555840bda4382dae08aa3825afa9e4e,False,False,False,True
1142,https://github.com/rgarth/TidePool,7c4cce1f3cbb8d35a23334cb406de944dbff3481,False,False,False,True
1143,https://github.com/zebangeth/rent-or-buy.homes,06d9d6fffd145c7644e93447a908046386da9a73,False,False,False,True
1144,https://github.com/Mote-Software/the-resistance,46a169510c81b7f61133477e5f4198e45fe5dff0,False,False,False,True
1145,https://github.com/rocketship-ai/rocketship,08e4e5043baf28a45539a12bb0908f8585944986,False,False,False,True
1146,https://github.com/akshayvkt/aiwrapped,d06ca69599462a6539093635cd366c444430ce75,False,False,False,True
1147,https://github.com/Ami3466/ai-live-log-bridge,f6a25aafa57c2ede08f101854c78e03ab29a1605,False,False,False,True
1148,https://github.com/imabeastdrew/resybot,0f19a22e928cebd530aa3b208e7f768a85403f48,False,False,False,True
1149,https://github.com/m1rl0k/Context-Engine?tab=readme-ov-file,b6b3dc7e9a19588745d7dfa66161f53599212541,False,False,False,True
1150,https://github.com/ehabhosam/react-ai-element,7cb4f9aae7cd084f09023ff8d168affc61968070,False,False,False,True
1151,https://github.com/BassanioMusic/Random-Melody-Generator,66f2404da16b8cf4fc6bec8a1387c510c6bd01b5,False,False,False,True
1152,https://github.com/empathy0/project_bundler,a9e265418cf0bbe2bd2249194c5651147455b5ec,False,False,False,True
1153,https://github.com/rm2thaddeus/Pixel_Detective,8e741807f9b04e4bbb5c1b5c6460cd271e600837,False,False,False,True
1154,https://github.com/TheRealSaiTama/Project-Chimera,21da80b493600a255e13945e15c020f0b07e567c,False,False,False,True
1155,https://github.com/johnhuang316/code-index-mcp,1a1407b6d594d682545b245ee7108c5b35546a90,False,False,False,True
1156,https://github.com/kof70/coolify-mcp-server,b0b807fb92ad0f43cf0fb99248c53587d33299d2,False,False,False,True
