url, age
https://github.com/Skowt/Loadr, {'repo': 'Skowt/Loadr', 'created_at': datetime.datetime(2014, 11, 27, 8, 25, 57, tzinfo=datetime.timezone.utc), 'target_date': datetime.datetime(2022, 8, 2, 19, 51, 39, tzinfo=datetime.timezone.utc), 'age_days': 2805}
https://github.com/AI-Spawn/Save-The-Turtles, {'repo': 'AI-Spawn/Save-The-Turtles', 'created_at': datetime.datetime(2021, 10, 21, 20, 44, 2, tzinfo=datetime.timezone.utc), 'target_date': datetime.datetime(2021, 10, 26, 0, 54, 10, tzinfo=datetime.timezone.utc), 'age_days': 4}
https://github.com/YigitGunduc/cycle, {'repo': 'YigitGunduc/cycle', 'created_at': datetime.datetime(2021, 11, 12, 13, 26, 48, tzinfo=datetime.timezone.utc), 'target_date': datetime.datetime(2021, 11, 17, 9, 6, 53, tzinfo=datetime.timezone.utc), 'age_days': 4}
https://github.com/saurabh0719/jett, {'repo': 'saurabh0719/jett', 'created_at': datetime.datetime(2022, 9, 18, 5, 31, 3, tzinfo=datetime.timezone.utc), 'target_date': datetime.datetime(2022, 9, 23, 13, 2, 53, tzinfo=datetime.timezone.utc), 'age_days': 5}
https://github.com/tn/climood, {'repo': 'tn/climood', 'created_at': datetime.datetime(2021, 9, 23, 22, 1, 31, tzinfo=datetime.timezone.utc), 'target_date': datetime.datetime(2021, 9, 23, 22, 23, 42, tzinfo=datetime.timezone.utc), 'age_days': 0}
https://github.com/PaulVLAD22/Wikipedia-Text-Formatter, {'repo': 'PaulVLAD22/Wikipedia-Text-Formatter', 'created_at': datetime.datetime(2022, 5, 23, 16, 21, 34, tzinfo=datetime.timezone.utc), 'target_date': datetime.datetime(2022, 5, 27, 7, 50, 24, tzinfo=datetime.timezone.utc), 'age_days': 3}
https://github.com/tibordp/coinflipper, {'repo': 'tibordp/coinflipper', 'created_at': datetime.datetime(2014, 5, 5, 14, 1, 50, tzinfo=datetime.timezone.utc), 'target_date': datetime.datetime(2022, 5, 27, 18, 4, 56, tzinfo=datetime.timezone.utc), 'age_days': 2944}
https://github.com/Mikescops/gitlab-notify-extension, {'repo': 'Mikescops/gitlab-notify-extension', 'created_at': datetime.datetime(2020, 3, 30, 7, 37, 11, tzinfo=datetime.timezone.utc), 'target_date': datetime.datetime(2022, 11, 11, 10, 1, 17, tzinfo=datetime.timezone.utc), 'age_days': 956}
https://github.com/Etheonor/supanextail-lite, {'repo': 'Etheonor/supanextail-lite', 'created_at': datetime.datetime(2022, 1, 21, 13, 46, 55, tzinfo=datetime.timezone.utc), 'target_date': datetime.datetime(2022, 1, 21, 13, 46, 57, tzinfo=datetime.timezone.utc), 'age_days': 0}
https://github.com/murfffi/zebra4j, {'repo': 'murfffi/zebra4j', 'created_at': datetime.datetime(2020, 9, 26, 16, 19, 23, tzinfo=datetime.timezone.utc), 'target_date': datetime.datetime(2022, 11, 21, 8, 1, 58, tzinfo=datetime.timezone.utc), 'age_days': 785}
https://github.com/GusSand/Anubis, {'repo': 'GusSand/Anubis', 'created_at': datetime.datetime(2019, 12, 20, 18, 4, 14, tzinfo=datetime.timezone.utc), 'target_date': datetime.datetime(2022, 11, 29, 2, 55, 40, tzinfo=datetime.timezone.utc), 'age_days': 1074}
https://github.com/junnoiri/two-dice-statistic, {'repo': 'junnoiri/two-dice-statistic', 'created_at': datetime.datetime(2021, 8, 7, 3, 28, 50, tzinfo=datetime.timezone.utc), 'target_date': datetime.datetime(2021, 8, 16, 19, 52, 53, tzinfo=datetime.timezone.utc), 'age_days': 9}
https://github.com/anshulxyz/todo-rs, {'repo': 'anshulxyz/todo-rs', 'created_at': datetime.datetime(2022, 6, 8, 6, 35, 8, tzinfo=datetime.timezone.utc), 'target_date': datetime.datetime(2022, 7, 12, 8, 46, 36, tzinfo=datetime.timezone.utc), 'age_days': 34}
https://github.com/Guuzzeji/Console-Against-Humans, {'repo': 'Guuzzeji/Console-Against-Humans', 'created_at': datetime.datetime(2020, 11, 8, 9, 26, 42, tzinfo=datetime.timezone.utc), 'target_date': datetime.datetime(2020, 11, 8, 9, 39, 16, tzinfo=datetime.timezone.utc), 'age_days': 0}
https://github.com/ctk-hq/ctk, {'repo': 'ctk-hq/ctk', 'created_at': datetime.datetime(2020, 6, 1, 14, 2, 4, tzinfo=datetime.timezone.utc), 'target_date': datetime.datetime(2022, 9, 8, 13, 9, 43, tzinfo=datetime.timezone.utc), 'age_days': 828}
https://github.com/mitchhit234/commerceDataVisualization, {'repo': 'mitchhit234/commerceDataVisualization', 'created_at': datetime.datetime(2021, 6, 2, 22, 20, 25, tzinfo=datetime.timezone.utc), 'target_date': datetime.datetime(2021, 9, 2, 17, 38, 4, tzinfo=datetime.timezone.utc), 'age_days': 91}
https://github.com/sam46/FuncMorph, {'repo': 'sam46/FuncMorph', 'created_at': datetime.datetime(2018, 6, 4, 5, 8, 36, tzinfo=datetime.timezone.utc), 'target_date': datetime.datetime(2018, 10, 19, 6, 4, 7, tzinfo=datetime.timezone.utc), 'age_days': 137}
https://github.com/sibis/producthunt-cli, {'repo': 'sibis/producthunt-cli', 'created_at': datetime.datetime(2020, 8, 17, 10, 29, 13, tzinfo=datetime.timezone.utc), 'target_date': datetime.datetime(2020, 8, 20, 8, 42, 13, tzinfo=datetime.timezone.utc), 'age_days': 2}
https://github.com/ZackHolmberg/RandomMeme, {'repo': 'ZackHolmberg/RandomMeme', 'created_at': datetime.datetime(2018, 12, 16, 21, 46, 41, tzinfo=datetime.timezone.utc), 'target_date': datetime.datetime(2020, 3, 11, 4, 55, 30, tzinfo=datetime.timezone.utc), 'age_days': 450}
https://github.com/black/ObserverJS, {'repo': 'black/ObserverJS', 'created_at': datetime.datetime(2022, 9, 18, 11, 39, 31, tzinfo=datetime.timezone.utc), 'target_date': datetime.datetime(2022, 9, 19, 4, 25, 56, tzinfo=datetime.timezone.utc), 'age_days': 0}
https://github.com/debiki/ed-server, {'repo': 'debiki/ed-server', 'created_at': datetime.datetime(2013, 6, 8, 3, 46, 12, tzinfo=datetime.timezone.utc), 'target_date': datetime.datetime(2022, 11, 20, 22, 6, 50, tzinfo=datetime.timezone.utc), 'age_days': 3452}
https://github.com/jkhan-007/contextually-app, {'repo': 'jkhan-007/contextually-app', 'created_at': datetime.datetime(2019, 3, 2, 18, 13, 31, tzinfo=datetime.timezone.utc), 'target_date': datetime.datetime(2019, 3, 24, 11, 48, 20, tzinfo=datetime.timezone.utc), 'age_days': 21}
https://github.com/SSamps/giftlist-front, {'repo': 'SSamps/giftlist-front', 'created_at': datetime.datetime(2021, 5, 28, 15, 17, 55, tzinfo=datetime.timezone.utc), 'target_date': datetime.datetime(2022, 8, 15, 16, 26, 27, tzinfo=datetime.timezone.utc), 'age_days': 444}
https://github.com/rbw/snow, {'repo': 'rbw/snow', 'created_at': datetime.datetime(2019, 11, 8, 23, 58, 9, tzinfo=datetime.timezone.utc), 'target_date': datetime.datetime(2021, 1, 24, 15, 38, 9, tzinfo=datetime.timezone.utc), 'age_days': 442}
https://github.com/2stable/meow, {'repo': '2stable/meow', 'created_at': datetime.datetime(2021, 11, 13, 12, 40, 8, tzinfo=datetime.timezone.utc), 'target_date': datetime.datetime(2022, 4, 5, 18, 28, 31, tzinfo=datetime.timezone.utc), 'age_days': 143}
https://github.com/mcmxcdev/ConcertMash, {'repo': 'mcmxcdev/ConcertMash', 'created_at': datetime.datetime(2021, 11, 1, 9, 35, 17, tzinfo=datetime.timezone.utc), 'target_date': datetime.datetime(2022, 9, 15, 9, 39, 10, tzinfo=datetime.timezone.utc), 'age_days': 318}
https://github.com/SergChr/qcv, {'repo': 'SergChr/qcv', 'created_at': datetime.datetime(2020, 7, 14, 17, 49, 24, tzinfo=datetime.timezone.utc), 'target_date': datetime.datetime(2020, 11, 20, 16, 13, 4, tzinfo=datetime.timezone.utc), 'age_days': 128}
https://github.com/johannesss/http-reponse, {'repo': 'johannesss/http-reponse', 'created_at': datetime.datetime(2022, 10, 14, 9, 41, 38, tzinfo=datetime.timezone.utc), 'target_date': datetime.datetime(2022, 10, 18, 15, 9, 19, tzinfo=datetime.timezone.utc), 'age_days': 4}
https://github.com/xxhomey19/nba-bar, {'repo': 'xxhomey19/nba-bar', 'created_at': datetime.datetime(2018, 4, 18, 3, 5, 19, tzinfo=datetime.timezone.utc), 'target_date': datetime.datetime(2019, 10, 28, 10, 31, 35, tzinfo=datetime.timezone.utc), 'age_days': 558}
https://github.com/euandmj/PlexSync-Mobile, {'repo': 'euandmj/PlexSync-Mobile', 'created_at': datetime.datetime(2019, 7, 26, 15, 47, 56, tzinfo=datetime.timezone.utc), 'target_date': datetime.datetime(2020, 3, 12, 22, 53, 30, tzinfo=datetime.timezone.utc), 'age_days': 230}
https://github.com/BoardiesITSolutions/DDHueAlert, {'repo': 'BoardiesITSolutions/DDHueAlert', 'created_at': datetime.datetime(2020, 1, 18, 13, 4, 39, tzinfo=datetime.timezone.utc), 'target_date': datetime.datetime(2020, 1, 18, 13, 6, 46, tzinfo=datetime.timezone.utc), 'age_days': 0}
https://github.com/Noovolari/leapp, {'repo': 'Noovolari/leapp', 'created_at': datetime.datetime(2020, 7, 28, 7, 54, 59, tzinfo=datetime.timezone.utc), 'target_date': datetime.datetime(2022, 11, 23, 10, 6, 37, tzinfo=datetime.timezone.utc), 'age_days': 848}
https://github.com/boyney123/eventbridge-atlas, {'repo': 'boyney123/eventbridge-atlas', 'created_at': datetime.datetime(2021, 4, 26, 5, 21, 8, tzinfo=datetime.timezone.utc), 'target_date': datetime.datetime(2022, 10, 3, 8, 58, 26, tzinfo=datetime.timezone.utc), 'age_days': 525}
https://github.com/RikudouSage/FirefoxTravoltaMemePatch#firefox-travolta-meme-patch, {'repo': 'RikudouSage/FirefoxTravoltaMemePatch#firefox-travolta-meme-patch', 'created_at': datetime.datetime(2021, 1, 18, 16, 31, 10, tzinfo=datetime.timezone.utc), 'target_date': datetime.datetime(2022, 2, 17, 18, 56, 24, tzinfo=datetime.timezone.utc), 'age_days': 395}
https://github.com/adnanh/webhook, {'repo': 'adnanh/webhook', 'created_at': datetime.datetime(2015, 1, 12, 20, 59, 11, tzinfo=datetime.timezone.utc), 'target_date': datetime.datetime(2022, 8, 31, 8, 30, 47, tzinfo=datetime.timezone.utc), 'age_days': 2787}
https://github.com/rittikbasu/yc-job-client, {'repo': 'rittikbasu/yc-job-client', 'created_at': datetime.datetime(2022, 11, 20, 23, 32, 26, tzinfo=datetime.timezone.utc), 'target_date': datetime.datetime(2022, 11, 23, 19, 20, 40, tzinfo=datetime.timezone.utc), 'age_days': 2}
https://github.com/caronc/apprise-api, {'repo': 'caronc/apprise-api', 'created_at': datetime.datetime(2019, 10, 27, 3, 53, 39, tzinfo=datetime.timezone.utc), 'target_date': datetime.datetime(2022, 11, 15, 22, 14, 27, tzinfo=datetime.timezone.utc), 'age_days': 1115}
https://github.com/AkashRajpurohit/the-office-quotes-api, {'repo': 'AkashRajpurohit/the-office-quotes-api', 'created_at': datetime.datetime(2022, 11, 12, 5, 53, 33, tzinfo=datetime.timezone.utc), 'target_date': datetime.datetime(2022, 11, 27, 16, 45, 29, tzinfo=datetime.timezone.utc), 'age_days': 15}
https://github.com/prabhatsharma/zinc, {'repo': 'prabhatsharma/zinc', 'created_at': datetime.datetime(2021, 12, 2, 12, 49, 41, tzinfo=datetime.timezone.utc), 'target_date': datetime.datetime(2022, 11, 29, 3, 6, 9, tzinfo=datetime.timezone.utc), 'age_days': 361}
https://github.com/atapas/promiviz, {'repo': 'atapas/promiviz', 'created_at': datetime.datetime(2021, 8, 18, 9, 47, 6, tzinfo=datetime.timezone.utc), 'target_date': datetime.datetime(2022, 10, 14, 12, 55, 30, tzinfo=datetime.timezone.utc), 'age_days': 422}
https://github.com/mach-kernel/fts-actors, {'repo': 'mach-kernel/fts-actors', 'created_at': datetime.datetime(2018, 10, 8, 16, 11, 26, tzinfo=datetime.timezone.utc), 'target_date': datetime.datetime(2018, 10, 10, 18, 7, 1, tzinfo=datetime.timezone.utc), 'age_days': 2}
https://github.com/oussamahamdaoui/noframework.js, {'repo': 'oussamahamdaoui/noframework.js', 'created_at': datetime.datetime(2019, 6, 18, 19, 57, 46, tzinfo=datetime.timezone.utc), 'target_date': datetime.datetime(2021, 9, 29, 0, 31, 33, tzinfo=datetime.timezone.utc), 'age_days': 833}
https://github.com/zafar-saleem/timeoff-app, {'repo': 'zafar-saleem/timeoff-app', 'created_at': datetime.datetime(2019, 1, 16, 13, 2, 39, tzinfo=datetime.timezone.utc), 'target_date': datetime.datetime(2019, 9, 12, 22, 59, 9, tzinfo=datetime.timezone.utc), 'age_days': 239}
https://github.com/alexander-heimbuch/millidocs, {'repo': 'alexander-heimbuch/millidocs', 'created_at': datetime.datetime(2017, 6, 8, 14, 52, 57, tzinfo=datetime.timezone.utc), 'target_date': datetime.datetime(2022, 5, 10, 6, 5, 59, tzinfo=datetime.timezone.utc), 'age_days': 1796}
https://github.com/cloutierjo/titleUrl, {'repo': 'cloutierjo/titleUrl', 'created_at': datetime.datetime(2017, 1, 3, 3, 52, 11, tzinfo=datetime.timezone.utc), 'target_date': datetime.datetime(2017, 11, 28, 0, 50, 17, tzinfo=datetime.timezone.utc), 'age_days': 328}
https://github.com/Pammota/Litere2, {'repo': 'Pammota/Litere2', 'created_at': datetime.datetime(2020, 10, 5, 18, 36, 25, tzinfo=datetime.timezone.utc), 'target_date': datetime.datetime(2021, 10, 25, 18, 44, 19, tzinfo=datetime.timezone.utc), 'age_days': 385}
https://github.com/anhtumai/roomie-backend, {'repo': 'anhtumai/roomie-backend', 'created_at': datetime.datetime(2021, 8, 29, 16, 46, 6, tzinfo=datetime.timezone.utc), 'target_date': datetime.datetime(2022, 1, 2, 9, 43, 37, tzinfo=datetime.timezone.utc), 'age_days': 125}
https://github.com/jasebanico/banicocms, {'repo': 'jasebanico/banicocms', 'created_at': datetime.datetime(2016, 2, 19, 17, 57, 5, tzinfo=datetime.timezone.utc), 'target_date': datetime.datetime(2022, 11, 14, 21, 17, 37, tzinfo=datetime.timezone.utc), 'age_days': 2460}
https://github.com/keis/stream-compiler, {'repo': 'keis/stream-compiler', 'created_at': datetime.datetime(2020, 11, 14, 17, 41, 2, tzinfo=datetime.timezone.utc), 'target_date': datetime.datetime(2021, 2, 28, 14, 19, 12, tzinfo=datetime.timezone.utc), 'age_days': 105}
https://github.com/TanayB11/jadeocr#Contribute, {'repo': 'TanayB11/jadeocr#Contribute', 'created_at': datetime.datetime(2019, 12, 22, 23, 34, 32, tzinfo=datetime.timezone.utc), 'target_date': datetime.datetime(2021, 3, 13, 0, 1, 9, tzinfo=datetime.timezone.utc), 'age_days': 446}
https://github.com/nathan-kuo/landmine, {'repo': 'nathan-kuo/landmine', 'created_at': datetime.datetime(2020, 10, 22, 11, 12, 24, tzinfo=datetime.timezone.utc), 'target_date': datetime.datetime(2021, 7, 19, 2, 50, 25, tzinfo=datetime.timezone.utc), 'age_days': 269}
https://github.com/Rishabh-malhotraa/caucus-server, {'repo': 'Rishabh-malhotraa/caucus-server', 'created_at': datetime.datetime(2021, 2, 25, 7, 42, 42, tzinfo=datetime.timezone.utc), 'target_date': datetime.datetime(2022, 3, 2, 13, 27, 14, tzinfo=datetime.timezone.utc), 'age_days': 370}
https://github.com/IliasHad/habitscript_vscode, {'repo': 'IliasHad/habitscript_vscode', 'created_at': datetime.datetime(2019, 6, 25, 10, 46, 16, tzinfo=datetime.timezone.utc), 'target_date': datetime.datetime(2019, 10, 25, 11, 41, 53, tzinfo=datetime.timezone.utc), 'age_days': 122}
https://github.com/arpit/grocerytimer-tracker, {'repo': 'arpit/grocerytimer-tracker', 'created_at': datetime.datetime(2022, 2, 18, 23, 44, 22, tzinfo=datetime.timezone.utc), 'target_date': datetime.datetime(2022, 2, 18, 23, 44, 23, tzinfo=datetime.timezone.utc), 'age_days': 0}
https://github.com/driemworks/mercury-blockchain, {'repo': 'driemworks/mercury-blockchain', 'created_at': datetime.datetime(2021, 2, 8, 23, 9, 45, tzinfo=datetime.timezone.utc), 'target_date': datetime.datetime(2021, 6, 3, 14, 15, 31, tzinfo=datetime.timezone.utc), 'age_days': 114}
https://github.com/TachyonCMS/tachyoncms, {'repo': 'TachyonCMS/tachyoncms', 'created_at': datetime.datetime(2022, 5, 23, 10, 34, 5, tzinfo=datetime.timezone.utc), 'target_date': datetime.datetime(2022, 9, 28, 10, 35, 3, tzinfo=datetime.timezone.utc), 'age_days': 128}
https://github.com/MarcPlaying/webSearch, {'repo': 'MarcPlaying/webSearch', 'created_at': datetime.datetime(2022, 10, 30, 9, 22, 59, tzinfo=datetime.timezone.utc), 'target_date': datetime.datetime(2022, 11, 4, 6, 39, 38, tzinfo=datetime.timezone.utc), 'age_days': 4}
https://github.com/meilisearch/MeiliSearch, {'repo': 'meilisearch/MeiliSearch', 'created_at': datetime.datetime(2018, 4, 23, 11, 45, 28, tzinfo=datetime.timezone.utc), 'target_date': datetime.datetime(2022, 11, 29, 9, 56, 22, tzinfo=datetime.timezone.utc), 'age_days': 1680}
https://github.com/nishant-boro/split-it-easy-android, {'repo': 'nishant-boro/split-it-easy-android', 'created_at': datetime.datetime(2019, 10, 19, 18, 53, 3, tzinfo=datetime.timezone.utc), 'target_date': datetime.datetime(2021, 1, 28, 14, 42, 41, tzinfo=datetime.timezone.utc), 'age_days': 466}
https://github.com/slouc/randit, {'repo': 'slouc/randit', 'created_at': datetime.datetime(2014, 7, 8, 22, 59, 47, tzinfo=datetime.timezone.utc), 'target_date': datetime.datetime(2015, 12, 17, 14, 21, 40, tzinfo=datetime.timezone.utc), 'age_days': 526}
https://github.com/quackduck/secret, {'repo': 'quackduck/secret', 'created_at': datetime.datetime(2021, 3, 22, 12, 51, 29, tzinfo=datetime.timezone.utc), 'target_date': datetime.datetime(2021, 12, 20, 21, 33, 26, tzinfo=datetime.timezone.utc), 'age_days': 273}
https://github.com/michaeldodis/tunedotsh, {'repo': 'michaeldodis/tunedotsh', 'created_at': datetime.datetime(2018, 8, 21, 14, 33, 10, tzinfo=datetime.timezone.utc), 'target_date': datetime.datetime(2018, 8, 30, 17, 10, tzinfo=datetime.timezone.utc), 'age_days': 9}
https://github.com/gunjankarun/just50words, {'repo': 'gunjankarun/just50words', 'created_at': datetime.datetime(2018, 2, 7, 15, 53, 46, tzinfo=datetime.timezone.utc), 'target_date': datetime.datetime(2018, 3, 19, 6, 10, 31, tzinfo=datetime.timezone.utc), 'age_days': 39}
https://github.com/RLD-JL/Just-Listen, {'repo': 'RLD-JL/Just-Listen', 'created_at': datetime.datetime(2022, 5, 22, 11, 49, 48, tzinfo=datetime.timezone.utc), 'target_date': datetime.datetime(2022, 7, 30, 19, 59, 35, tzinfo=datetime.timezone.utc), 'age_days': 69}
https://github.com/Andreilys/personal_dashboard, {'repo': 'Andreilys/personal_dashboard', 'created_at': datetime.datetime(2017, 9, 14, 20, 30, 18, tzinfo=datetime.timezone.utc), 'target_date': datetime.datetime(2019, 4, 26, 17, 34, 43, tzinfo=datetime.timezone.utc), 'age_days': 588}
https://github.com/mobilejazz/localname, {'repo': 'mobilejazz/localname', 'created_at': datetime.datetime(2019, 1, 30, 18, 35, 52, tzinfo=datetime.timezone.utc), 'target_date': datetime.datetime(2019, 3, 22, 15, 23, 26, tzinfo=datetime.timezone.utc), 'age_days': 50}
https://github.com/jankrepl/mltype, {'repo': 'jankrepl/mltype', 'created_at': datetime.datetime(2020, 10, 10, 8, 7, 12, tzinfo=datetime.timezone.utc), 'target_date': datetime.datetime(2022, 3, 23, 21, 23, 2, tzinfo=datetime.timezone.utc), 'age_days': 529}
https://github.com/saurabh0719/elara, {'repo': 'saurabh0719/elara', 'created_at': datetime.datetime(2021, 4, 4, 22, 33, 4, tzinfo=datetime.timezone.utc), 'target_date': datetime.datetime(2022, 9, 22, 15, 33, 30, tzinfo=datetime.timezone.utc), 'age_days': 535}
https://github.com/jarbun/downline, {'repo': 'jarbun/downline', 'created_at': datetime.datetime(2018, 12, 6, 12, 44, 59, tzinfo=datetime.timezone.utc), 'target_date': datetime.datetime(2020, 8, 27, 16, 14, 56, tzinfo=datetime.timezone.utc), 'age_days': 630}
https://github.com/theycallmemac/odin, {'repo': 'theycallmemac/odin', 'created_at': datetime.datetime(2020, 5, 16, 20, 0, 16, tzinfo=datetime.timezone.utc), 'target_date': datetime.datetime(2021, 1, 22, 12, 25, 8, tzinfo=datetime.timezone.utc), 'age_days': 250}
https://github.com/mykolaharmash/git-jump, {'repo': 'mykolaharmash/git-jump', 'created_at': datetime.datetime(2020, 7, 16, 14, 34, 13, tzinfo=datetime.timezone.utc), 'target_date': datetime.datetime(2021, 4, 15, 14, 24, 32, tzinfo=datetime.timezone.utc), 'age_days': 272}
https://github.com/jalal246/dflex, {'repo': 'jalal246/dflex', 'created_at': datetime.datetime(2020, 5, 12, 15, 14, 9, tzinfo=datetime.timezone.utc), 'target_date': datetime.datetime(2022, 9, 15, 18, 6, 34, tzinfo=datetime.timezone.utc), 'age_days': 856}
https://github.com/oslabs-beta/SocketLeague, {'repo': 'oslabs-beta/SocketLeague', 'created_at': datetime.datetime(2021, 12, 18, 2, 16, 3, tzinfo=datetime.timezone.utc), 'target_date': datetime.datetime(2022, 1, 20, 18, 0, 28, tzinfo=datetime.timezone.utc), 'age_days': 33}
https://github.com/lost-pixel/lost-pixel, {'repo': 'lost-pixel/lost-pixel', 'created_at': datetime.datetime(2021, 12, 20, 21, 29, 32, tzinfo=datetime.timezone.utc), 'target_date': datetime.datetime(2022, 11, 20, 23, 14, 42, tzinfo=datetime.timezone.utc), 'age_days': 335}
https://github.com/flancast90/Millidocs-Dark, {'repo': 'flancast90/Millidocs-Dark', 'created_at': datetime.datetime(2022, 7, 18, 18, 43, 29, tzinfo=datetime.timezone.utc), 'target_date': datetime.datetime(2022, 7, 19, 14, 56, 12, tzinfo=datetime.timezone.utc), 'age_days': 0}
https://github.com/grey-area/qcircuits, {'repo': 'grey-area/qcircuits', 'created_at': datetime.datetime(2019, 3, 8, 9, 58, 7, tzinfo=datetime.timezone.utc), 'target_date': datetime.datetime(2021, 1, 3, 12, 4, 15, tzinfo=datetime.timezone.utc), 'age_days': 667}
https://github.com/Seneral/FlagPlayer, {'repo': 'Seneral/FlagPlayer', 'created_at': datetime.datetime(2019, 9, 17, 10, 50, 17, tzinfo=datetime.timezone.utc), 'target_date': datetime.datetime(2022, 7, 20, 6, 32, 55, tzinfo=datetime.timezone.utc), 'age_days': 1036}
https://github.com/chartbrew/chartbrew, {'repo': 'chartbrew/chartbrew', 'created_at': datetime.datetime(2019, 8, 29, 13, 14, 17, tzinfo=datetime.timezone.utc), 'target_date': datetime.datetime(2022, 11, 27, 12, 57, 17, tzinfo=datetime.timezone.utc), 'age_days': 1185}
https://github.com/Ulysseassoo/ChatMore, {'repo': 'Ulysseassoo/ChatMore', 'created_at': datetime.datetime(2022, 1, 18, 13, 56, 27, tzinfo=datetime.timezone.utc), 'target_date': datetime.datetime(2022, 1, 24, 16, 8, 30, tzinfo=datetime.timezone.utc), 'age_days': 6}
https://github.com/moizahmedd/typelikethis, {'repo': 'moizahmedd/typelikethis', 'created_at': datetime.datetime(2020, 10, 6, 1, 31, 33, tzinfo=datetime.timezone.utc), 'target_date': datetime.datetime(2021, 3, 15, 17, 47, 17, tzinfo=datetime.timezone.utc), 'age_days': 160}
https://github.com/re-ce/rececss, {'repo': 're-ce/rececss', 'created_at': datetime.datetime(2020, 11, 24, 23, 39, 23, tzinfo=datetime.timezone.utc), 'target_date': datetime.datetime(2021, 8, 24, 13, 7, 14, tzinfo=datetime.timezone.utc), 'age_days': 272}
https://github.com/joshi008/gsoc-tagger, {'repo': 'joshi008/gsoc-tagger', 'created_at': datetime.datetime(2021, 2, 13, 4, 50, 10, tzinfo=datetime.timezone.utc), 'target_date': datetime.datetime(2022, 2, 24, 6, 27, 45, tzinfo=datetime.timezone.utc), 'age_days': 376}
https://github.com/gethari/StackExchange.NET, {'repo': 'gethari/StackExchange.NET', 'created_at': datetime.datetime(2019, 9, 6, 4, 20, 15, tzinfo=datetime.timezone.utc), 'target_date': datetime.datetime(2019, 10, 21, 10, 13, 36, tzinfo=datetime.timezone.utc), 'age_days': 45}
https://github.com/ikassim9/Marvel-Comics, {'repo': 'ikassim9/Marvel-Comics', 'created_at': datetime.datetime(2021, 11, 20, 21, 39, 44, tzinfo=datetime.timezone.utc), 'target_date': datetime.datetime(2022, 8, 27, 3, 0, 8, tzinfo=datetime.timezone.utc), 'age_days': 279}
https://github.com/HarelZeevi/Missile_Command, {'repo': 'HarelZeevi/Missile_Command', 'created_at': datetime.datetime(2022, 4, 8, 13, 54, 11, tzinfo=datetime.timezone.utc), 'target_date': datetime.datetime(2022, 4, 12, 19, 41, 13, tzinfo=datetime.timezone.utc), 'age_days': 4}
https://github.com/AJAYK-01/Yiflyx, {'repo': 'AJAYK-01/Yiflyx', 'created_at': datetime.datetime(2021, 1, 31, 18, 26, 34, tzinfo=datetime.timezone.utc), 'target_date': datetime.datetime(2021, 10, 23, 14, 18, 13, tzinfo=datetime.timezone.utc), 'age_days': 264}
https://github.com/gabrielkay/POTUS-Progress-Bar, {'repo': 'gabrielkay/POTUS-Progress-Bar', 'created_at': datetime.datetime(2019, 1, 21, 23, 47, 23, tzinfo=datetime.timezone.utc), 'target_date': datetime.datetime(2019, 1, 24, 5, 27, 28, tzinfo=datetime.timezone.utc), 'age_days': 2}
https://github.com/noxasch/shoji-extension-admin, {'repo': 'noxasch/shoji-extension-admin', 'created_at': datetime.datetime(2021, 7, 27, 16, 8, 43, tzinfo=datetime.timezone.utc), 'target_date': datetime.datetime(2021, 8, 17, 5, 39, 51, tzinfo=datetime.timezone.utc), 'age_days': 20}
https://github.com/abdmmar/wc-toast, {'repo': 'abdmmar/wc-toast', 'created_at': datetime.datetime(2021, 12, 13, 16, 54, 12, tzinfo=datetime.timezone.utc), 'target_date': datetime.datetime(2022, 10, 29, 18, 12, 21, tzinfo=datetime.timezone.utc), 'age_days': 320}
https://github.com/IngvarX/Camelot, {'repo': 'IngvarX/Camelot', 'created_at': datetime.datetime(2020, 3, 21, 20, 48, 11, tzinfo=datetime.timezone.utc), 'target_date': datetime.datetime(2022, 2, 14, 4, 50, 1, tzinfo=datetime.timezone.utc), 'age_days': 694}
https://github.com/JeeZeh/youtube-playlist-autosub-explorer, {'repo': 'JeeZeh/youtube-playlist-autosub-explorer', 'created_at': datetime.datetime(2020, 7, 28, 12, 52, 26, tzinfo=datetime.timezone.utc), 'target_date': datetime.datetime(2022, 4, 3, 14, 41, 25, tzinfo=datetime.timezone.utc), 'age_days': 614}
https://github.com/ananyadhananjaya/pomodora, {'repo': 'ananyadhananjaya/pomodora', 'created_at': datetime.datetime(2022, 6, 26, 17, 18, 45, tzinfo=datetime.timezone.utc), 'target_date': datetime.datetime(2022, 8, 12, 19, 42, 5, tzinfo=datetime.timezone.utc), 'age_days': 47}
https://github.com/saurabh0719/pswHash, {'repo': 'saurabh0719/pswHash', 'created_at': datetime.datetime(2021, 6, 2, 18, 28, 15, tzinfo=datetime.timezone.utc), 'target_date': datetime.datetime(2021, 6, 27, 2, 37, 27, tzinfo=datetime.timezone.utc), 'age_days': 24}
https://github.com/maximthomas/blazewall, {'repo': 'maximthomas/blazewall', 'created_at': datetime.datetime(2019, 8, 6, 11, 45, tzinfo=datetime.timezone.utc), 'target_date': datetime.datetime(2021, 7, 27, 9, 4, 38, tzinfo=datetime.timezone.utc), 'age_days': 720}
https://github.com/simplecto/screenshots, {'repo': 'simplecto/screenshots', 'created_at': datetime.datetime(2020, 1, 28, 23, 27, 13, tzinfo=datetime.timezone.utc), 'target_date': datetime.datetime(2022, 11, 22, 7, 2, 45, tzinfo=datetime.timezone.utc), 'age_days': 1028}
https://github.com/streetwriters/notesnook, {'repo': 'streetwriters/notesnook', 'created_at': datetime.datetime(2021, 4, 1, 17, 25, 54, tzinfo=datetime.timezone.utc), 'target_date': datetime.datetime(2022, 11, 28, 10, 25, 21, tzinfo=datetime.timezone.utc), 'age_days': 605}
https://github.com/Novartis/YADA, {'repo': 'Novartis/YADA', 'created_at': datetime.datetime(2016, 1, 25, 1, 54, 34, tzinfo=datetime.timezone.utc), 'target_date': datetime.datetime(2021, 5, 28, 22, 38, 4, tzinfo=datetime.timezone.utc), 'age_days': 1950}
https://github.com/the-illarionov/the-supersonic-plugin-for-scroll-based-animation, {'repo': 'the-illarionov/the-supersonic-plugin-for-scroll-based-animation', 'created_at': datetime.datetime(2022, 10, 15, 4, 3, 58, tzinfo=datetime.timezone.utc), 'target_date': datetime.datetime(2022, 11, 6, 10, 59, 55, tzinfo=datetime.timezone.utc), 'age_days': 22}
https://github.com/gamer2810/steam-miniprofile, {'repo': 'gamer2810/steam-miniprofile', 'created_at': datetime.datetime(2020, 7, 8, 10, 36, 58, tzinfo=datetime.timezone.utc), 'target_date': datetime.datetime(2022, 9, 5, 9, 22, 14, tzinfo=datetime.timezone.utc), 'age_days': 788}
https://github.com/galalen/simple-hand-calc, {'repo': 'galalen/simple-hand-calc', 'created_at': datetime.datetime(2019, 2, 13, 20, 35, 39, tzinfo=datetime.timezone.utc), 'target_date': datetime.datetime(2019, 2, 15, 14, 14, 16, tzinfo=datetime.timezone.utc), 'age_days': 1}
https://github.com/kyh/tc, {'repo': 'kyh/tc', 'created_at': datetime.datetime(2022, 3, 21, 3, 57, 48, tzinfo=datetime.timezone.utc), 'target_date': datetime.datetime(2022, 8, 29, 6, 59, 41, tzinfo=datetime.timezone.utc), 'age_days': 161}
https://github.com/cbrand/esp32-ir-remote, {'repo': 'cbrand/esp32-ir-remote', 'created_at': datetime.datetime(2020, 11, 29, 22, 1, 27, tzinfo=datetime.timezone.utc), 'target_date': datetime.datetime(2022, 7, 11, 10, 38, 35, tzinfo=datetime.timezone.utc), 'age_days': 588}
https://github.com/pvs1209pvs/Spent, {'repo': 'pvs1209pvs/Spent', 'created_at': datetime.datetime(2022, 5, 14, 4, 10, 32, tzinfo=datetime.timezone.utc), 'target_date': datetime.datetime(2022, 10, 24, 12, 50, 32, tzinfo=datetime.timezone.utc), 'age_days': 163}
https://github.com/thayallans/linkexploder, {'repo': 'thayallans/linkexploder', 'created_at': datetime.datetime(2021, 3, 1, 0, 43, 20, tzinfo=datetime.timezone.utc), 'target_date': datetime.datetime(2021, 3, 3, 7, 35, 24, tzinfo=datetime.timezone.utc), 'age_days': 2}
https://github.com/ollelogdahl/ihct, {'repo': 'ollelogdahl/ihct', 'created_at': datetime.datetime(2020, 12, 13, 20, 45, 53, tzinfo=datetime.timezone.utc), 'target_date': datetime.datetime(2021, 3, 31, 22, 23, 35, tzinfo=datetime.timezone.utc), 'age_days': 108}
https://github.com/hasithsen/simple-todo-list, {'repo': 'hasithsen/simple-todo-list', 'created_at': datetime.datetime(2020, 12, 18, 14, 18, 39, tzinfo=datetime.timezone.utc), 'target_date': datetime.datetime(2020, 12, 27, 9, 11, 31, tzinfo=datetime.timezone.utc), 'age_days': 8}
https://github.com/dgrcode/compalary, {'repo': 'dgrcode/compalary', 'created_at': datetime.datetime(2018, 9, 2, 17, 15, 37, tzinfo=datetime.timezone.utc), 'target_date': datetime.datetime(2022, 9, 12, 9, 6, 15, tzinfo=datetime.timezone.utc), 'age_days': 1470}
https://github.com/miratcan/internetguzeldir, {'repo': 'miratcan/internetguzeldir', 'created_at': datetime.datetime(2020, 10, 4, 10, 53, 46, tzinfo=datetime.timezone.utc), 'target_date': datetime.datetime(2022, 11, 8, 13, 16, 39, tzinfo=datetime.timezone.utc), 'age_days': 765}
https://github.com/linkinmedo/steam-roulette, {'repo': 'linkinmedo/steam-roulette', 'created_at': datetime.datetime(2018, 11, 26, 22, 18, 43, tzinfo=datetime.timezone.utc), 'target_date': datetime.datetime(2018, 12, 9, 0, 5, 3, tzinfo=datetime.timezone.utc), 'age_days': 12}
https://github.com/tmjeee/fuyuko, {'repo': 'tmjeee/fuyuko', 'created_at': datetime.datetime(2019, 7, 3, 5, 29, 27, tzinfo=datetime.timezone.utc), 'target_date': datetime.datetime(2022, 2, 8, 0, 43, 59, tzinfo=datetime.timezone.utc), 'age_days': 950}
https://github.com/starwiz-7/HackBot-Scraper, {'repo': 'starwiz-7/HackBot-Scraper', 'created_at': datetime.datetime(2021, 1, 10, 4, 30, 27, tzinfo=datetime.timezone.utc), 'target_date': datetime.datetime(2021, 2, 12, 8, 8, 31, tzinfo=datetime.timezone.utc), 'age_days': 33}
https://github.com/Steppschuh/PlaceTracking, {'repo': 'Steppschuh/PlaceTracking', 'created_at': datetime.datetime(2016, 3, 19, 14, 32, 28, tzinfo=datetime.timezone.utc), 'target_date': datetime.datetime(2017, 6, 3, 8, 24, 35, tzinfo=datetime.timezone.utc), 'age_days': 440}
https://github.com/rittikbasu/meme-generator, {'repo': 'rittikbasu/meme-generator', 'created_at': datetime.datetime(2022, 7, 18, 12, 38, 22, tzinfo=datetime.timezone.utc), 'target_date': datetime.datetime(2022, 9, 6, 15, 27, 26, tzinfo=datetime.timezone.utc), 'age_days': 50}
https://github.com/gravetii/diztl, {'repo': 'gravetii/diztl', 'created_at': datetime.datetime(2019, 2, 10, 6, 46, 54, tzinfo=datetime.timezone.utc), 'target_date': datetime.datetime(2021, 3, 4, 15, 44, 21, tzinfo=datetime.timezone.utc), 'age_days': 753}
https://github.com/MegaTKC/multiplayer-game, {'repo': 'MegaTKC/multiplayer-game', 'created_at': datetime.datetime(2021, 10, 19, 2, 0, tzinfo=datetime.timezone.utc), 'target_date': datetime.datetime(2021, 11, 13, 18, 11, tzinfo=datetime.timezone.utc), 'age_days': 25}
https://github.com/sgolovine/fav.sh, {'repo': 'sgolovine/fav.sh', 'created_at': datetime.datetime(2019, 3, 16, 19, 11, 9, tzinfo=datetime.timezone.utc), 'target_date': datetime.datetime(2020, 3, 8, 20, 7, 30, tzinfo=datetime.timezone.utc), 'age_days': 358}
https://github.com/snek152/ts-lib-template, {'repo': 'snek152/ts-lib-template', 'created_at': datetime.datetime(2022, 9, 7, 1, 43, 23, tzinfo=datetime.timezone.utc), 'target_date': datetime.datetime(2022, 9, 7, 1, 47, 43, tzinfo=datetime.timezone.utc), 'age_days': 0}
https://github.com/ammark47/BballApp, {'repo': 'ammark47/BballApp', 'created_at': datetime.datetime(2015, 12, 4, 0, 1, 28, tzinfo=datetime.timezone.utc), 'target_date': datetime.datetime(2016, 1, 24, 16, 54, 3, tzinfo=datetime.timezone.utc), 'age_days': 51}
https://github.com/tavyandy97/span-tree, {'repo': 'tavyandy97/span-tree', 'created_at': datetime.datetime(2020, 3, 19, 19, 5, 43, tzinfo=datetime.timezone.utc), 'target_date': datetime.datetime(2022, 9, 8, 15, 8, 33, tzinfo=datetime.timezone.utc), 'age_days': 902}
https://github.com/sgriffin53/ravenopeningsexplorer, {'repo': 'sgriffin53/ravenopeningsexplorer', 'created_at': datetime.datetime(2021, 3, 10, 11, 40, 20, tzinfo=datetime.timezone.utc), 'target_date': datetime.datetime(2021, 3, 11, 1, 13, 27, tzinfo=datetime.timezone.utc), 'age_days': 0}
https://github.com/booua/smogbar, {'repo': 'booua/smogbar', 'created_at': datetime.datetime(2020, 11, 15, 17, 3, 22, tzinfo=datetime.timezone.utc), 'target_date': datetime.datetime(2020, 12, 3, 0, 52, 27, tzinfo=datetime.timezone.utc), 'age_days': 17}
https://github.com/hkalexling/Mango, {'repo': 'hkalexling/Mango', 'created_at': datetime.datetime(2020, 2, 11, 22, 6, 7, tzinfo=datetime.timezone.utc), 'target_date': datetime.datetime(2022, 7, 31, 14, 53, 11, tzinfo=datetime.timezone.utc), 'age_days': 900}
https://github.com/VibhorCodecianGupta/Argus, {'repo': 'VibhorCodecianGupta/Argus', 'created_at': datetime.datetime(2020, 9, 23, 17, 36, 59, tzinfo=datetime.timezone.utc), 'target_date': datetime.datetime(2021, 8, 13, 14, 29, 41, tzinfo=datetime.timezone.utc), 'age_days': 323}
https://github.com/amirgamil/carly, {'repo': 'amirgamil/carly', 'created_at': datetime.datetime(2021, 4, 13, 22, 4, 16, tzinfo=datetime.timezone.utc), 'target_date': datetime.datetime(2021, 5, 9, 0, 1, 25, tzinfo=datetime.timezone.utc), 'age_days': 25}
https://github.com/rohitbatra1/Safari-Reverse-Image-Search, {'repo': 'rohitbatra1/Safari-Reverse-Image-Search', 'created_at': datetime.datetime(2020, 5, 14, 20, 57, 46, tzinfo=datetime.timezone.utc), 'target_date': datetime.datetime(2020, 7, 27, 4, 9, 23, tzinfo=datetime.timezone.utc), 'age_days': 73}
https://github.com/GaZaTu/x11-emoji-picker, {'repo': 'GaZaTu/x11-emoji-picker', 'created_at': datetime.datetime(2020, 10, 20, 19, 39, 35, tzinfo=datetime.timezone.utc), 'target_date': datetime.datetime(2022, 3, 10, 17, 24, 27, tzinfo=datetime.timezone.utc), 'age_days': 505}
https://github.com/techdervish/surflog, {'repo': 'techdervish/surflog', 'created_at': datetime.datetime(2019, 8, 22, 19, 34, 20, tzinfo=datetime.timezone.utc), 'target_date': datetime.datetime(2019, 8, 28, 15, 21, 17, tzinfo=datetime.timezone.utc), 'age_days': 5}
https://github.com/thomasmatt88/tfhub-od-easy, {'repo': 'thomasmatt88/tfhub-od-easy', 'created_at': datetime.datetime(2020, 10, 30, 3, 6, 53, tzinfo=datetime.timezone.utc), 'target_date': datetime.datetime(2020, 11, 11, 0, 49, 10, tzinfo=datetime.timezone.utc), 'age_days': 11}
https://github.com/aduranil/django-channels-react-multiplayer, {'repo': 'aduranil/django-channels-react-multiplayer', 'created_at': datetime.datetime(2019, 4, 20, 19, 58, 43, tzinfo=datetime.timezone.utc), 'target_date': datetime.datetime(2019, 9, 19, 19, 41, 33, tzinfo=datetime.timezone.utc), 'age_days': 151}
https://github.com/follow-github-organisation/fghx, {'repo': 'follow-github-organisation/fghx', 'created_at': datetime.datetime(2019, 8, 4, 4, 23, 16, tzinfo=datetime.timezone.utc), 'target_date': datetime.datetime(2019, 8, 17, 19, 5, 23, tzinfo=datetime.timezone.utc), 'age_days': 13}
https://github.com/sandoche/CuratedStack-nocode-template, {'repo': 'sandoche/CuratedStack-nocode-template', 'created_at': datetime.datetime(2020, 10, 1, 15, 44, 47, tzinfo=datetime.timezone.utc), 'target_date': datetime.datetime(2020, 12, 4, 21, 3, 9, tzinfo=datetime.timezone.utc), 'age_days': 64}
https://github.com/nedlir/OfficerBreaker, {'repo': 'nedlir/OfficerBreaker', 'created_at': datetime.datetime(2022, 2, 25, 15, 30, 14, tzinfo=datetime.timezone.utc), 'target_date': datetime.datetime(2022, 8, 2, 4, 16, 28, tzinfo=datetime.timezone.utc), 'age_days': 157}
https://github.com/mayur091193/readme-pro, {'repo': 'mayur091193/readme-pro', 'created_at': datetime.datetime(2022, 9, 13, 11, 59, 8, tzinfo=datetime.timezone.utc), 'target_date': datetime.datetime(2022, 10, 4, 9, 29, 48, tzinfo=datetime.timezone.utc), 'age_days': 20}
https://github.com/Shahzayb/freemage, {'repo': 'Shahzayb/freemage', 'created_at': datetime.datetime(2019, 8, 13, 23, 26, 47, tzinfo=datetime.timezone.utc), 'target_date': datetime.datetime(2020, 4, 21, 18, 35, 17, tzinfo=datetime.timezone.utc), 'age_days': 251}
https://github.com/sramezani/resume-builder, {'repo': 'sramezani/resume-builder', 'created_at': datetime.datetime(2020, 2, 9, 11, 23, 20, tzinfo=datetime.timezone.utc), 'target_date': datetime.datetime(2021, 6, 2, 14, 19, 51, tzinfo=datetime.timezone.utc), 'age_days': 479}
https://github.com/jlusPrivat/DestBox, {'repo': 'jlusPrivat/DestBox', 'created_at': datetime.datetime(2019, 6, 5, 19, 51, 35, tzinfo=datetime.timezone.utc), 'target_date': datetime.datetime(2019, 12, 8, 14, 25, 17, tzinfo=datetime.timezone.utc), 'age_days': 185}
https://github.com/acrlakshman/profileio, {'repo': 'acrlakshman/profileio', 'created_at': datetime.datetime(2020, 11, 9, 5, 25, 5, tzinfo=datetime.timezone.utc), 'target_date': datetime.datetime(2021, 9, 9, 17, 52, 39, tzinfo=datetime.timezone.utc), 'age_days': 304}
https://github.com/nilaymaj/esolang-park, {'repo': 'nilaymaj/esolang-park', 'created_at': datetime.datetime(2021, 4, 22, 8, 14, 56, tzinfo=datetime.timezone.utc), 'target_date': datetime.datetime(2022, 2, 26, 20, 15, 46, tzinfo=datetime.timezone.utc), 'age_days': 310}
https://github.com/lalitadithya/SimpleNetworking, {'repo': 'lalitadithya/SimpleNetworking', 'created_at': datetime.datetime(2020, 3, 30, 12, 58, 10, tzinfo=datetime.timezone.utc), 'target_date': datetime.datetime(2020, 4, 12, 6, 34, 56, tzinfo=datetime.timezone.utc), 'age_days': 12}
https://github.com/pa-aggarwal/playlist-converter, {'repo': 'pa-aggarwal/playlist-converter', 'created_at': datetime.datetime(2021, 5, 2, 3, 26, 11, tzinfo=datetime.timezone.utc), 'target_date': datetime.datetime(2021, 5, 21, 3, 31, 53, tzinfo=datetime.timezone.utc), 'age_days': 19}
https://github.com/vihdutta/autosort, {'repo': 'vihdutta/autosort', 'created_at': datetime.datetime(2021, 3, 2, 1, 4, 18, tzinfo=datetime.timezone.utc), 'target_date': datetime.datetime(2021, 12, 30, 5, 50, 50, tzinfo=datetime.timezone.utc), 'age_days': 303}
https://github.com/perryrh0dan/tmpo, {'repo': 'perryrh0dan/tmpo', 'created_at': datetime.datetime(2020, 3, 9, 18, 45, 6, tzinfo=datetime.timezone.utc), 'target_date': datetime.datetime(2022, 6, 6, 14, 12, 54, tzinfo=datetime.timezone.utc), 'age_days': 818}
https://github.com/dbgate/dbgate, {'repo': 'dbgate/dbgate', 'created_at': datetime.datetime(2019, 12, 24, 14, 55, 59, tzinfo=datetime.timezone.utc), 'target_date': datetime.datetime(2022, 11, 28, 20, 21, 37, tzinfo=datetime.timezone.utc), 'age_days': 1070}
https://github.com/alonstern/real-estate-tracker, {'repo': 'alonstern/real-estate-tracker', 'created_at': datetime.datetime(2022, 6, 25, 14, 12, 35, tzinfo=datetime.timezone.utc), 'target_date': datetime.datetime(2022, 10, 17, 10, 17, tzinfo=datetime.timezone.utc), 'age_days': 113}
https://github.com/AmruthPillai/Reactive-Resume, {'repo': 'AmruthPillai/Reactive-Resume', 'created_at': datetime.datetime(2020, 3, 25, 14, 8, 22, tzinfo=datetime.timezone.utc), 'target_date': datetime.datetime(2022, 11, 26, 13, 37, 48, tzinfo=datetime.timezone.utc), 'age_days': 975}
https://github.com/thephilomaths/sendight-backend, {'repo': 'thephilomaths/sendight-backend', 'created_at': datetime.datetime(2021, 4, 30, 16, 35, 11, tzinfo=datetime.timezone.utc), 'target_date': datetime.datetime(2021, 10, 18, 5, 4, 37, tzinfo=datetime.timezone.utc), 'age_days': 170}
https://github.com/okonek/tidal-cli-client, {'repo': 'okonek/tidal-cli-client', 'created_at': datetime.datetime(2017, 9, 3, 13, 9, 35, tzinfo=datetime.timezone.utc), 'target_date': datetime.datetime(2019, 5, 19, 12, 31, 39, tzinfo=datetime.timezone.utc), 'age_days': 622}
https://github.com/AmeyKamat/MEERA, {'repo': 'AmeyKamat/MEERA', 'created_at': datetime.datetime(2019, 1, 23, 19, 33, 3, tzinfo=datetime.timezone.utc), 'target_date': datetime.datetime(2020, 7, 17, 10, 19, 43, tzinfo=datetime.timezone.utc), 'age_days': 540}
https://github.com/SigNoz/signoz, {'repo': 'SigNoz/signoz', 'created_at': datetime.datetime(2021, 1, 3, 12, 44, 36, tzinfo=datetime.timezone.utc), 'target_date': datetime.datetime(2022, 11, 29, 12, 6, 31, tzinfo=datetime.timezone.utc), 'age_days': 694}
https://github.com/HDK101/unnoficial-gog-product-wrapper, {'repo': 'HDK101/unnoficial-gog-product-wrapper', 'created_at': datetime.datetime(2020, 6, 1, 21, 32, 46, tzinfo=datetime.timezone.utc), 'target_date': datetime.datetime(2021, 2, 27, 19, 14, 49, tzinfo=datetime.timezone.utc), 'age_days': 270}
https://github.com/cupcakearmy/ora, {'repo': 'cupcakearmy/ora', 'created_at': datetime.datetime(2020, 9, 17, 12, 23, 23, tzinfo=datetime.timezone.utc), 'target_date': datetime.datetime(2022, 4, 19, 12, 45, 6, tzinfo=datetime.timezone.utc), 'age_days': 579}
https://github.com/lconvictl/Account-Manager-Discord-Bot, {'repo': 'lconvictl/Account-Manager-Discord-Bot', 'created_at': datetime.datetime(2020, 10, 1, 12, 46, 39, tzinfo=datetime.timezone.utc), 'target_date': datetime.datetime(2020, 10, 5, 12, 6, 31, tzinfo=datetime.timezone.utc), 'age_days': 3}
https://github.com/anishshanbhag/Origin-Finder, {'repo': 'anishshanbhag/Origin-Finder', 'created_at': datetime.datetime(2020, 6, 24, 2, 9, 4, tzinfo=datetime.timezone.utc), 'target_date': datetime.datetime(2020, 6, 25, 2, 34, 6, tzinfo=datetime.timezone.utc), 'age_days': 1}
https://github.com/nkorai/DiyAuth, {'repo': 'nkorai/DiyAuth', 'created_at': datetime.datetime(2019, 2, 26, 1, 30, 54, tzinfo=datetime.timezone.utc), 'target_date': datetime.datetime(2019, 12, 29, 22, 54, 34, tzinfo=datetime.timezone.utc), 'age_days': 306}
https://github.com/fdemian/morpheus-frontend, {'repo': 'fdemian/morpheus-frontend', 'created_at': datetime.datetime(2020, 2, 8, 16, 26, 34, tzinfo=datetime.timezone.utc), 'target_date': datetime.datetime(2021, 6, 27, 16, 2, 11, tzinfo=datetime.timezone.utc), 'age_days': 504}
https://github.com/PACTCare/Pact.online, {'repo': 'PACTCare/Pact.online', 'created_at': datetime.datetime(2018, 9, 19, 7, 31, 24, tzinfo=datetime.timezone.utc), 'target_date': datetime.datetime(2019, 9, 10, 12, 23, 21, tzinfo=datetime.timezone.utc), 'age_days': 356}
https://github.com/AnalogJ/lodestone-test-docs, {'repo': 'AnalogJ/lodestone-test-docs', 'created_at': datetime.datetime(2019, 8, 22, 15, 48, 23, tzinfo=datetime.timezone.utc), 'target_date': datetime.datetime(2020, 1, 30, 3, 33, 30, tzinfo=datetime.timezone.utc), 'age_days': 160}
https://github.com/hvg2416/react-cli, {'repo': 'hvg2416/react-cli', 'created_at': datetime.datetime(2021, 6, 3, 5, 4, 48, tzinfo=datetime.timezone.utc), 'target_date': datetime.datetime(2021, 7, 1, 10, 10, 13, tzinfo=datetime.timezone.utc), 'age_days': 28}
https://github.com/LibrePhotos/librephotos, {'repo': 'LibrePhotos/librephotos', 'created_at': datetime.datetime(2020, 11, 11, 23, 8, 19, tzinfo=datetime.timezone.utc), 'target_date': datetime.datetime(2022, 11, 29, 14, 26, 58, tzinfo=datetime.timezone.utc), 'age_days': 747}
https://github.com/amirgamil/apollo, {'repo': 'amirgamil/apollo', 'created_at': datetime.datetime(2021, 7, 17, 0, 47, 48, tzinfo=datetime.timezone.utc), 'target_date': datetime.datetime(2021, 8, 26, 14, 0, 30, tzinfo=datetime.timezone.utc), 'age_days': 40}
https://github.com/b3z/homebrew-small, {'repo': 'b3z/homebrew-small', 'created_at': datetime.datetime(2020, 12, 27, 20, 28, tzinfo=datetime.timezone.utc), 'target_date': datetime.datetime(2022, 6, 12, 6, 25, 34, tzinfo=datetime.timezone.utc), 'age_days': 531}
https://github.com/mediv0/v-bucket, {'repo': 'mediv0/v-bucket', 'created_at': datetime.datetime(2020, 9, 24, 11, 59, 40, tzinfo=datetime.timezone.utc), 'target_date': datetime.datetime(2021, 2, 1, 15, 0, 36, tzinfo=datetime.timezone.utc), 'age_days': 130}
https://github.com/Racle/Reddit2Ebook, {'repo': 'Racle/Reddit2Ebook', 'created_at': datetime.datetime(2018, 9, 27, 17, 45, 5, tzinfo=datetime.timezone.utc), 'target_date': datetime.datetime(2022, 6, 18, 19, 39, 20, tzinfo=datetime.timezone.utc), 'age_days': 1360}
https://github.com/MrSnix/TTL74181, {'repo': 'MrSnix/TTL74181', 'created_at': datetime.datetime(2020, 3, 25, 19, 15, 40, tzinfo=datetime.timezone.utc), 'target_date': datetime.datetime(2020, 6, 4, 14, 11, 1, tzinfo=datetime.timezone.utc), 'age_days': 70}
https://github.com/KrossyKey/krossykey, {'repo': 'KrossyKey/krossykey', 'created_at': datetime.datetime(2018, 8, 10, 4, 29, 58, tzinfo=datetime.timezone.utc), 'target_date': datetime.datetime(2020, 10, 6, 5, 34, 39, tzinfo=datetime.timezone.utc), 'age_days': 788}
https://github.com/wxFormBuilder/wxFormBuilder, {'repo': 'wxFormBuilder/wxFormBuilder', 'created_at': datetime.datetime(2016, 9, 1, 17, 41, 41, tzinfo=datetime.timezone.utc), 'target_date': datetime.datetime(2022, 11, 7, 20, 41, 2, tzinfo=datetime.timezone.utc), 'age_days': 2258}
https://github.com/kingsteph23/Currency-Converter, {'repo': 'kingsteph23/Currency-Converter', 'created_at': datetime.datetime(2021, 6, 8, 15, 55, 24, tzinfo=datetime.timezone.utc), 'target_date': datetime.datetime(2021, 7, 7, 0, 25, 25, tzinfo=datetime.timezone.utc), 'age_days': 28}
https://github.com/souvikinator/notion-to-md, {'repo': 'souvikinator/notion-to-md', 'created_at': datetime.datetime(2021, 12, 4, 13, 11, 8, tzinfo=datetime.timezone.utc), 'target_date': datetime.datetime(2022, 8, 6, 19, 11, 17, tzinfo=datetime.timezone.utc), 'age_days': 245}
https://github.com/MitchellMarkGeorge/TabButler, {'repo': 'MitchellMarkGeorge/TabButler', 'created_at': datetime.datetime(2022, 6, 19, 3, 22, 17, tzinfo=datetime.timezone.utc), 'target_date': datetime.datetime(2022, 9, 11, 15, 27, 21, tzinfo=datetime.timezone.utc), 'age_days': 84}
https://github.com/Linbreux/wikmd, {'repo': 'Linbreux/wikmd', 'created_at': datetime.datetime(2020, 11, 24, 13, 54, 3, tzinfo=datetime.timezone.utc), 'target_date': datetime.datetime(2022, 11, 25, 13, 56, 58, tzinfo=datetime.timezone.utc), 'age_days': 731}
https://github.com/chiubeta/video_bookmarker, {'repo': 'chiubeta/video_bookmarker', 'created_at': datetime.datetime(2019, 5, 11, 9, 29, 1, tzinfo=datetime.timezone.utc), 'target_date': datetime.datetime(2022, 5, 7, 7, 19, tzinfo=datetime.timezone.utc), 'age_days': 1091}
https://github.com/dd3v/snippets.ninja, {'repo': 'dd3v/snippets.ninja', 'created_at': datetime.datetime(2022, 5, 7, 15, 46, 45, tzinfo=datetime.timezone.utc), 'target_date': datetime.datetime(2022, 11, 23, 21, 46, 23, tzinfo=datetime.timezone.utc), 'age_days': 200}
https://github.com/shamiul94/Subtitle-Synchronizer, {'repo': 'shamiul94/Subtitle-Synchronizer', 'created_at': datetime.datetime(2019, 10, 12, 9, 24, 6, tzinfo=datetime.timezone.utc), 'target_date': datetime.datetime(2020, 7, 9, 16, 58, 57, tzinfo=datetime.timezone.utc), 'age_days': 271}
https://github.com/profullstack/upvotocracy-ui-ssr, {'repo': 'profullstack/upvotocracy-ui-ssr', 'created_at': datetime.datetime(2020, 4, 8, 0, 1, 35, tzinfo=datetime.timezone.utc), 'target_date': datetime.datetime(2021, 7, 29, 15, 31, 12, tzinfo=datetime.timezone.utc), 'age_days': 477}
https://github.com/wileyyugioh/kissanime_dl, {'repo': 'wileyyugioh/kissanime_dl', 'created_at': datetime.datetime(2015, 12, 24, 9, 3, 5, tzinfo=datetime.timezone.utc), 'target_date': datetime.datetime(2017, 11, 13, 4, 57, 8, tzinfo=datetime.timezone.utc), 'age_days': 689}
https://github.com/PhysicsUofRAUI/RecSportsApp, {'repo': 'PhysicsUofRAUI/RecSportsApp', 'created_at': datetime.datetime(2018, 1, 22, 4, 0, 27, tzinfo=datetime.timezone.utc), 'target_date': datetime.datetime(2019, 7, 27, 19, 3, 29, tzinfo=datetime.timezone.utc), 'age_days': 551}
https://github.com/theterminalguy/floatcam, {'repo': 'theterminalguy/floatcam', 'created_at': datetime.datetime(2022, 11, 13, 17, 20, 3, tzinfo=datetime.timezone.utc), 'target_date': datetime.datetime(2022, 11, 17, 17, 16, 42, tzinfo=datetime.timezone.utc), 'age_days': 3}
https://github.com/kalyan427/Vaccine-Spotter, {'repo': 'kalyan427/Vaccine-Spotter', 'created_at': datetime.datetime(2021, 5, 6, 14, 45, 51, tzinfo=datetime.timezone.utc), 'target_date': datetime.datetime(2021, 5, 20, 18, 12, 16, tzinfo=datetime.timezone.utc), 'age_days': 14}
https://github.com/nickhir/pyfilemv, {'repo': 'nickhir/pyfilemv', 'created_at': datetime.datetime(2022, 10, 16, 13, 51, 29, tzinfo=datetime.timezone.utc), 'target_date': datetime.datetime(2022, 10, 17, 18, 7, 1, tzinfo=datetime.timezone.utc), 'age_days': 1}
https://github.com/varturas/PnlAITk, {'repo': 'varturas/PnlAITk', 'created_at': datetime.datetime(2021, 4, 21, 19, 52, 9, tzinfo=datetime.timezone.utc), 'target_date': datetime.datetime(2021, 4, 21, 20, 4, 57, tzinfo=datetime.timezone.utc), 'age_days': 0}
https://github.com/shubd-dev/Bank_app2, {'repo': 'shubd-dev/Bank_app2', 'created_at': datetime.datetime(2021, 1, 6, 14, 55, 40, tzinfo=datetime.timezone.utc), 'target_date': datetime.datetime(2021, 1, 6, 15, 9, 34, tzinfo=datetime.timezone.utc), 'age_days': 0}
https://github.com/carlosfrodrigues/silkscreen, {'repo': 'carlosfrodrigues/silkscreen', 'created_at': datetime.datetime(2020, 8, 10, 23, 50, 24, tzinfo=datetime.timezone.utc), 'target_date': datetime.datetime(2020, 8, 22, 1, 19, 33, tzinfo=datetime.timezone.utc), 'age_days': 11}
https://github.com/dikhim/uselessclicker, {'repo': 'dikhim/uselessclicker', 'created_at': datetime.datetime(2018, 6, 19, 22, 12, 35, tzinfo=datetime.timezone.utc), 'target_date': datetime.datetime(2019, 8, 25, 14, 53, 23, tzinfo=datetime.timezone.utc), 'age_days': 431}
https://github.com/PabloLec/StarryLines, {'repo': 'PabloLec/StarryLines', 'created_at': datetime.datetime(2022, 9, 8, 9, 13, 27, tzinfo=datetime.timezone.utc), 'target_date': datetime.datetime(2022, 11, 29, 6, 18, 50, tzinfo=datetime.timezone.utc), 'age_days': 81}
https://github.com/Ademking/WebCmd, {'repo': 'Ademking/WebCmd', 'created_at': datetime.datetime(2018, 11, 17, 13, 57, 25, tzinfo=datetime.timezone.utc), 'target_date': datetime.datetime(2018, 11, 21, 21, 37, 30, tzinfo=datetime.timezone.utc), 'age_days': 4}
https://github.com/abuuzayr/coronavirus-apps, {'repo': 'abuuzayr/coronavirus-apps', 'created_at': datetime.datetime(2020, 2, 5, 9, 8, 12, tzinfo=datetime.timezone.utc), 'target_date': datetime.datetime(2020, 8, 11, 2, 15, 35, tzinfo=datetime.timezone.utc), 'age_days': 187}
https://github.com/subins2000/p2pt, {'repo': 'subins2000/p2pt', 'created_at': datetime.datetime(2020, 4, 26, 19, 10, 52, tzinfo=datetime.timezone.utc), 'target_date': datetime.datetime(2022, 11, 17, 14, 32, 46, tzinfo=datetime.timezone.utc), 'age_days': 934}
https://github.com/kha7iq/pingme, {'repo': 'kha7iq/pingme', 'created_at': datetime.datetime(2021, 4, 13, 13, 49, 32, tzinfo=datetime.timezone.utc), 'target_date': datetime.datetime(2022, 7, 18, 4, 54, 51, tzinfo=datetime.timezone.utc), 'age_days': 460}
https://github.com/oskar-codes/simple-canvas, {'repo': 'oskar-codes/simple-canvas', 'created_at': datetime.datetime(2020, 3, 29, 12, 46, 13, tzinfo=datetime.timezone.utc), 'target_date': datetime.datetime(2020, 7, 18, 9, 0, 6, tzinfo=datetime.timezone.utc), 'age_days': 110}
https://github.com/devfake/years-to-read, {'repo': 'devfake/years-to-read', 'created_at': datetime.datetime(2018, 8, 6, 20, 6, 10, tzinfo=datetime.timezone.utc), 'target_date': datetime.datetime(2020, 10, 30, 12, 45, 35, tzinfo=datetime.timezone.utc), 'age_days': 815}
https://github.com/jweisbeck/Crossword, {'repo': 'jweisbeck/Crossword', 'created_at': datetime.datetime(2011, 8, 28, 18, 46, 31, tzinfo=datetime.timezone.utc), 'target_date': datetime.datetime(2013, 11, 1, 22, 26, 5, tzinfo=datetime.timezone.utc), 'age_days': 796}
https://github.com/bhavitvyamalik/DialogTag, {'repo': 'bhavitvyamalik/DialogTag', 'created_at': datetime.datetime(2020, 10, 3, 19, 35, 30, tzinfo=datetime.timezone.utc), 'target_date': datetime.datetime(2021, 3, 17, 19, 23, 1, tzinfo=datetime.timezone.utc), 'age_days': 164}
https://github.com/250/Steam-importer, {'repo': '250/Steam-importer', 'created_at': datetime.datetime(2017, 10, 28, 15, 20, 20, tzinfo=datetime.timezone.utc), 'target_date': datetime.datetime(2022, 8, 24, 20, 16, 45, tzinfo=datetime.timezone.utc), 'age_days': 1761}
https://github.com/nasimuddin01/portfolio-site-with-html-sass-and-js, {'repo': 'nasimuddin01/portfolio-site-with-html-sass-and-js', 'created_at': datetime.datetime(2022, 4, 16, 16, 59, 21, tzinfo=datetime.timezone.utc), 'target_date': datetime.datetime(2022, 9, 9, 11, 45, 53, tzinfo=datetime.timezone.utc), 'age_days': 145}
https://github.com/msjaber/marked.cc, {'repo': 'msjaber/marked.cc', 'created_at': datetime.datetime(2019, 11, 8, 11, 11, 3, tzinfo=datetime.timezone.utc), 'target_date': datetime.datetime(2019, 11, 22, 0, 0, 27, tzinfo=datetime.timezone.utc), 'age_days': 13}
https://github.com/kokimame/joytan, {'repo': 'kokimame/joytan', 'created_at': datetime.datetime(2017, 10, 5, 4, 38, 38, tzinfo=datetime.timezone.utc), 'target_date': datetime.datetime(2020, 5, 16, 18, 39, 43, tzinfo=datetime.timezone.utc), 'age_days': 954}
https://github.com/tsensei/spaceXtale, {'repo': 'tsensei/spaceXtale', 'created_at': datetime.datetime(2021, 7, 27, 5, 7, 8, tzinfo=datetime.timezone.utc), 'target_date': datetime.datetime(2021, 8, 1, 17, 41, 26, tzinfo=datetime.timezone.utc), 'age_days': 5}
https://github.com/radekxrandom/latin_dictionary_browser_extension, {'repo': 'radekxrandom/latin_dictionary_browser_extension', 'created_at': datetime.datetime(2020, 11, 16, 10, 6, 10, tzinfo=datetime.timezone.utc), 'target_date': datetime.datetime(2022, 8, 10, 7, 54, 51, tzinfo=datetime.timezone.utc), 'age_days': 631}
https://github.com/gregordr/ImageStore, {'repo': 'gregordr/ImageStore', 'created_at': datetime.datetime(2020, 12, 7, 13, 8, 36, tzinfo=datetime.timezone.utc), 'target_date': datetime.datetime(2022, 4, 15, 3, 7, 58, tzinfo=datetime.timezone.utc), 'age_days': 493}
https://github.com/isaacrlevin/PresenceLight, {'repo': 'isaacrlevin/PresenceLight', 'created_at': datetime.datetime(2020, 1, 10, 20, 54, 41, tzinfo=datetime.timezone.utc), 'target_date': datetime.datetime(2022, 11, 23, 20, 2, 18, tzinfo=datetime.timezone.utc), 'age_days': 1047}
https://github.com/krmax44/taggler, {'repo': 'krmax44/taggler', 'created_at': datetime.datetime(2019, 8, 12, 15, 34, 45, tzinfo=datetime.timezone.utc), 'target_date': datetime.datetime(2019, 12, 26, 4, 47, 33, tzinfo=datetime.timezone.utc), 'age_days': 135}
https://github.com/ansnoussi/CutCat, {'repo': 'ansnoussi/CutCat', 'created_at': datetime.datetime(2021, 4, 30, 21, 23, 58, tzinfo=datetime.timezone.utc), 'target_date': datetime.datetime(2021, 10, 19, 23, 47, 14, tzinfo=datetime.timezone.utc), 'age_days': 172}
https://github.com/alexpdp7/zqxjkcrud, {'repo': 'alexpdp7/zqxjkcrud', 'created_at': datetime.datetime(2018, 3, 17, 10, 42, 34, tzinfo=datetime.timezone.utc), 'target_date': datetime.datetime(2022, 11, 19, 10, 33, 34, tzinfo=datetime.timezone.utc), 'age_days': 1707}
https://github.com/kenkpix/diabetes_risk_prediction, {'repo': 'kenkpix/diabetes_risk_prediction', 'created_at': datetime.datetime(2020, 8, 11, 13, 11, 15, tzinfo=datetime.timezone.utc), 'target_date': datetime.datetime(2020, 8, 22, 10, 49, 45, tzinfo=datetime.timezone.utc), 'age_days': 10}
https://github.com/amirgamil/flora, {'repo': 'amirgamil/flora', 'created_at': datetime.datetime(2021, 8, 2, 5, 22, 39, tzinfo=datetime.timezone.utc), 'target_date': datetime.datetime(2021, 8, 22, 20, 17, 1, tzinfo=datetime.timezone.utc), 'age_days': 20}
https://github.com/AlexNabokikh/windows-playbook, {'repo': 'AlexNabokikh/windows-playbook', 'created_at': datetime.datetime(2021, 10, 17, 11, 1, 30, tzinfo=datetime.timezone.utc), 'target_date': datetime.datetime(2022, 9, 3, 16, 10, 24, tzinfo=datetime.timezone.utc), 'age_days': 321}
https://github.com/fayazara/fluenticons, {'repo': 'fayazara/fluenticons', 'created_at': datetime.datetime(2020, 11, 27, 13, 2, 28, tzinfo=datetime.timezone.utc), 'target_date': datetime.datetime(2022, 11, 23, 0, 10, 27, tzinfo=datetime.timezone.utc), 'age_days': 725}
https://github.com/realdennis/vue-tarot, {'repo': 'realdennis/vue-tarot', 'created_at': datetime.datetime(2018, 4, 20, 21, 53, 10, tzinfo=datetime.timezone.utc), 'target_date': datetime.datetime(2019, 3, 22, 13, 58, 42, tzinfo=datetime.timezone.utc), 'age_days': 335}
https://github.com/hmshreyas7/dish-wish, {'repo': 'hmshreyas7/dish-wish', 'created_at': datetime.datetime(2020, 4, 25, 21, 21, 52, tzinfo=datetime.timezone.utc), 'target_date': datetime.datetime(2020, 7, 25, 13, 24, 24, tzinfo=datetime.timezone.utc), 'age_days': 90}
https://github.com/deepto98/semblance-game, {'repo': 'deepto98/semblance-game', 'created_at': datetime.datetime(2022, 3, 8, 6, 26, 44, tzinfo=datetime.timezone.utc), 'target_date': datetime.datetime(2022, 3, 12, 4, 20, 54, tzinfo=datetime.timezone.utc), 'age_days': 3}
https://github.com/endorama/2ami, {'repo': 'endorama/2ami', 'created_at': datetime.datetime(2018, 6, 26, 23, 50, 23, tzinfo=datetime.timezone.utc), 'target_date': datetime.datetime(2022, 9, 15, 14, 21, 9, tzinfo=datetime.timezone.utc), 'age_days': 1541}
https://github.com/EvanBurbidge/git-glance, {'repo': 'EvanBurbidge/git-glance', 'created_at': datetime.datetime(2021, 9, 7, 12, 43, 53, tzinfo=datetime.timezone.utc), 'target_date': datetime.datetime(2021, 10, 24, 16, 33, 11, tzinfo=datetime.timezone.utc), 'age_days': 47}
https://github.com/mcnaveen/Random-Words-API, {'repo': 'mcnaveen/Random-Words-API', 'created_at': datetime.datetime(2020, 10, 30, 3, 6, 46, tzinfo=datetime.timezone.utc), 'target_date': datetime.datetime(2022, 10, 16, 6, 26, 31, tzinfo=datetime.timezone.utc), 'age_days': 716}
https://github.com/alexkim205/g-desktop-suite, {'repo': 'alexkim205/g-desktop-suite', 'created_at': datetime.datetime(2018, 10, 4, 22, 1, 44, tzinfo=datetime.timezone.utc), 'target_date': datetime.datetime(2021, 4, 16, 19, 55, 6, tzinfo=datetime.timezone.utc), 'age_days': 924}
https://github.com/cjdellomes/vibe-graph, {'repo': 'cjdellomes/vibe-graph', 'created_at': datetime.datetime(2020, 3, 9, 4, 45, 39, tzinfo=datetime.timezone.utc), 'target_date': datetime.datetime(2022, 4, 20, 6, 47, 42, tzinfo=datetime.timezone.utc), 'age_days': 772}
https://github.com/akashrchandran/Rayso-API, {'repo': 'akashrchandran/Rayso-API', 'created_at': datetime.datetime(2022, 7, 4, 18, 39, 39, tzinfo=datetime.timezone.utc), 'target_date': datetime.datetime(2022, 7, 6, 2, 12, 25, tzinfo=datetime.timezone.utc), 'age_days': 1}
https://github.com/navneetsharmaui/discover-twitter-spaces, {'repo': 'navneetsharmaui/discover-twitter-spaces', 'created_at': datetime.datetime(2021, 12, 4, 12, 35, 4, tzinfo=datetime.timezone.utc), 'target_date': datetime.datetime(2022, 3, 29, 11, 9, 51, tzinfo=datetime.timezone.utc), 'age_days': 114}
https://github.com/polarsteps-tracker/polarsteps-slack-bot, {'repo': 'polarsteps-tracker/polarsteps-slack-bot', 'created_at': datetime.datetime(2022, 4, 22, 8, 31, 27, tzinfo=datetime.timezone.utc), 'target_date': datetime.datetime(2022, 5, 20, 8, 37, 25, tzinfo=datetime.timezone.utc), 'age_days': 28}
https://github.com/retro/writisan, {'repo': 'retro/writisan', 'created_at': datetime.datetime(2016, 5, 14, 8, 5, 47, tzinfo=datetime.timezone.utc), 'target_date': datetime.datetime(2016, 5, 14, 19, 25, 16, tzinfo=datetime.timezone.utc), 'age_days': 0}
https://github.com/sandoche/Terminhack, {'repo': 'sandoche/Terminhack', 'created_at': datetime.datetime(2020, 8, 26, 15, 29, 32, tzinfo=datetime.timezone.utc), 'target_date': datetime.datetime(2021, 4, 15, 17, 31, 4, tzinfo=datetime.timezone.utc), 'age_days': 232}
https://github.com/mathjeff/ActivityRecommender, {'repo': 'mathjeff/ActivityRecommender', 'created_at': datetime.datetime(2011, 12, 12, 20, 51, 54, tzinfo=datetime.timezone.utc), 'target_date': datetime.datetime(2022, 10, 27, 14, 10, 20, tzinfo=datetime.timezone.utc), 'age_days': 3971}
https://github.com/spaceyour/dragerweb, {'repo': 'spaceyour/dragerweb', 'created_at': datetime.datetime(2021, 3, 4, 9, 48, 40, tzinfo=datetime.timezone.utc), 'target_date': datetime.datetime(2021, 3, 15, 9, 57, 18, tzinfo=datetime.timezone.utc), 'age_days': 11}
https://github.com/AI-Spawn/celeste-bot, {'repo': 'AI-Spawn/celeste-bot', 'created_at': datetime.datetime(2022, 8, 21, 18, 37, 58, tzinfo=datetime.timezone.utc), 'target_date': datetime.datetime(2022, 10, 8, 17, 47, 31, tzinfo=datetime.timezone.utc), 'age_days': 47}
https://github.com/bennetdev/todolist, {'repo': 'bennetdev/todolist', 'created_at': datetime.datetime(2020, 11, 3, 16, 44, 14, tzinfo=datetime.timezone.utc), 'target_date': datetime.datetime(2020, 11, 14, 21, 43, 50, tzinfo=datetime.timezone.utc), 'age_days': 11}
https://github.com/warrenday/graphql-network-inspector, {'repo': 'warrenday/graphql-network-inspector', 'created_at': datetime.datetime(2020, 8, 27, 13, 1, 34, tzinfo=datetime.timezone.utc), 'target_date': datetime.datetime(2022, 11, 21, 9, 56, 15, tzinfo=datetime.timezone.utc), 'age_days': 815}
https://github.com/vadootvpeer/sdk-android, {'repo': 'vadootvpeer/sdk-android', 'created_at': datetime.datetime(2020, 4, 25, 5, 24, 39, tzinfo=datetime.timezone.utc), 'target_date': datetime.datetime(2021, 2, 9, 21, 53, 34, tzinfo=datetime.timezone.utc), 'age_days': 290}
https://github.com/nik-suri/MyTruth, {'repo': 'nik-suri/MyTruth', 'created_at': datetime.datetime(2020, 4, 25, 0, 53, 41, tzinfo=datetime.timezone.utc), 'target_date': datetime.datetime(2021, 3, 21, 20, 44, 5, tzinfo=datetime.timezone.utc), 'age_days': 330}
https://github.com/itays123/partydeck, {'repo': 'itays123/partydeck', 'created_at': datetime.datetime(2020, 10, 27, 6, 58, 11, tzinfo=datetime.timezone.utc), 'target_date': datetime.datetime(2021, 8, 13, 9, 30, 21, tzinfo=datetime.timezone.utc), 'age_days': 290}
https://github.com/benharvie/AmaPrice-API, {'repo': 'benharvie/AmaPrice-API', 'created_at': datetime.datetime(2020, 12, 15, 9, 54, 58, tzinfo=datetime.timezone.utc), 'target_date': datetime.datetime(2022, 5, 31, 9, 42, 2, tzinfo=datetime.timezone.utc), 'age_days': 531}
https://github.com/novelCOVID/API, {'repo': 'novelCOVID/API', 'created_at': datetime.datetime(2020, 3, 5, 5, 28, 12, tzinfo=datetime.timezone.utc), 'target_date': datetime.datetime(2022, 5, 18, 14, 13, 6, tzinfo=datetime.timezone.utc), 'age_days': 804}
https://github.com/Pronoy999/VaccineAvailabilityNotifier, {'repo': 'Pronoy999/VaccineAvailabilityNotifier', 'created_at': datetime.datetime(2021, 5, 4, 13, 15, 56, tzinfo=datetime.timezone.utc), 'target_date': datetime.datetime(2021, 9, 14, 7, 19, 57, tzinfo=datetime.timezone.utc), 'age_days': 132}
https://github.com/MoeinMavini/sema, {'repo': 'MoeinMavini/sema', 'created_at': datetime.datetime(2021, 3, 19, 16, 13, 23, tzinfo=datetime.timezone.utc), 'target_date': datetime.datetime(2021, 6, 21, 8, 2, 21, tzinfo=datetime.timezone.utc), 'age_days': 93}
https://github.com/ndelnano/recently-played-playlists-parser, {'repo': 'ndelnano/recently-played-playlists-parser', 'created_at': datetime.datetime(2018, 9, 30, 18, 50, 9, tzinfo=datetime.timezone.utc), 'target_date': datetime.datetime(2020, 10, 24, 4, 14, 32, tzinfo=datetime.timezone.utc), 'age_days': 754}
https://github.com/slavcoder/timer, {'repo': 'slavcoder/timer', 'created_at': datetime.datetime(2021, 2, 3, 8, 15, 42, tzinfo=datetime.timezone.utc), 'target_date': datetime.datetime(2021, 3, 3, 22, 8, 51, tzinfo=datetime.timezone.utc), 'age_days': 28}
https://github.com/m-kus/testex, {'repo': 'm-kus/testex', 'created_at': datetime.datetime(2018, 11, 27, 14, 30, 52, tzinfo=datetime.timezone.utc), 'target_date': datetime.datetime(2019, 2, 14, 9, 48, 27, tzinfo=datetime.timezone.utc), 'age_days': 78}
https://github.com/harttle/clipbrd-share, {'repo': 'harttle/clipbrd-share', 'created_at': datetime.datetime(2019, 7, 11, 13, 24, 25, tzinfo=datetime.timezone.utc), 'target_date': datetime.datetime(2019, 12, 30, 10, 57, tzinfo=datetime.timezone.utc), 'age_days': 171}
https://github.com/Nevin1901/nweather, {'repo': 'Nevin1901/nweather', 'created_at': datetime.datetime(2020, 7, 7, 14, 44, 48, tzinfo=datetime.timezone.utc), 'target_date': datetime.datetime(2021, 3, 5, 8, 54, 56, tzinfo=datetime.timezone.utc), 'age_days': 240}
https://github.com/mc51/Corona-Test-Comparison, {'repo': 'mc51/Corona-Test-Comparison', 'created_at': datetime.datetime(2022, 1, 18, 23, 5, 13, tzinfo=datetime.timezone.utc), 'target_date': datetime.datetime(2022, 2, 5, 14, 10, 46, tzinfo=datetime.timezone.utc), 'age_days': 17}
https://github.com/rish-16/sight, {'repo': 'rish-16/sight', 'created_at': datetime.datetime(2019, 12, 2, 12, 45, 13, tzinfo=datetime.timezone.utc), 'target_date': datetime.datetime(2021, 3, 28, 7, 48, 28, tzinfo=datetime.timezone.utc), 'age_days': 481}
https://github.com/apoclyps/reviews, {'repo': 'apoclyps/reviews', 'created_at': datetime.datetime(2021, 2, 26, 16, 51, 52, tzinfo=datetime.timezone.utc), 'target_date': datetime.datetime(2022, 11, 28, 9, 1, 35, tzinfo=datetime.timezone.utc), 'age_days': 639}
https://github.com/SSamps/giftlist-back, {'repo': 'SSamps/giftlist-back', 'created_at': datetime.datetime(2021, 5, 28, 15, 17, 38, tzinfo=datetime.timezone.utc), 'target_date': datetime.datetime(2022, 3, 25, 19, 6, 43, tzinfo=datetime.timezone.utc), 'age_days': 301}
https://github.com/joeattardi/tailstreamer, {'repo': 'joeattardi/tailstreamer', 'created_at': datetime.datetime(2014, 1, 10, 21, 28, 17, tzinfo=datetime.timezone.utc), 'target_date': datetime.datetime(2015, 11, 17, 22, 16, tzinfo=datetime.timezone.utc), 'age_days': 676}
https://github.com/sam46/Agar.io-Clone, {'repo': 'sam46/Agar.io-Clone', 'created_at': datetime.datetime(2016, 6, 29, 7, 4, 12, tzinfo=datetime.timezone.utc), 'target_date': datetime.datetime(2019, 9, 21, 11, 4, 13, tzinfo=datetime.timezone.utc), 'age_days': 1179}
https://github.com/minchanhan/Gym-Weight-Converter, {'repo': 'minchanhan/Gym-Weight-Converter', 'created_at': datetime.datetime(2020, 2, 26, 4, 26, 23, tzinfo=datetime.timezone.utc), 'target_date': datetime.datetime(2020, 4, 29, 2, 54, 27, tzinfo=datetime.timezone.utc), 'age_days': 62}
https://github.com/carlortiz/Lakers-Turnovers-Tracker, {'repo': 'carlortiz/Lakers-Turnovers-Tracker', 'created_at': datetime.datetime(2022, 1, 10, 20, 41, 23, tzinfo=datetime.timezone.utc), 'target_date': datetime.datetime(2022, 1, 10, 20, 51, 24, tzinfo=datetime.timezone.utc), 'age_days': 0}
https://github.com/Dadangdut33/simple-wallpaper-changer, {'repo': 'Dadangdut33/simple-wallpaper-changer', 'created_at': datetime.datetime(2022, 2, 17, 3, 6, 33, tzinfo=datetime.timezone.utc), 'target_date': datetime.datetime(2022, 8, 1, 6, 16, 56, tzinfo=datetime.timezone.utc), 'age_days': 165}
https://github.com/qnkhuat/tstream, {'repo': 'qnkhuat/tstream', 'created_at': datetime.datetime(2021, 6, 24, 15, 0, 15, tzinfo=datetime.timezone.utc), 'target_date': datetime.datetime(2022, 7, 1, 4, 38, 43, tzinfo=datetime.timezone.utc), 'age_days': 371}
https://github.com/Docile-Alligator/Infinity-For-Reddit, {'repo': 'Docile-Alligator/Infinity-For-Reddit', 'created_at': datetime.datetime(2018, 7, 26, 15, 2, 51, tzinfo=datetime.timezone.utc), 'target_date': datetime.datetime(2022, 11, 28, 12, 31, 23, tzinfo=datetime.timezone.utc), 'age_days': 1585}
https://github.com/TheDevilOfJesters/CurseforgeParsing, {'repo': 'TheDevilOfJesters/CurseforgeParsing', 'created_at': datetime.datetime(2020, 8, 27, 20, 41, 10, tzinfo=datetime.timezone.utc), 'target_date': datetime.datetime(2020, 11, 24, 18, 45, 41, tzinfo=datetime.timezone.utc), 'age_days': 88}
https://github.com/NitishGadangi/Privacy-Indicator-App, {'repo': 'NitishGadangi/Privacy-Indicator-App', 'created_at': datetime.datetime(2020, 9, 12, 5, 15, 45, tzinfo=datetime.timezone.utc), 'target_date': datetime.datetime(2021, 7, 8, 10, 19, 50, tzinfo=datetime.timezone.utc), 'age_days': 299}
https://github.com/jackdh/RasaTalk, {'repo': 'jackdh/RasaTalk', 'created_at': datetime.datetime(2018, 6, 25, 21, 20, 20, tzinfo=datetime.timezone.utc), 'target_date': datetime.datetime(2020, 1, 25, 17, 34, 37, tzinfo=datetime.timezone.utc), 'age_days': 578}
https://github.com/xxhomey19/nba-go, {'repo': 'xxhomey19/nba-go', 'created_at': datetime.datetime(2017, 10, 25, 6, 47, 38, tzinfo=datetime.timezone.utc), 'target_date': datetime.datetime(2019, 10, 7, 4, 16, 6, tzinfo=datetime.timezone.utc), 'age_days': 711}
https://github.com/ckissi/responsive-html-email-templates, {'repo': 'ckissi/responsive-html-email-templates', 'created_at': datetime.datetime(2019, 3, 27, 10, 8, 48, tzinfo=datetime.timezone.utc), 'target_date': datetime.datetime(2019, 4, 9, 15, 48, 37, tzinfo=datetime.timezone.utc), 'age_days': 13}
https://github.com/ThewApp/vercel-shorturl-starter, {'repo': 'ThewApp/vercel-shorturl-starter', 'created_at': datetime.datetime(2020, 9, 17, 7, 41, 7, tzinfo=datetime.timezone.utc), 'target_date': datetime.datetime(2022, 4, 14, 10, 32, 7, tzinfo=datetime.timezone.utc), 'age_days': 574}
https://github.com/severell/severell, {'repo': 'severell/severell', 'created_at': datetime.datetime(2020, 8, 12, 20, 30, 52, tzinfo=datetime.timezone.utc), 'target_date': datetime.datetime(2021, 5, 25, 18, 6, 37, tzinfo=datetime.timezone.utc), 'age_days': 285}
https://github.com/DerYeger/noted, {'repo': 'DerYeger/noted', 'created_at': datetime.datetime(2021, 9, 14, 9, 40, 51, tzinfo=datetime.timezone.utc), 'target_date': datetime.datetime(2022, 11, 26, 5, 36, 21, tzinfo=datetime.timezone.utc), 'age_days': 437}
https://github.com/NickyMateev/Line-Clipper, {'repo': 'NickyMateev/Line-Clipper', 'created_at': datetime.datetime(2020, 4, 23, 6, 0, 56, tzinfo=datetime.timezone.utc), 'target_date': datetime.datetime(2020, 5, 7, 13, 7, 8, tzinfo=datetime.timezone.utc), 'age_days': 14}
https://github.com/twf-nikhila/Awesome-Black-Friday-Cyber-Monday-deals, {'repo': 'twf-nikhila/Awesome-Black-Friday-Cyber-Monday-deals', 'created_at': datetime.datetime(2021, 11, 11, 6, 23, 25, tzinfo=datetime.timezone.utc), 'target_date': datetime.datetime(2022, 11, 29, 6, 43, 41, tzinfo=datetime.timezone.utc), 'age_days': 383}
https://github.com/LukasForst/katlib, {'repo': 'LukasForst/katlib', 'created_at': datetime.datetime(2020, 8, 4, 16, 24, 49, tzinfo=datetime.timezone.utc), 'target_date': datetime.datetime(2022, 11, 14, 9, 16, 56, tzinfo=datetime.timezone.utc), 'age_days': 831}
https://github.com/lukevella/rallly, {'repo': 'lukevella/rallly', 'created_at': datetime.datetime(2015, 1, 27, 17, 1, 38, tzinfo=datetime.timezone.utc), 'target_date': datetime.datetime(2022, 11, 25, 12, 36, 26, tzinfo=datetime.timezone.utc), 'age_days': 2858}
https://github.com/razvanilin/chartbrew, {'repo': 'razvanilin/chartbrew', 'created_at': datetime.datetime(2019, 8, 29, 13, 14, 17, tzinfo=datetime.timezone.utc), 'target_date': datetime.datetime(2022, 11, 27, 12, 57, 17, tzinfo=datetime.timezone.utc), 'age_days': 1185}
https://github.com/PabloLec/insta_newspaper, {'repo': 'PabloLec/insta_newspaper', 'created_at': datetime.datetime(2021, 2, 26, 13, 56, 20, tzinfo=datetime.timezone.utc), 'target_date': datetime.datetime(2022, 3, 3, 15, 23, 32, tzinfo=datetime.timezone.utc), 'age_days': 370}
https://github.com/murfffi/zebra-apps, {'repo': 'murfffi/zebra-apps', 'created_at': datetime.datetime(2020, 12, 21, 16, 13, 47, tzinfo=datetime.timezone.utc), 'target_date': datetime.datetime(2021, 8, 28, 6, 19, 28, tzinfo=datetime.timezone.utc), 'age_days': 249}
https://github.com/SimranjitKaurMaan/Notely#features, {'repo': 'SimranjitKaurMaan/Notely#features', 'created_at': datetime.datetime(2022, 4, 3, 10, 30, 57, tzinfo=datetime.timezone.utc), 'target_date': datetime.datetime(2022, 4, 16, 18, 5, 22, tzinfo=datetime.timezone.utc), 'age_days': 13}
https://github.com/napisani/photostore, {'repo': 'napisani/photostore', 'created_at': datetime.datetime(2021, 5, 24, 0, 45, 14, tzinfo=datetime.timezone.utc), 'target_date': datetime.datetime(2021, 7, 6, 0, 18, 13, tzinfo=datetime.timezone.utc), 'age_days': 42}
https://github.com/SnaKKo/Fossdroid-Core, {'repo': 'SnaKKo/Fossdroid-Core', 'created_at': datetime.datetime(2016, 12, 4, 11, 4, 42, tzinfo=datetime.timezone.utc), 'target_date': datetime.datetime(2018, 2, 10, 10, 41, 33, tzinfo=datetime.timezone.utc), 'age_days': 432}
https://github.com/jeyjeyemem/externalized-properties, {'repo': 'jeyjeyemem/externalized-properties', 'created_at': datetime.datetime(2021, 10, 29, 19, 4, 28, tzinfo=datetime.timezone.utc), 'target_date': datetime.datetime(2022, 11, 18, 14, 14, 40, tzinfo=datetime.timezone.utc), 'age_days': 384}
https://github.com/mjamry/youtubeScrobbler#features, {'repo': 'mjamry/youtubeScrobbler#features', 'created_at': datetime.datetime(2013, 4, 3, 15, 59, 13, tzinfo=datetime.timezone.utc), 'target_date': datetime.datetime(2015, 7, 14, 19, 39, 35, tzinfo=datetime.timezone.utc), 'age_days': 832}
https://github.com/peasoupio/inv, {'repo': 'peasoupio/inv', 'created_at': datetime.datetime(2019, 6, 13, 21, 3, 21, tzinfo=datetime.timezone.utc), 'target_date': datetime.datetime(2020, 12, 12, 15, 21, 40, tzinfo=datetime.timezone.utc), 'age_days': 547}
https://github.com/edogab33/telegram-groups-crawler, {'repo': 'edogab33/telegram-groups-crawler', 'created_at': datetime.datetime(2022, 1, 6, 15, 56, 59, tzinfo=datetime.timezone.utc), 'target_date': datetime.datetime(2022, 8, 22, 18, 52, 1, tzinfo=datetime.timezone.utc), 'age_days': 228}
https://github.com/okikio/bundle, {'repo': 'okikio/bundle', 'created_at': datetime.datetime(2021, 4, 26, 19, 22, tzinfo=datetime.timezone.utc), 'target_date': datetime.datetime(2022, 11, 10, 1, 20, tzinfo=datetime.timezone.utc), 'age_days': 562}
https://github.com/radekxrandom/soap-client, {'repo': 'radekxrandom/soap-client', 'created_at': datetime.datetime(2020, 10, 14, 19, 33, 56, tzinfo=datetime.timezone.utc), 'target_date': datetime.datetime(2021, 10, 27, 1, 43, 31, tzinfo=datetime.timezone.utc), 'age_days': 377}
https://github.com/Johennes/mailto-me, {'repo': 'Johennes/mailto-me', 'created_at': datetime.datetime(2020, 10, 3, 16, 5, 5, tzinfo=datetime.timezone.utc), 'target_date': datetime.datetime(2022, 9, 25, 9, 55, 26, tzinfo=datetime.timezone.utc), 'age_days': 721}
https://github.com/theabbie/PopCritic, {'repo': 'theabbie/PopCritic', 'created_at': datetime.datetime(2021, 2, 13, 8, 48, 25, tzinfo=datetime.timezone.utc), 'target_date': datetime.datetime(2022, 5, 27, 0, 44, 32, tzinfo=datetime.timezone.utc), 'age_days': 467}
https://github.com/AI-Spawn/Multiplayer-Game, {'repo': 'AI-Spawn/Multiplayer-Game', 'created_at': datetime.datetime(2021, 1, 18, 16, 13, 41, tzinfo=datetime.timezone.utc), 'target_date': datetime.datetime(2021, 4, 7, 19, 24, 39, tzinfo=datetime.timezone.utc), 'age_days': 79}
https://github.com/jctissier/Euro2016_TerminalApp, {'repo': 'jctissier/Euro2016_TerminalApp', 'created_at': datetime.datetime(2016, 6, 5, 22, 33, 48, tzinfo=datetime.timezone.utc), 'target_date': datetime.datetime(2017, 12, 17, 10, 42, 47, tzinfo=datetime.timezone.utc), 'age_days': 559}
https://github.com/proustibat/d3js-ionic, {'repo': 'proustibat/d3js-ionic', 'created_at': datetime.datetime(2017, 11, 13, 20, 53, 47, tzinfo=datetime.timezone.utc), 'target_date': datetime.datetime(2018, 2, 4, 20, 22, 44, tzinfo=datetime.timezone.utc), 'age_days': 82}
https://github.com/phanix5/custom-reddit-feeds, {'repo': 'phanix5/custom-reddit-feeds', 'created_at': datetime.datetime(2018, 6, 30, 17, 46, 6, tzinfo=datetime.timezone.utc), 'target_date': datetime.datetime(2018, 6, 30, 10, 20, 8, tzinfo=datetime.timezone.utc), 'age_days': -1}
https://github.com/diamant3/chip-walo, {'repo': 'diamant3/chip-walo', 'created_at': datetime.datetime(2021, 11, 1, 4, 30, 14, tzinfo=datetime.timezone.utc), 'target_date': datetime.datetime(2022, 10, 28, 16, 23, 49, tzinfo=datetime.timezone.utc), 'age_days': 361}
https://github.com/rittikbasu/website, {'repo': 'rittikbasu/website', 'created_at': datetime.datetime(2022, 9, 20, 20, 36, 36, tzinfo=datetime.timezone.utc), 'target_date': datetime.datetime(2022, 11, 25, 21, 46, 29, tzinfo=datetime.timezone.utc), 'age_days': 66}
https://github.com/VincentJouanne/nest-clean-architecture-ddd-example, {'repo': 'VincentJouanne/nest-clean-architecture-ddd-example', 'created_at': datetime.datetime(2021, 6, 6, 8, 36, 31, tzinfo=datetime.timezone.utc), 'target_date': datetime.datetime(2022, 8, 24, 7, 25, 19, tzinfo=datetime.timezone.utc), 'age_days': 443}
https://github.com/pranavpa8788/Rekey, {'repo': 'pranavpa8788/Rekey', 'created_at': datetime.datetime(2021, 7, 26, 14, 25, 21, tzinfo=datetime.timezone.utc), 'target_date': datetime.datetime(2022, 10, 25, 14, 38, 37, tzinfo=datetime.timezone.utc), 'age_days': 456}
https://github.com/nfflow/redditflow, {'repo': 'nfflow/redditflow', 'created_at': datetime.datetime(2021, 11, 26, 8, 6, 59, tzinfo=datetime.timezone.utc), 'target_date': datetime.datetime(2022, 9, 6, 14, 30, 18, tzinfo=datetime.timezone.utc), 'age_days': 284}
https://github.com/SiwonP/bob, {'repo': 'SiwonP/bob', 'created_at': datetime.datetime(2019, 7, 3, 23, 9, 31, tzinfo=datetime.timezone.utc), 'target_date': datetime.datetime(2019, 7, 28, 21, 20, 4, tzinfo=datetime.timezone.utc), 'age_days': 24}
https://github.com/lazaro92/CliWidget, {'repo': 'lazaro92/CliWidget', 'created_at': datetime.datetime(2020, 8, 19, 13, 58, 12, tzinfo=datetime.timezone.utc), 'target_date': datetime.datetime(2022, 1, 3, 19, 26, 48, tzinfo=datetime.timezone.utc), 'age_days': 502}
https://github.com/damoeb/rss-proxy, {'repo': 'damoeb/rss-proxy', 'created_at': datetime.datetime(2020, 4, 22, 14, 27, 1, tzinfo=datetime.timezone.utc), 'target_date': datetime.datetime(2022, 7, 11, 7, 57, 23, tzinfo=datetime.timezone.utc), 'age_days': 809}
https://github.com/rish-16/Angelfire, {'repo': 'rish-16/Angelfire', 'created_at': datetime.datetime(2020, 5, 28, 6, 12, 20, tzinfo=datetime.timezone.utc), 'target_date': datetime.datetime(2021, 11, 5, 8, 3, 52, tzinfo=datetime.timezone.utc), 'age_days': 526}
https://github.com/KnowledgeCanvas/extensions, {'repo': 'KnowledgeCanvas/extensions', 'created_at': datetime.datetime(2022, 6, 5, 19, 43, 14, tzinfo=datetime.timezone.utc), 'target_date': datetime.datetime(2022, 7, 16, 1, 26, 40, tzinfo=datetime.timezone.utc), 'age_days': 40}
https://github.com/SupunKavinda/CSS-Minifier-and-Unminifier-in-Javascript, {'repo': 'SupunKavinda/CSS-Minifier-and-Unminifier-in-Javascript', 'created_at': datetime.datetime(2019, 4, 2, 13, 43, 11, tzinfo=datetime.timezone.utc), 'target_date': datetime.datetime(2019, 4, 12, 15, 53, 1, tzinfo=datetime.timezone.utc), 'age_days': 10}
https://github.com/charlesportwoodii/CiiMS, {'repo': 'charlesportwoodii/CiiMS', 'created_at': datetime.datetime(2012, 7, 24, 1, 26, 54, tzinfo=datetime.timezone.utc), 'target_date': datetime.datetime(2017, 9, 5, 15, 2, 29, tzinfo=datetime.timezone.utc), 'age_days': 1869}
https://github.com/mysigmail/card, {'repo': 'mysigmail/card', 'created_at': datetime.datetime(2022, 3, 17, 0, 59, 3, tzinfo=datetime.timezone.utc), 'target_date': datetime.datetime(2022, 5, 19, 9, 28, 19, tzinfo=datetime.timezone.utc), 'age_days': 63}
https://github.com/RuairiD/howsmytrack-web, {'repo': 'RuairiD/howsmytrack-web', 'created_at': datetime.datetime(2020, 1, 30, 2, 34, 47, tzinfo=datetime.timezone.utc), 'target_date': datetime.datetime(2022, 1, 27, 21, 34, 6, tzinfo=datetime.timezone.utc), 'age_days': 728}
https://github.com/Prabhav-R/bookGrab-chrome-extension, {'repo': 'Prabhav-R/bookGrab-chrome-extension', 'created_at': datetime.datetime(2021, 4, 8, 8, 47, 46, tzinfo=datetime.timezone.utc), 'target_date': datetime.datetime(2021, 6, 25, 12, 18, 12, tzinfo=datetime.timezone.utc), 'age_days': 78}
https://github.com/AviKKi/Corona-Freebies-List, {'repo': 'AviKKi/Corona-Freebies-List', 'created_at': datetime.datetime(2020, 4, 4, 16, 7, 2, tzinfo=datetime.timezone.utc), 'target_date': datetime.datetime(2022, 10, 21, 7, 12, 9, tzinfo=datetime.timezone.utc), 'age_days': 929}
https://github.com/toolbuddy/papoGen, {'repo': 'toolbuddy/papoGen', 'created_at': datetime.datetime(2017, 12, 17, 3, 31, tzinfo=datetime.timezone.utc), 'target_date': datetime.datetime(2021, 6, 30, 4, 27, 45, tzinfo=datetime.timezone.utc), 'age_days': 1291}
https://github.com/TutsWiki/source, {'repo': 'TutsWiki/source', 'created_at': datetime.datetime(2016, 11, 19, 19, 41, 46, tzinfo=datetime.timezone.utc), 'target_date': datetime.datetime(2021, 10, 1, 3, 38, tzinfo=datetime.timezone.utc), 'age_days': 1776}
https://github.com/xdpirate/GameSearchHelper, {'repo': 'xdpirate/GameSearchHelper', 'created_at': datetime.datetime(2022, 3, 20, 11, 36, 23, tzinfo=datetime.timezone.utc), 'target_date': datetime.datetime(2022, 7, 29, 20, 58, 19, tzinfo=datetime.timezone.utc), 'age_days': 131}
https://github.com/tmarshall/soda, {'repo': 'tmarshall/soda', 'created_at': datetime.datetime(2022, 8, 27, 19, 57, 13, tzinfo=datetime.timezone.utc), 'target_date': datetime.datetime(2022, 10, 23, 19, 15, 5, tzinfo=datetime.timezone.utc), 'age_days': 56}
https://github.com/CSSEGISandData/COVID-19, {'repo': 'CSSEGISandData/COVID-19', 'created_at': datetime.datetime(2020, 2, 4, 22, 3, 53, tzinfo=datetime.timezone.utc), 'target_date': datetime.datetime(2022, 11, 29, 14, 1, 24, tzinfo=datetime.timezone.utc), 'age_days': 1028}
https://github.com/disclave/disclave, {'repo': 'disclave/disclave', 'created_at': datetime.datetime(2021, 2, 18, 14, 49, 39, tzinfo=datetime.timezone.utc), 'target_date': datetime.datetime(2021, 7, 9, 14, 24, 55, tzinfo=datetime.timezone.utc), 'age_days': 140}
https://github.com/joaoofreitas/run-on-commit, {'repo': 'joaoofreitas/run-on-commit', 'created_at': datetime.datetime(2020, 10, 5, 17, 14, 35, tzinfo=datetime.timezone.utc), 'target_date': datetime.datetime(2020, 10, 24, 0, 17, 47, tzinfo=datetime.timezone.utc), 'age_days': 18}
https://github.com/dbanda/solana-nft-options#readme, {'repo': 'dbanda/solana-nft-options#readme', 'created_at': datetime.datetime(2021, 12, 16, 9, 16, 3, tzinfo=datetime.timezone.utc), 'target_date': datetime.datetime(2022, 2, 4, 5, 47, 14, tzinfo=datetime.timezone.utc), 'age_days': 49}
https://github.com/albemala/emoji-picker, {'repo': 'albemala/emoji-picker', 'created_at': datetime.datetime(2021, 12, 8, 16, 37, 35, tzinfo=datetime.timezone.utc), 'target_date': datetime.datetime(2022, 7, 26, 17, 36, 49, tzinfo=datetime.timezone.utc), 'age_days': 230}
https://github.com/MartijnOud/IMDb-Bot, {'repo': 'MartijnOud/IMDb-Bot', 'created_at': datetime.datetime(2016, 3, 4, 13, 16, 42, tzinfo=datetime.timezone.utc), 'target_date': datetime.datetime(2016, 5, 10, 16, 22, 10, tzinfo=datetime.timezone.utc), 'age_days': 67}
https://github.com/prof18/Friends-Tournament, {'repo': 'prof18/Friends-Tournament', 'created_at': datetime.datetime(2019, 7, 15, 22, 23, 46, tzinfo=datetime.timezone.utc), 'target_date': datetime.datetime(2022, 9, 4, 9, 50, 58, tzinfo=datetime.timezone.utc), 'age_days': 1146}
https://github.com/snek152/nextjs-utilities, {'repo': 'snek152/nextjs-utilities', 'created_at': datetime.datetime(2022, 9, 1, 4, 39, 48, tzinfo=datetime.timezone.utc), 'target_date': datetime.datetime(2022, 9, 7, 1, 48, 20, tzinfo=datetime.timezone.utc), 'age_days': 5}
https://github.com/jakerb/ImageTable, {'repo': 'jakerb/ImageTable', 'created_at': datetime.datetime(2020, 10, 16, 20, 48, 12, tzinfo=datetime.timezone.utc), 'target_date': datetime.datetime(2020, 10, 20, 13, 15, 36, tzinfo=datetime.timezone.utc), 'age_days': 3}
https://github.com/metaphyze/gossl, {'repo': 'metaphyze/gossl', 'created_at': datetime.datetime(2020, 1, 10, 23, 5, 15, tzinfo=datetime.timezone.utc), 'target_date': datetime.datetime(2022, 10, 10, 3, 43, 11, tzinfo=datetime.timezone.utc), 'age_days': 1003}
https://github.com/Bernardo-MG/docs-maven-skin, {'repo': 'Bernardo-MG/docs-maven-skin', 'created_at': datetime.datetime(2015, 8, 4, 19, 38, 48, tzinfo=datetime.timezone.utc), 'target_date': datetime.datetime(2022, 11, 29, 11, 45, 5, tzinfo=datetime.timezone.utc), 'age_days': 2673}
https://github.com/ninest/direct-contact, {'repo': 'ninest/direct-contact', 'created_at': datetime.datetime(2021, 1, 21, 5, 57, 9, tzinfo=datetime.timezone.utc), 'target_date': datetime.datetime(2021, 8, 12, 5, 17, 31, tzinfo=datetime.timezone.utc), 'age_days': 202}
https://github.com/jackyzha0/portal, {'repo': 'jackyzha0/portal', 'created_at': datetime.datetime(2021, 5, 30, 18, 51, 37, tzinfo=datetime.timezone.utc), 'target_date': datetime.datetime(2022, 4, 6, 1, 26, 17, tzinfo=datetime.timezone.utc), 'age_days': 310}
https://github.com/rish-16/Metroplex, {'repo': 'rish-16/Metroplex', 'created_at': datetime.datetime(2020, 6, 27, 14, 28, 13, tzinfo=datetime.timezone.utc), 'target_date': datetime.datetime(2020, 7, 29, 15, 4, 54, tzinfo=datetime.timezone.utc), 'age_days': 32}
https://github.com/kapydev/ezbackend-comparisons, {'repo': 'kapydev/ezbackend-comparisons', 'created_at': datetime.datetime(2021, 11, 21, 6, 43, 33, tzinfo=datetime.timezone.utc), 'target_date': datetime.datetime(2021, 11, 29, 7, 32, 41, tzinfo=datetime.timezone.utc), 'age_days': 8}
https://github.com/burdy-io/burdy, {'repo': 'burdy-io/burdy', 'created_at': datetime.datetime(2021, 8, 16, 15, 16, 29, tzinfo=datetime.timezone.utc), 'target_date': datetime.datetime(2022, 2, 23, 18, 2, 40, tzinfo=datetime.timezone.utc), 'age_days': 191}
https://github.com/LorenKociko/github-followers-tracker, {'repo': 'LorenKociko/github-followers-tracker', 'created_at': datetime.datetime(2021, 12, 22, 19, 3, 55, tzinfo=datetime.timezone.utc), 'target_date': datetime.datetime(2022, 3, 14, 17, 35, 14, tzinfo=datetime.timezone.utc), 'age_days': 81}
https://github.com/toolcool-org/toolcool-color-picker, {'repo': 'toolcool-org/toolcool-color-picker', 'created_at': datetime.datetime(2022, 7, 16, 11, 20, 22, tzinfo=datetime.timezone.utc), 'target_date': datetime.datetime(2022, 11, 16, 10, 5, 53, tzinfo=datetime.timezone.utc), 'age_days': 122}
https://github.com/huytd/xaudio, {'repo': 'huytd/xaudio', 'created_at': datetime.datetime(2020, 11, 20, 5, 43, 55, tzinfo=datetime.timezone.utc), 'target_date': datetime.datetime(2021, 11, 20, 18, 13, 25, tzinfo=datetime.timezone.utc), 'age_days': 365}
https://github.com/weeping-angel/crypto-medium-bot, {'repo': 'weeping-angel/crypto-medium-bot', 'created_at': datetime.datetime(2022, 2, 13, 16, 19, 32, tzinfo=datetime.timezone.utc), 'target_date': datetime.datetime(2022, 4, 15, 9, 22, 15, tzinfo=datetime.timezone.utc), 'age_days': 60}
https://github.com/culee/restaurant, {'repo': 'culee/restaurant', 'created_at': datetime.datetime(2018, 11, 29, 17, 49, 7, tzinfo=datetime.timezone.utc), 'target_date': datetime.datetime(2021, 6, 18, 4, 9, 22, tzinfo=datetime.timezone.utc), 'age_days': 931}
https://github.com/stJudeWasHere/seonaut, {'repo': 'stJudeWasHere/seonaut', 'created_at': datetime.datetime(2022, 3, 2, 10, 15, 57, tzinfo=datetime.timezone.utc), 'target_date': datetime.datetime(2022, 11, 27, 20, 19, 1, tzinfo=datetime.timezone.utc), 'age_days': 270}
https://github.com/fdemian/morpheus-scripts, {'repo': 'fdemian/morpheus-scripts', 'created_at': datetime.datetime(2020, 2, 8, 16, 29, 21, tzinfo=datetime.timezone.utc), 'target_date': datetime.datetime(2020, 2, 25, 0, 39, 16, tzinfo=datetime.timezone.utc), 'age_days': 16}
https://github.com/devnico/th_rosenheim, {'repo': 'devnico/th_rosenheim', 'created_at': datetime.datetime(2020, 7, 2, 16, 40, 4, tzinfo=datetime.timezone.utc), 'target_date': datetime.datetime(2020, 10, 18, 17, 55, 48, tzinfo=datetime.timezone.utc), 'age_days': 108}
https://github.com/vaibhavpras/youlaughyoulose, {'repo': 'vaibhavpras/youlaughyoulose', 'created_at': datetime.datetime(2021, 1, 7, 9, 18, 44, tzinfo=datetime.timezone.utc), 'target_date': datetime.datetime(2021, 6, 9, 7, 45, tzinfo=datetime.timezone.utc), 'age_days': 152}
https://github.com/hanilr/tff, {'repo': 'hanilr/tff', 'created_at': datetime.datetime(2022, 1, 30, 17, 39, 22, tzinfo=datetime.timezone.utc), 'target_date': datetime.datetime(2022, 4, 27, 11, 47, 5, tzinfo=datetime.timezone.utc), 'age_days': 86}
https://github.com/avinashbot/redd#readme, {'repo': 'avinashbot/redd#readme', 'created_at': datetime.datetime(2014, 7, 30, 8, 17, 44, tzinfo=datetime.timezone.utc), 'target_date': datetime.datetime(2017, 11, 2, 22, 16, 47, tzinfo=datetime.timezone.utc), 'age_days': 1191}
https://github.com/gmpetrov/ultimate-saas-ts, {'repo': 'gmpetrov/ultimate-saas-ts', 'created_at': datetime.datetime(2021, 9, 17, 13, 3, 2, tzinfo=datetime.timezone.utc), 'target_date': datetime.datetime(2021, 12, 27, 9, 34, 46, tzinfo=datetime.timezone.utc), 'age_days': 100}
https://github.com/d10nets/dupi-lambda, {'repo': 'd10nets/dupi-lambda', 'created_at': datetime.datetime(2020, 7, 27, 21, 11, 21, tzinfo=datetime.timezone.utc), 'target_date': datetime.datetime(2021, 7, 11, 14, 50, 49, tzinfo=datetime.timezone.utc), 'age_days': 348}
https://github.com/caspg/datamaps.co, {'repo': 'caspg/datamaps.co', 'created_at': datetime.datetime(2016, 6, 3, 17, 59, 42, tzinfo=datetime.timezone.utc), 'target_date': datetime.datetime(2019, 4, 1, 15, 32, 37, tzinfo=datetime.timezone.utc), 'age_days': 1031}
https://github.com/jflessau/bs-bingo, {'repo': 'jflessau/bs-bingo', 'created_at': datetime.datetime(2022, 7, 1, 20, 27, 18, tzinfo=datetime.timezone.utc), 'target_date': datetime.datetime(2022, 8, 21, 9, 56, 19, tzinfo=datetime.timezone.utc), 'age_days': 50}
https://github.com/T1mmos/cards2.0, {'repo': 'T1mmos/cards2.0', 'created_at': datetime.datetime(2019, 2, 10, 8, 39, 52, tzinfo=datetime.timezone.utc), 'target_date': datetime.datetime(2021, 7, 11, 14, 6, 50, tzinfo=datetime.timezone.utc), 'age_days': 882}
https://github.com/elomarns/guessmoji, {'repo': 'elomarns/guessmoji', 'created_at': datetime.datetime(2018, 7, 15, 23, 27, 26, tzinfo=datetime.timezone.utc), 'target_date': datetime.datetime(2018, 7, 23, 23, 43, 8, tzinfo=datetime.timezone.utc), 'age_days': 8}
https://github.com/ksdme/copyy, {'repo': 'ksdme/copyy', 'created_at': datetime.datetime(2021, 6, 29, 20, 14, 26, tzinfo=datetime.timezone.utc), 'target_date': datetime.datetime(2021, 8, 22, 19, 18, 46, tzinfo=datetime.timezone.utc), 'age_days': 53}
https://github.com/jonbrennecke/CaptionThis, {'repo': 'jonbrennecke/CaptionThis', 'created_at': datetime.datetime(2018, 12, 26, 23, 41, 44, tzinfo=datetime.timezone.utc), 'target_date': datetime.datetime(2020, 3, 1, 0, 40, 27, tzinfo=datetime.timezone.utc), 'age_days': 430}
https://github.com/carllacan/ankimaker, {'repo': 'carllacan/ankimaker', 'created_at': datetime.datetime(2017, 3, 25, 13, 40, 9, tzinfo=datetime.timezone.utc), 'target_date': datetime.datetime(2019, 3, 6, 18, 38, 45, tzinfo=datetime.timezone.utc), 'age_days': 711}
https://github.com/akashrchandran/spotify-lyrics-api, {'repo': 'akashrchandran/spotify-lyrics-api', 'created_at': datetime.datetime(2022, 6, 13, 18, 42, 56, tzinfo=datetime.timezone.utc), 'target_date': datetime.datetime(2022, 10, 30, 7, 41, 51, tzinfo=datetime.timezone.utc), 'age_days': 138}
https://github.com/billychan/tabs-later, {'repo': 'billychan/tabs-later', 'created_at': datetime.datetime(2019, 8, 19, 3, 4, 59, tzinfo=datetime.timezone.utc), 'target_date': datetime.datetime(2019, 8, 23, 15, 24, 32, tzinfo=datetime.timezone.utc), 'age_days': 4}
https://github.com/Phantas0s/ottosocial, {'repo': 'Phantas0s/ottosocial', 'created_at': datetime.datetime(2019, 10, 26, 16, 1, 17, tzinfo=datetime.timezone.utc), 'target_date': datetime.datetime(2021, 3, 20, 19, 54, 38, tzinfo=datetime.timezone.utc), 'age_days': 511}
https://github.com/autonomauk/feedback, {'repo': 'autonomauk/feedback', 'created_at': datetime.datetime(2021, 8, 29, 15, 26, 38, tzinfo=datetime.timezone.utc), 'target_date': datetime.datetime(2021, 8, 29, 15, 31, tzinfo=datetime.timezone.utc), 'age_days': 0}
https://github.com/numbersprotocol/starling-capture, {'repo': 'numbersprotocol/starling-capture', 'created_at': datetime.datetime(2020, 7, 20, 7, 6, 35, tzinfo=datetime.timezone.utc), 'target_date': datetime.datetime(2022, 10, 19, 15, 43, 9, tzinfo=datetime.timezone.utc), 'age_days': 821}
https://github.com/angry-coder-room/Spam-Classifier-ML, {'repo': 'angry-coder-room/Spam-Classifier-ML', 'created_at': datetime.datetime(2021, 1, 29, 6, 58, 30, tzinfo=datetime.timezone.utc), 'target_date': datetime.datetime(2021, 2, 14, 18, 12, 57, tzinfo=datetime.timezone.utc), 'age_days': 16}
https://github.com/sorxrob/poke95, {'repo': 'sorxrob/poke95', 'created_at': datetime.datetime(2020, 3, 13, 17, 38, 37, tzinfo=datetime.timezone.utc), 'target_date': datetime.datetime(2022, 10, 21, 3, 59, 23, tzinfo=datetime.timezone.utc), 'age_days': 951}
https://github.com/OldSneerJaw/heroku-buildpack-borealis-pg-ssh, {'repo': 'OldSneerJaw/heroku-buildpack-borealis-pg-ssh', 'created_at': datetime.datetime(2021, 1, 15, 23, 23, 19, tzinfo=datetime.timezone.utc), 'target_date': datetime.datetime(2022, 10, 18, 23, 13, 28, tzinfo=datetime.timezone.utc), 'age_days': 640}
https://github.com/rohitpotato/spotify-unbiased-shuffle, {'repo': 'rohitpotato/spotify-unbiased-shuffle', 'created_at': datetime.datetime(2021, 8, 8, 13, 45, 58, tzinfo=datetime.timezone.utc), 'target_date': datetime.datetime(2022, 11, 7, 19, 16, 39, tzinfo=datetime.timezone.utc), 'age_days': 456}
https://github.com/AdamMYoung/Groupr, {'repo': 'AdamMYoung/Groupr', 'created_at': datetime.datetime(2018, 9, 16, 17, 40, 18, tzinfo=datetime.timezone.utc), 'target_date': datetime.datetime(2018, 9, 21, 14, 22, 56, tzinfo=datetime.timezone.utc), 'age_days': 4}
https://github.com/simonfrey/matomo_circumvent_adblock, {'repo': 'simonfrey/matomo_circumvent_adblock', 'created_at': datetime.datetime(2020, 7, 6, 9, 27, 54, tzinfo=datetime.timezone.utc), 'target_date': datetime.datetime(2020, 7, 6, 18, 36, 28, tzinfo=datetime.timezone.utc), 'age_days': 0}
https://github.com/bnkc/morningbot, {'repo': 'bnkc/morningbot', 'created_at': datetime.datetime(2022, 3, 31, 5, 1, 46, tzinfo=datetime.timezone.utc), 'target_date': datetime.datetime(2022, 6, 2, 23, 10, 52, tzinfo=datetime.timezone.utc), 'age_days': 63}
https://github.com/AI-Spawn/multiplayer-game-bot, {'repo': 'AI-Spawn/multiplayer-game-bot', 'created_at': datetime.datetime(2021, 2, 13, 5, 22, 29, tzinfo=datetime.timezone.utc), 'target_date': datetime.datetime(2021, 4, 3, 5, 27, 1, tzinfo=datetime.timezone.utc), 'age_days': 49}
https://github.com/sorxrob/coderstats, {'repo': 'sorxrob/coderstats', 'created_at': datetime.datetime(2020, 2, 8, 15, 4, 27, tzinfo=datetime.timezone.utc), 'target_date': datetime.datetime(2021, 8, 12, 1, 21, 15, tzinfo=datetime.timezone.utc), 'age_days': 550}
https://github.com/ramitmittal/mongraph, {'repo': 'ramitmittal/mongraph', 'created_at': datetime.datetime(2020, 11, 25, 0, 36, 41, tzinfo=datetime.timezone.utc), 'target_date': datetime.datetime(2021, 2, 3, 5, 53, 30, tzinfo=datetime.timezone.utc), 'age_days': 70}
https://github.com/aaronn44/msgr, {'repo': 'aaronn44/msgr', 'created_at': datetime.datetime(2022, 3, 10, 6, 52, 39, tzinfo=datetime.timezone.utc), 'target_date': datetime.datetime(2022, 7, 10, 5, 41, 25, tzinfo=datetime.timezone.utc), 'age_days': 121}
https://github.com/acconrad/peergym, {'repo': 'acconrad/peergym', 'created_at': datetime.datetime(2017, 9, 6, 4, 0, 56, tzinfo=datetime.timezone.utc), 'target_date': datetime.datetime(2018, 6, 27, 4, 38, 27, tzinfo=datetime.timezone.utc), 'age_days': 294}
https://github.com/dbsentry/sshfp, {'repo': 'dbsentry/sshfp', 'created_at': datetime.datetime(2020, 11, 30, 22, 45, 32, tzinfo=datetime.timezone.utc), 'target_date': datetime.datetime(2020, 12, 8, 3, 52, 42, tzinfo=datetime.timezone.utc), 'age_days': 7}
https://github.com/amirgamil/vibely, {'repo': 'amirgamil/vibely', 'created_at': datetime.datetime(2021, 4, 28, 18, 29, 18, tzinfo=datetime.timezone.utc), 'target_date': datetime.datetime(2021, 6, 28, 21, 52, 40, tzinfo=datetime.timezone.utc), 'age_days': 61}
https://github.com/uree/youtube-sampler, {'repo': 'uree/youtube-sampler', 'created_at': datetime.datetime(2021, 3, 4, 9, 9, 4, tzinfo=datetime.timezone.utc), 'target_date': datetime.datetime(2022, 1, 19, 12, 29, 5, tzinfo=datetime.timezone.utc), 'age_days': 321}
https://github.com/albemala/exabox-app, {'repo': 'albemala/exabox-app', 'created_at': datetime.datetime(2021, 10, 13, 16, 40, 52, tzinfo=datetime.timezone.utc), 'target_date': datetime.datetime(2022, 6, 12, 7, 44, 26, tzinfo=datetime.timezone.utc), 'age_days': 241}
https://github.com/HarowitzBlack/WeX, {'repo': 'HarowitzBlack/WeX', 'created_at': datetime.datetime(2017, 1, 17, 15, 59, 5, tzinfo=datetime.timezone.utc), 'target_date': datetime.datetime(2017, 6, 25, 4, 58, 57, tzinfo=datetime.timezone.utc), 'age_days': 158}
https://github.com/aivarasatk/BulkUninstaller, {'repo': 'aivarasatk/BulkUninstaller', 'created_at': datetime.datetime(2019, 11, 11, 21, 1, 52, tzinfo=datetime.timezone.utc), 'target_date': datetime.datetime(2019, 11, 16, 16, 43, 8, tzinfo=datetime.timezone.utc), 'age_days': 4}
https://github.com/ayushpoddar/cricmenu, {'repo': 'ayushpoddar/cricmenu', 'created_at': datetime.datetime(2021, 3, 3, 9, 0, 25, tzinfo=datetime.timezone.utc), 'target_date': datetime.datetime(2021, 3, 4, 8, 39, 38, tzinfo=datetime.timezone.utc), 'age_days': 0}
https://github.com/Peergos/example-apps, {'repo': 'Peergos/example-apps', 'created_at': datetime.datetime(2022, 6, 15, 9, 50, 20, tzinfo=datetime.timezone.utc), 'target_date': datetime.datetime(2022, 11, 25, 9, 25, 15, tzinfo=datetime.timezone.utc), 'age_days': 162}
https://github.com/atapas/react-play, {'repo': 'atapas/react-play', 'created_at': datetime.datetime(2022, 1, 10, 7, 4, 24, tzinfo=datetime.timezone.utc), 'target_date': datetime.datetime(2022, 11, 29, 10, 1, 21, tzinfo=datetime.timezone.utc), 'age_days': 323}
https://github.com/DarthBenro008/pigil, {'repo': 'DarthBenro008/pigil', 'created_at': datetime.datetime(2022, 6, 15, 2, 30, 37, tzinfo=datetime.timezone.utc), 'target_date': datetime.datetime(2022, 6, 21, 17, 51, 28, tzinfo=datetime.timezone.utc), 'age_days': 6}
https://github.com/hakanu/pervane, {'repo': 'hakanu/pervane', 'created_at': datetime.datetime(2019, 12, 28, 20, 6, 36, tzinfo=datetime.timezone.utc), 'target_date': datetime.datetime(2022, 5, 29, 22, 23, 50, tzinfo=datetime.timezone.utc), 'age_days': 883}
https://github.com/AMEST/PeerMeeting, {'repo': 'AMEST/PeerMeeting', 'created_at': datetime.datetime(2021, 5, 13, 15, 41, 11, tzinfo=datetime.timezone.utc), 'target_date': datetime.datetime(2022, 11, 9, 14, 13, 40, tzinfo=datetime.timezone.utc), 'age_days': 544}
https://github.com/dordchn/CoronaMarket, {'repo': 'dordchn/CoronaMarket', 'created_at': datetime.datetime(2020, 3, 20, 8, 48, 58, tzinfo=datetime.timezone.utc), 'target_date': datetime.datetime(2022, 3, 21, 14, 25, 21, tzinfo=datetime.timezone.utc), 'age_days': 731}
https://github.com/wonism/explosion-maker, {'repo': 'wonism/explosion-maker', 'created_at': datetime.datetime(2019, 10, 24, 13, 41, 51, tzinfo=datetime.timezone.utc), 'target_date': datetime.datetime(2019, 11, 8, 15, 56, 2, tzinfo=datetime.timezone.utc), 'age_days': 15}
https://github.com/master-atul/mdview-nodegui, {'repo': 'master-atul/mdview-nodegui', 'created_at': datetime.datetime(2020, 1, 27, 7, 28, 29, tzinfo=datetime.timezone.utc), 'target_date': datetime.datetime(2021, 3, 20, 19, 37, 46, tzinfo=datetime.timezone.utc), 'age_days': 418}
https://github.com/sapristi-tool/sapristi, {'repo': 'sapristi-tool/sapristi', 'created_at': datetime.datetime(2020, 12, 16, 18, 42, 40, tzinfo=datetime.timezone.utc), 'target_date': datetime.datetime(2020, 12, 27, 21, 13, 32, tzinfo=datetime.timezone.utc), 'age_days': 11}
https://github.com/certera-io/certera, {'repo': 'certera-io/certera', 'created_at': datetime.datetime(2019, 10, 10, 21, 23, tzinfo=datetime.timezone.utc), 'target_date': datetime.datetime(2021, 8, 24, 19, 36, 54, tzinfo=datetime.timezone.utc), 'age_days': 683}
https://github.com/jdc-cunningham/webpad, {'repo': 'jdc-cunningham/webpad', 'created_at': datetime.datetime(2018, 3, 29, 11, 19, 36, tzinfo=datetime.timezone.utc), 'target_date': datetime.datetime(2019, 2, 10, 4, 18, 10, tzinfo=datetime.timezone.utc), 'age_days': 317}
https://github.com/goforbg/wordle-answer-today, {'repo': 'goforbg/wordle-answer-today', 'created_at': datetime.datetime(2022, 3, 2, 6, 47, 16, tzinfo=datetime.timezone.utc), 'target_date': datetime.datetime(2022, 3, 2, 9, 2, 32, tzinfo=datetime.timezone.utc), 'age_days': 0}
https://github.com/linkinmedo/ws-counter, {'repo': 'linkinmedo/ws-counter', 'created_at': datetime.datetime(2018, 8, 27, 12, 42, 5, tzinfo=datetime.timezone.utc), 'target_date': datetime.datetime(2021, 12, 9, 19, 53, 46, tzinfo=datetime.timezone.utc), 'age_days': 1200}
https://github.com/cermatej/plsql-analysis, {'repo': 'cermatej/plsql-analysis', 'created_at': datetime.datetime(2020, 2, 17, 19, 27, 42, tzinfo=datetime.timezone.utc), 'target_date': datetime.datetime(2020, 4, 8, 13, 12, 54, tzinfo=datetime.timezone.utc), 'age_days': 50}
https://github.com/rohitmadrileno15/cart-react-ecommerce, {'repo': 'rohitmadrileno15/cart-react-ecommerce', 'created_at': datetime.datetime(2021, 7, 11, 14, 7, 59, tzinfo=datetime.timezone.utc), 'target_date': datetime.datetime(2021, 7, 12, 10, 30, 59, tzinfo=datetime.timezone.utc), 'age_days': 0}
https://github.com/DomEscobar/SuSi-Mockup-Wireframe, {'repo': 'DomEscobar/SuSi-Mockup-Wireframe', 'created_at': datetime.datetime(2020, 1, 2, 14, 52, 51, tzinfo=datetime.timezone.utc), 'target_date': datetime.datetime(2022, 4, 13, 5, 50, 47, tzinfo=datetime.timezone.utc), 'age_days': 831}
https://github.com/siklosi/multiStart, {'repo': 'siklosi/multiStart', 'created_at': datetime.datetime(2021, 6, 15, 16, 59, 30, tzinfo=datetime.timezone.utc), 'target_date': datetime.datetime(2021, 6, 15, 17, 42, 59, tzinfo=datetime.timezone.utc), 'age_days': 0}
https://github.com/Testura/Testura.Mutation, {'repo': 'Testura/Testura.Mutation', 'created_at': datetime.datetime(2019, 5, 16, 18, 2, 18, tzinfo=datetime.timezone.utc), 'target_date': datetime.datetime(2020, 4, 22, 7, 36, 24, tzinfo=datetime.timezone.utc), 'age_days': 341}
https://github.com/b3z/reventlou, {'repo': 'b3z/reventlou', 'created_at': datetime.datetime(2020, 12, 13, 11, 24, 23, tzinfo=datetime.timezone.utc), 'target_date': datetime.datetime(2022, 10, 14, 6, 2, 19, tzinfo=datetime.timezone.utc), 'age_days': 669}
https://github.com/leodamasceno/ping2me, {'repo': 'leodamasceno/ping2me', 'created_at': datetime.datetime(2020, 6, 3, 16, 26, 48, tzinfo=datetime.timezone.utc), 'target_date': datetime.datetime(2020, 6, 16, 13, 36, 6, tzinfo=datetime.timezone.utc), 'age_days': 12}
https://github.com/AI-Spawn/Auto-Lip-Sync, {'repo': 'AI-Spawn/Auto-Lip-Sync', 'created_at': datetime.datetime(2020, 10, 20, 3, 3, 34, tzinfo=datetime.timezone.utc), 'target_date': datetime.datetime(2022, 11, 15, 22, 3, 16, tzinfo=datetime.timezone.utc), 'age_days': 756}
https://github.com/RoyalEagle73/FollowIt-for-Reddit, {'repo': 'RoyalEagle73/FollowIt-for-Reddit', 'created_at': datetime.datetime(2020, 11, 9, 17, 39, 49, tzinfo=datetime.timezone.utc), 'target_date': datetime.datetime(2020, 11, 11, 14, 43, 26, tzinfo=datetime.timezone.utc), 'age_days': 1}
https://github.com/ice-blaze/faq, {'repo': 'ice-blaze/faq', 'created_at': datetime.datetime(2017, 8, 26, 18, 2, 59, tzinfo=datetime.timezone.utc), 'target_date': datetime.datetime(2017, 10, 12, 0, 3, 15, tzinfo=datetime.timezone.utc), 'age_days': 46}
https://github.com/RapDv-com/rapdv-blog, {'repo': 'RapDv-com/rapdv-blog', 'created_at': datetime.datetime(2022, 8, 12, 13, 48, 40, tzinfo=datetime.timezone.utc), 'target_date': datetime.datetime(2022, 9, 6, 11, 24, 27, tzinfo=datetime.timezone.utc), 'age_days': 24}
https://github.com/varchar-io/visit, {'repo': 'varchar-io/visit', 'created_at': datetime.datetime(2022, 8, 9, 0, 25, 40, tzinfo=datetime.timezone.utc), 'target_date': datetime.datetime(2022, 8, 17, 20, 56, 24, tzinfo=datetime.timezone.utc), 'age_days': 8}
https://github.com/TryShape/tryshape, {'repo': 'TryShape/tryshape', 'created_at': datetime.datetime(2021, 6, 11, 11, 56, 18, tzinfo=datetime.timezone.utc), 'target_date': datetime.datetime(2022, 10, 11, 10, 5, 35, tzinfo=datetime.timezone.utc), 'age_days': 486}
https://github.com/jbh-cloud/spotify_sync, {'repo': 'jbh-cloud/spotify_sync', 'created_at': datetime.datetime(2020, 10, 16, 10, 51, 14, tzinfo=datetime.timezone.utc), 'target_date': datetime.datetime(2022, 11, 3, 13, 51, 22, tzinfo=datetime.timezone.utc), 'age_days': 748}
https://github.com/croma-app/croma-react, {'repo': 'croma-app/croma-react', 'created_at': datetime.datetime(2019, 12, 3, 19, 41, 27, tzinfo=datetime.timezone.utc), 'target_date': datetime.datetime(2022, 11, 10, 15, 8, 39, tzinfo=datetime.timezone.utc), 'age_days': 1072}
https://github.com/prathik/fcm, {'repo': 'prathik/fcm', 'created_at': datetime.datetime(2018, 2, 10, 9, 15, 33, tzinfo=datetime.timezone.utc), 'target_date': datetime.datetime(2018, 4, 29, 6, 32, 1, tzinfo=datetime.timezone.utc), 'age_days': 77}
https://github.com/anish-shanbhag/minecraft-api, {'repo': 'anish-shanbhag/minecraft-api', 'created_at': datetime.datetime(2020, 4, 8, 3, 38, 39, tzinfo=datetime.timezone.utc), 'target_date': datetime.datetime(2022, 8, 5, 22, 18, 30, tzinfo=datetime.timezone.utc), 'age_days': 849}
https://github.com/prinzpiuz/Stone-Paper-Scissor, {'repo': 'prinzpiuz/Stone-Paper-Scissor', 'created_at': datetime.datetime(2020, 9, 28, 10, 23, 36, tzinfo=datetime.timezone.utc), 'target_date': datetime.datetime(2020, 10, 7, 16, 53, 11, tzinfo=datetime.timezone.utc), 'age_days': 9}
https://github.com/daspartho/dynamic-wallpaper, {'repo': 'daspartho/dynamic-wallpaper', 'created_at': datetime.datetime(2022, 8, 15, 18, 11, 35, tzinfo=datetime.timezone.utc), 'target_date': datetime.datetime(2022, 8, 16, 12, 51, 58, tzinfo=datetime.timezone.utc), 'age_days': 0}
https://github.com/estruyf/vscode-front-matter, {'repo': 'estruyf/vscode-front-matter', 'created_at': datetime.datetime(2019, 8, 23, 15, 44, 41, tzinfo=datetime.timezone.utc), 'target_date': datetime.datetime(2022, 11, 24, 16, 26, 22, tzinfo=datetime.timezone.utc), 'age_days': 1189}
https://github.com/origranot/reduced.to, {'repo': 'origranot/reduced.to', 'created_at': datetime.datetime(2020, 3, 18, 21, 38, 54, tzinfo=datetime.timezone.utc), 'target_date': datetime.datetime(2022, 11, 5, 11, 24, 23, tzinfo=datetime.timezone.utc), 'age_days': 961}
https://github.com/commundev/commun, {'repo': 'commundev/commun', 'created_at': datetime.datetime(2020, 1, 7, 0, 13, 46, tzinfo=datetime.timezone.utc), 'target_date': datetime.datetime(2020, 9, 12, 13, 7, 38, tzinfo=datetime.timezone.utc), 'age_days': 249}
https://github.com/cmurphy580/Netflix_Rotten_Tomatoes_Chrome_Extension, {'repo': 'cmurphy580/Netflix_Rotten_Tomatoes_Chrome_Extension', 'created_at': datetime.datetime(2020, 8, 2, 3, 24, 4, tzinfo=datetime.timezone.utc), 'target_date': datetime.datetime(2021, 7, 26, 21, 39, 3, tzinfo=datetime.timezone.utc), 'age_days': 358}
https://github.com/EstevaoCostaG3/AriaBusiness, {'repo': 'EstevaoCostaG3/AriaBusiness', 'created_at': datetime.datetime(2019, 11, 13, 23, 44, 54, tzinfo=datetime.timezone.utc), 'target_date': datetime.datetime(2022, 11, 12, 18, 37, tzinfo=datetime.timezone.utc), 'age_days': 1094}
https://github.com/ZachNagengast/fragmenter, {'repo': 'ZachNagengast/fragmenter', 'created_at': datetime.datetime(2014, 3, 2, 6, 14, 54, tzinfo=datetime.timezone.utc), 'target_date': datetime.datetime(2014, 3, 28, 9, 59, 12, tzinfo=datetime.timezone.utc), 'age_days': 26}
https://github.com/cjsheets/gpm-to-spotify, {'repo': 'cjsheets/gpm-to-spotify', 'created_at': datetime.datetime(2020, 8, 8, 19, 32, 34, tzinfo=datetime.timezone.utc), 'target_date': datetime.datetime(2021, 2, 20, 3, 38, 6, tzinfo=datetime.timezone.utc), 'age_days': 195}
https://github.com/harishsg99/OreoML, {'repo': 'harishsg99/OreoML', 'created_at': datetime.datetime(2020, 9, 5, 5, 23, 2, tzinfo=datetime.timezone.utc), 'target_date': datetime.datetime(2020, 9, 5, 13, 25, 27, tzinfo=datetime.timezone.utc), 'age_days': 0}
https://github.com/thearn/webcam-pulse-detector, {'repo': 'thearn/webcam-pulse-detector', 'created_at': datetime.datetime(2013, 4, 15, 15, 2, 7, tzinfo=datetime.timezone.utc), 'target_date': datetime.datetime(2017, 6, 26, 18, 47, 10, tzinfo=datetime.timezone.utc), 'age_days': 1533}
https://github.com/tedigc/imdbleep, {'repo': 'tedigc/imdbleep', 'created_at': datetime.datetime(2019, 9, 9, 22, 26, 20, tzinfo=datetime.timezone.utc), 'target_date': datetime.datetime(2019, 9, 9, 22, 24, 52, tzinfo=datetime.timezone.utc), 'age_days': -1}
https://github.com/azc242/LinkedOut, {'repo': 'azc242/LinkedOut', 'created_at': datetime.datetime(2020, 12, 26, 3, 35, 18, tzinfo=datetime.timezone.utc), 'target_date': datetime.datetime(2022, 5, 14, 5, 27, 39, tzinfo=datetime.timezone.utc), 'age_days': 504}
https://github.com/elendee/emutab, {'repo': 'elendee/emutab', 'created_at': datetime.datetime(2022, 5, 28, 6, 9, 37, tzinfo=datetime.timezone.utc), 'target_date': datetime.datetime(2022, 11, 7, 5, 7, 17, tzinfo=datetime.timezone.utc), 'age_days': 162}
https://github.com/ciur/papermerge, {'repo': 'ciur/papermerge', 'created_at': datetime.datetime(2020, 1, 6, 17, 34, 15, tzinfo=datetime.timezone.utc), 'target_date': datetime.datetime(2022, 10, 16, 6, 37, 22, tzinfo=datetime.timezone.utc), 'age_days': 1013}
https://github.com/kyleperik/termfun, {'repo': 'kyleperik/termfun', 'created_at': datetime.datetime(2018, 4, 29, 15, 58, 38, tzinfo=datetime.timezone.utc), 'target_date': datetime.datetime(2019, 11, 2, 21, 13, 24, tzinfo=datetime.timezone.utc), 'age_days': 552}
https://github.com/knmn2000/MuskAPI, {'repo': 'knmn2000/MuskAPI', 'created_at': datetime.datetime(2021, 2, 7, 10, 49, 19, tzinfo=datetime.timezone.utc), 'target_date': datetime.datetime(2021, 6, 28, 17, 8, 48, tzinfo=datetime.timezone.utc), 'age_days': 141}
https://github.com/reactrewind/react-rewind, {'repo': 'reactrewind/react-rewind', 'created_at': datetime.datetime(2019, 2, 25, 16, 9, 54, tzinfo=datetime.timezone.utc), 'target_date': datetime.datetime(2019, 6, 18, 4, 13, 25, tzinfo=datetime.timezone.utc), 'age_days': 112}
https://github.com/Mhdi-kr/text2tree, {'repo': 'Mhdi-kr/text2tree', 'created_at': datetime.datetime(2022, 3, 12, 20, 46, 47, tzinfo=datetime.timezone.utc), 'target_date': datetime.datetime(2022, 3, 13, 4, 3, 3, tzinfo=datetime.timezone.utc), 'age_days': 0}
https://github.com/ashishBharadwaj/flawesome, {'repo': 'ashishBharadwaj/flawesome', 'created_at': datetime.datetime(2020, 2, 28, 9, 13, 25, tzinfo=datetime.timezone.utc), 'target_date': datetime.datetime(2021, 7, 10, 10, 43, 24, tzinfo=datetime.timezone.utc), 'age_days': 498}
https://github.com/btahir/notion-capture, {'repo': 'btahir/notion-capture', 'created_at': datetime.datetime(2021, 5, 14, 6, 8, 16, tzinfo=datetime.timezone.utc), 'target_date': datetime.datetime(2021, 5, 16, 18, 21, 53, tzinfo=datetime.timezone.utc), 'age_days': 2}
https://github.com/KnowledgeCanvas/knowledge-canvas, {'repo': 'KnowledgeCanvas/knowledge-canvas', 'created_at': datetime.datetime(2021, 7, 10, 18, 57, 38, tzinfo=datetime.timezone.utc), 'target_date': datetime.datetime(2022, 10, 24, 19, 54, 24, tzinfo=datetime.timezone.utc), 'age_days': 471}
https://github.com/truj/midica, {'repo': 'truj/midica', 'created_at': datetime.datetime(2015, 10, 2, 18, 16, 15, tzinfo=datetime.timezone.utc), 'target_date': datetime.datetime(2022, 7, 17, 19, 6, 25, tzinfo=datetime.timezone.utc), 'age_days': 2480}
https://github.com/dstotijn/ct-diag-server, {'repo': 'dstotijn/ct-diag-server', 'created_at': datetime.datetime(2020, 4, 22, 16, 46, 50, tzinfo=datetime.timezone.utc), 'target_date': datetime.datetime(2020, 5, 6, 18, 40, tzinfo=datetime.timezone.utc), 'age_days': 14}
https://github.com/rish-16/gpt2client, {'repo': 'rish-16/gpt2client', 'created_at': datetime.datetime(2019, 8, 4, 6, 35, 45, tzinfo=datetime.timezone.utc), 'target_date': datetime.datetime(2021, 6, 24, 4, 59, 19, tzinfo=datetime.timezone.utc), 'age_days': 689}
https://github.com/AI-Spawn/ssbm-bot, {'repo': 'AI-Spawn/ssbm-bot', 'created_at': datetime.datetime(2021, 11, 3, 2, 36, 13, tzinfo=datetime.timezone.utc), 'target_date': datetime.datetime(2022, 7, 10, 19, 45, 2, tzinfo=datetime.timezone.utc), 'age_days': 249}
https://github.com/diamant3/LBP, {'repo': 'diamant3/LBP', 'created_at': datetime.datetime(2022, 6, 29, 13, 12, 14, tzinfo=datetime.timezone.utc), 'target_date': datetime.datetime(2022, 9, 28, 15, 19, 13, tzinfo=datetime.timezone.utc), 'age_days': 91}
https://github.com/PayRequest/Amazon-SES-Directadmin-Hook, {'repo': 'PayRequest/Amazon-SES-Directadmin-Hook', 'created_at': datetime.datetime(2021, 3, 5, 11, 17, 16, tzinfo=datetime.timezone.utc), 'target_date': datetime.datetime(2021, 7, 15, 20, 20, 49, tzinfo=datetime.timezone.utc), 'age_days': 132}
https://github.com/thephilomaths/sendight-frontend, {'repo': 'thephilomaths/sendight-frontend', 'created_at': datetime.datetime(2021, 4, 30, 16, 35, 45, tzinfo=datetime.timezone.utc), 'target_date': datetime.datetime(2021, 10, 18, 5, 5, 48, tzinfo=datetime.timezone.utc), 'age_days': 170}
https://github.com/AlexGascon/MalTiempoBot, {'repo': 'AlexGascon/MalTiempoBot', 'created_at': datetime.datetime(2017, 2, 12, 23, 46, 55, tzinfo=datetime.timezone.utc), 'target_date': datetime.datetime(2017, 10, 21, 21, 48, 59, tzinfo=datetime.timezone.utc), 'age_days': 250}
https://github.com/albeniskerqeli10/react-social-network-v1, {'repo': 'albeniskerqeli10/react-social-network-v1', 'created_at': datetime.datetime(2021, 12, 28, 1, 34, 56, tzinfo=datetime.timezone.utc), 'target_date': datetime.datetime(2022, 10, 8, 0, 1, 57, tzinfo=datetime.timezone.utc), 'age_days': 283}
https://github.com/progressively-crew/progressively, {'repo': 'progressively-crew/progressively', 'created_at': datetime.datetime(2022, 6, 8, 14, 42, 21, tzinfo=datetime.timezone.utc), 'target_date': datetime.datetime(2022, 11, 29, 15, 13, 24, tzinfo=datetime.timezone.utc), 'age_days': 174}
https://github.com/xxhomey19/infinite-array, {'repo': 'xxhomey19/infinite-array', 'created_at': datetime.datetime(2017, 12, 10, 10, 18, 13, tzinfo=datetime.timezone.utc), 'target_date': datetime.datetime(2018, 3, 16, 3, 58, 32, tzinfo=datetime.timezone.utc), 'age_days': 95}
https://github.com/jeverd/lecture-experience, {'repo': 'jeverd/lecture-experience', 'created_at': datetime.datetime(2020, 5, 2, 4, 10, 24, tzinfo=datetime.timezone.utc), 'target_date': datetime.datetime(2021, 7, 3, 14, 48, 16, tzinfo=datetime.timezone.utc), 'age_days': 427}
https://github.com/krishnan-tech/typing-automation, {'repo': 'krishnan-tech/typing-automation', 'created_at': datetime.datetime(2021, 9, 12, 17, 56, 34, tzinfo=datetime.timezone.utc), 'target_date': datetime.datetime(2021, 9, 12, 18, 22, 1, tzinfo=datetime.timezone.utc), 'age_days': 0}
https://github.com/michaelcukier/Poker-Hand-Tracker, {'repo': 'michaelcukier/Poker-Hand-Tracker', 'created_at': datetime.datetime(2020, 12, 18, 18, 34, 57, tzinfo=datetime.timezone.utc), 'target_date': datetime.datetime(2021, 3, 2, 22, 46, 22, tzinfo=datetime.timezone.utc), 'age_days': 74}
https://github.com/Krisseck/Hashtag-Wall-Server, {'repo': 'Krisseck/Hashtag-Wall-Server', 'created_at': datetime.datetime(2018, 10, 27, 11, 9, 3, tzinfo=datetime.timezone.utc), 'target_date': datetime.datetime(2019, 6, 7, 4, 58, 3, tzinfo=datetime.timezone.utc), 'age_days': 222}
https://github.com/nemanjadragun92/nuxt-tw, {'repo': 'nemanjadragun92/nuxt-tw', 'created_at': datetime.datetime(2021, 4, 8, 13, 56, 27, tzinfo=datetime.timezone.utc), 'target_date': datetime.datetime(2021, 5, 31, 13, 8, 43, tzinfo=datetime.timezone.utc), 'age_days': 52}
https://github.com/beekeeper-studio/beekeeper-studio, {'repo': 'beekeeper-studio/beekeeper-studio', 'created_at': datetime.datetime(2019, 7, 23, 18, 12, 33, tzinfo=datetime.timezone.utc), 'target_date': datetime.datetime(2022, 11, 24, 3, 43, 22, tzinfo=datetime.timezone.utc), 'age_days': 1219}
https://github.com/aberforthQ/puppeteer-split-test, {'repo': 'aberforthQ/puppeteer-split-test', 'created_at': datetime.datetime(2019, 11, 2, 22, 22, 7, tzinfo=datetime.timezone.utc), 'target_date': datetime.datetime(2019, 11, 3, 20, 56, 2, tzinfo=datetime.timezone.utc), 'age_days': 0}
https://github.com/mkfeuhrer/acrons, {'repo': 'mkfeuhrer/acrons', 'created_at': datetime.datetime(2020, 5, 15, 7, 30, 37, tzinfo=datetime.timezone.utc), 'target_date': datetime.datetime(2020, 9, 2, 14, 24, tzinfo=datetime.timezone.utc), 'age_days': 110}
https://github.com/AJAYK-01/Reactube, {'repo': 'AJAYK-01/Reactube', 'created_at': datetime.datetime(2021, 1, 4, 16, 22, 21, tzinfo=datetime.timezone.utc), 'target_date': datetime.datetime(2021, 11, 6, 20, 26, 34, tzinfo=datetime.timezone.utc), 'age_days': 306}
https://github.com/Animatea/tense, {'repo': 'Animatea/tense', 'created_at': datetime.datetime(2022, 6, 4, 11, 40, 25, tzinfo=datetime.timezone.utc), 'target_date': datetime.datetime(2022, 10, 29, 20, 49, 36, tzinfo=datetime.timezone.utc), 'age_days': 147}
https://github.com/DerYeger/apollo-backend, {'repo': 'DerYeger/apollo-backend', 'created_at': datetime.datetime(2020, 12, 18, 13, 55, 53, tzinfo=datetime.timezone.utc), 'target_date': datetime.datetime(2022, 11, 19, 4, 35, 12, tzinfo=datetime.timezone.utc), 'age_days': 700}
https://github.com/triton11/ChessTier, {'repo': 'triton11/ChessTier', 'created_at': datetime.datetime(2021, 10, 4, 6, 46, 8, tzinfo=datetime.timezone.utc), 'target_date': datetime.datetime(2021, 11, 6, 15, 59, 1, tzinfo=datetime.timezone.utc), 'age_days': 33}
https://github.com/jasonwalsh/punk, {'repo': 'jasonwalsh/punk', 'created_at': datetime.datetime(2020, 3, 20, 16, 14, 33, tzinfo=datetime.timezone.utc), 'target_date': datetime.datetime(2020, 6, 25, 14, 30, 9, tzinfo=datetime.timezone.utc), 'age_days': 96}
https://github.com/kingsteph23/Motivation-Nation-, {'repo': 'kingsteph23/Motivation-Nation-', 'created_at': datetime.datetime(2021, 6, 2, 15, 58, 6, tzinfo=datetime.timezone.utc), 'target_date': datetime.datetime(2021, 6, 2, 15, 58, 7, tzinfo=datetime.timezone.utc), 'age_days': 0}
https://github.com/fdemian/morpheus-api, {'repo': 'fdemian/morpheus-api', 'created_at': datetime.datetime(2020, 2, 8, 16, 36, 2, tzinfo=datetime.timezone.utc), 'target_date': datetime.datetime(2021, 5, 5, 23, 11, 43, tzinfo=datetime.timezone.utc), 'age_days': 452}
https://github.com/Mini-Sylar/Anime-Info-Platform, {'repo': 'Mini-Sylar/Anime-Info-Platform', 'created_at': datetime.datetime(2022, 5, 3, 14, 41, 41, tzinfo=datetime.timezone.utc), 'target_date': datetime.datetime(2022, 11, 28, 13, 18, 15, tzinfo=datetime.timezone.utc), 'age_days': 208}
https://github.com/salfatigroup/nopeus, {'repo': 'salfatigroup/nopeus', 'created_at': datetime.datetime(2022, 7, 20, 10, 11, 25, tzinfo=datetime.timezone.utc), 'target_date': datetime.datetime(2022, 9, 21, 18, 2, 56, tzinfo=datetime.timezone.utc), 'age_days': 63}
https://github.com/AviKKi/The-Dragon-Book, {'repo': 'AviKKi/The-Dragon-Book', 'created_at': datetime.datetime(2020, 3, 31, 18, 22, 43, tzinfo=datetime.timezone.utc), 'target_date': datetime.datetime(2020, 4, 2, 22, 24, 52, tzinfo=datetime.timezone.utc), 'age_days': 2}
https://github.com/clowre/docserver, {'repo': 'clowre/docserver', 'created_at': datetime.datetime(2022, 3, 13, 11, 3, 23, tzinfo=datetime.timezone.utc), 'target_date': datetime.datetime(2022, 4, 8, 17, 54, 18, tzinfo=datetime.timezone.utc), 'age_days': 26}
https://github.com/tellmolly/tellmolly.com, {'repo': 'tellmolly/tellmolly.com', 'created_at': datetime.datetime(2018, 12, 30, 22, 38, 35, tzinfo=datetime.timezone.utc), 'target_date': datetime.datetime(2022, 11, 24, 21, 39, 29, tzinfo=datetime.timezone.utc), 'age_days': 1424}
https://github.com/boatengyeboah/WashYourHands, {'repo': 'boatengyeboah/WashYourHands', 'created_at': datetime.datetime(2020, 3, 2, 3, 7, 47, tzinfo=datetime.timezone.utc), 'target_date': datetime.datetime(2020, 3, 7, 19, 7, 21, tzinfo=datetime.timezone.utc), 'age_days': 5}
https://github.com/kaustubh03/supscroll, {'repo': 'kaustubh03/supscroll', 'created_at': datetime.datetime(2021, 5, 22, 15, 38, 27, tzinfo=datetime.timezone.utc), 'target_date': datetime.datetime(2021, 5, 27, 17, 51, 7, tzinfo=datetime.timezone.utc), 'age_days': 5}
https://github.com/RuairiD/howsmytrack-api, {'repo': 'RuairiD/howsmytrack-api', 'created_at': datetime.datetime(2020, 2, 1, 0, 47, 37, tzinfo=datetime.timezone.utc), 'target_date': datetime.datetime(2022, 11, 25, 4, 17, 3, tzinfo=datetime.timezone.utc), 'age_days': 1028}
https://github.com/chandru89new/hideMediumBars, {'repo': 'chandru89new/hideMediumBars', 'created_at': datetime.datetime(2017, 12, 4, 7, 14, 28, tzinfo=datetime.timezone.utc), 'target_date': datetime.datetime(2017, 12, 4, 7, 42, 12, tzinfo=datetime.timezone.utc), 'age_days': 0}
https://github.com/zergov/flashcards, {'repo': 'zergov/flashcards', 'created_at': datetime.datetime(2016, 5, 15, 2, 38, 58, tzinfo=datetime.timezone.utc), 'target_date': datetime.datetime(2016, 7, 2, 18, 45, 9, tzinfo=datetime.timezone.utc), 'age_days': 48}
https://github.com/michael-langaman/fntsylu, {'repo': 'michael-langaman/fntsylu', 'created_at': datetime.datetime(2016, 11, 12, 4, 20, 31, tzinfo=datetime.timezone.utc), 'target_date': datetime.datetime(2019, 5, 31, 22, 0, 51, tzinfo=datetime.timezone.utc), 'age_days': 930}
https://github.com/Netchicken/reactDadJokes, {'repo': 'Netchicken/reactDadJokes', 'created_at': datetime.datetime(2019, 11, 18, 22, 7, 28, tzinfo=datetime.timezone.utc), 'target_date': datetime.datetime(2020, 1, 7, 19, 27, 54, tzinfo=datetime.timezone.utc), 'age_days': 49}
https://github.com/antonreshetov/massCode, {'repo': 'antonreshetov/massCode', 'created_at': datetime.datetime(2019, 12, 23, 7, 12, 19, tzinfo=datetime.timezone.utc), 'target_date': datetime.datetime(2022, 5, 4, 9, 6, 29, tzinfo=datetime.timezone.utc), 'age_days': 863}
https://github.com/ChrisStayte/Bachup, {'repo': 'ChrisStayte/Bachup', 'created_at': datetime.datetime(2021, 6, 25, 16, 7, 50, tzinfo=datetime.timezone.utc), 'target_date': datetime.datetime(2021, 6, 25, 16, 12, 45, tzinfo=datetime.timezone.utc), 'age_days': 0}
https://github.com/PabloLec/recoverpy, {'repo': 'PabloLec/recoverpy', 'created_at': datetime.datetime(2021, 2, 24, 14, 42, 33, tzinfo=datetime.timezone.utc), 'target_date': datetime.datetime(2022, 11, 9, 13, 15, 15, tzinfo=datetime.timezone.utc), 'age_days': 622}
https://github.com/geckogecko/jumpstar, {'repo': 'geckogecko/jumpstar', 'created_at': datetime.datetime(2018, 3, 13, 18, 41, 29, tzinfo=datetime.timezone.utc), 'target_date': datetime.datetime(2019, 3, 13, 13, 52, 22, tzinfo=datetime.timezone.utc), 'age_days': 364}
https://github.com/mile95/csgo_cli, {'repo': 'mile95/csgo_cli', 'created_at': datetime.datetime(2020, 11, 14, 15, 8, tzinfo=datetime.timezone.utc), 'target_date': datetime.datetime(2021, 7, 10, 22, 32, 29, tzinfo=datetime.timezone.utc), 'age_days': 238}
https://github.com/milosv1/Python_Storage_Tracker, {'repo': 'milosv1/Python_Storage_Tracker', 'created_at': datetime.datetime(2020, 5, 14, 11, 33, 34, tzinfo=datetime.timezone.utc), 'target_date': datetime.datetime(2022, 7, 10, 9, 3, 58, tzinfo=datetime.timezone.utc), 'age_days': 786}
https://github.com/ahmed-debbech/emojini, {'repo': 'ahmed-debbech/emojini', 'created_at': datetime.datetime(2021, 6, 10, 20, 36, 41, tzinfo=datetime.timezone.utc), 'target_date': datetime.datetime(2021, 6, 14, 13, 20, 26, tzinfo=datetime.timezone.utc), 'age_days': 3}
https://github.com/SantosDylan/angular-crud, {'repo': 'SantosDylan/angular-crud', 'created_at': datetime.datetime(2022, 3, 11, 11, 26, 40, tzinfo=datetime.timezone.utc), 'target_date': datetime.datetime(2022, 3, 11, 11, 44, 22, tzinfo=datetime.timezone.utc), 'age_days': 0}
https://github.com/anhtumai/roomie-frontend, {'repo': 'anhtumai/roomie-frontend', 'created_at': datetime.datetime(2021, 10, 19, 6, 39, 11, tzinfo=datetime.timezone.utc), 'target_date': datetime.datetime(2022, 11, 28, 22, 8, 28, tzinfo=datetime.timezone.utc), 'age_days': 405}
https://github.com/AI-Spawn/Ecosystem-Simulation, {'repo': 'AI-Spawn/Ecosystem-Simulation', 'created_at': datetime.datetime(2021, 4, 22, 21, 50, 31, tzinfo=datetime.timezone.utc), 'target_date': datetime.datetime(2021, 7, 5, 2, 43, 23, tzinfo=datetime.timezone.utc), 'age_days': 73}
https://github.com/SuPythony/Github-Stars-Extension, {'repo': 'SuPythony/Github-Stars-Extension', 'created_at': datetime.datetime(2022, 1, 25, 4, 0, 10, tzinfo=datetime.timezone.utc), 'target_date': datetime.datetime(2022, 7, 2, 10, 28, 57, tzinfo=datetime.timezone.utc), 'age_days': 158}
https://github.com/theycallmemac/larder, {'repo': 'theycallmemac/larder', 'created_at': datetime.datetime(2020, 1, 19, 16, 18, 54, tzinfo=datetime.timezone.utc), 'target_date': datetime.datetime(2020, 7, 31, 18, 14, 42, tzinfo=datetime.timezone.utc), 'age_days': 194}
https://github.com/2018kguo/RobinhoodBot, {'repo': '2018kguo/RobinhoodBot', 'created_at': datetime.datetime(2019, 4, 16, 21, 31, 12, tzinfo=datetime.timezone.utc), 'target_date': datetime.datetime(2021, 4, 25, 17, 45, 33, tzinfo=datetime.timezone.utc), 'age_days': 739}
https://github.com/ollar/cheevies, {'repo': 'ollar/cheevies', 'created_at': datetime.datetime(2020, 11, 3, 11, 23, 23, tzinfo=datetime.timezone.utc), 'target_date': datetime.datetime(2021, 1, 13, 19, 52, 5, tzinfo=datetime.timezone.utc), 'age_days': 71}
https://github.com/ivanshen/SpotiKeys, {'repo': 'ivanshen/SpotiKeys', 'created_at': datetime.datetime(2016, 9, 9, 4, 56, 10, tzinfo=datetime.timezone.utc), 'target_date': datetime.datetime(2016, 9, 10, 1, 13, 17, tzinfo=datetime.timezone.utc), 'age_days': 0}
https://github.com/namuan/http-rider, {'repo': 'namuan/http-rider', 'created_at': datetime.datetime(2019, 7, 13, 6, 41, 18, tzinfo=datetime.timezone.utc), 'target_date': datetime.datetime(2022, 8, 1, 19, 17, 11, tzinfo=datetime.timezone.utc), 'age_days': 1115}
https://github.com/tk-ni/Vssm, {'repo': 'tk-ni/Vssm', 'created_at': datetime.datetime(2022, 2, 26, 16, 27, 12, tzinfo=datetime.timezone.utc), 'target_date': datetime.datetime(2022, 3, 3, 16, 44, 5, tzinfo=datetime.timezone.utc), 'age_days': 5}
https://github.com/jkhan-007/contextually-app-osx, {'repo': 'jkhan-007/contextually-app-osx', 'created_at': datetime.datetime(2019, 3, 9, 10, 19, 15, tzinfo=datetime.timezone.utc), 'target_date': datetime.datetime(2019, 3, 21, 6, 49, 36, tzinfo=datetime.timezone.utc), 'age_days': 11}
https://github.com/mathcoll/t6, {'repo': 'mathcoll/t6', 'created_at': datetime.datetime(2016, 2, 27, 12, 42, 22, tzinfo=datetime.timezone.utc), 'target_date': datetime.datetime(2022, 11, 22, 21, 39, 5, tzinfo=datetime.timezone.utc), 'age_days': 2460}
https://github.com/danobot/notorious, {'repo': 'danobot/notorious', 'created_at': datetime.datetime(2020, 3, 9, 9, 35, 10, tzinfo=datetime.timezone.utc), 'target_date': datetime.datetime(2022, 4, 27, 12, 52, 42, tzinfo=datetime.timezone.utc), 'age_days': 779}
https://github.com/prof18/Secure-QR-Reader, {'repo': 'prof18/Secure-QR-Reader', 'created_at': datetime.datetime(2020, 7, 26, 9, 55, 14, tzinfo=datetime.timezone.utc), 'target_date': datetime.datetime(2022, 9, 7, 19, 5, 1, tzinfo=datetime.timezone.utc), 'age_days': 773}
https://github.com/CT83/Hemuer-AI-Expression-Detector, {'repo': 'CT83/Hemuer-AI-Expression-Detector', 'created_at': datetime.datetime(2020, 2, 17, 6, 0, 39, tzinfo=datetime.timezone.utc), 'target_date': datetime.datetime(2021, 5, 11, 13, 53, 8, tzinfo=datetime.timezone.utc), 'age_days': 449}
https://github.com/ajaxtown/webpack-stats-progress, {'repo': 'ajaxtown/webpack-stats-progress', 'created_at': datetime.datetime(2020, 5, 22, 7, 50, 57, tzinfo=datetime.timezone.utc), 'target_date': datetime.datetime(2020, 5, 23, 20, 8, 20, tzinfo=datetime.timezone.utc), 'age_days': 1}
https://github.com/fonoster/routr, {'repo': 'fonoster/routr', 'created_at': datetime.datetime(2017, 1, 18, 4, 34, 29, tzinfo=datetime.timezone.utc), 'target_date': datetime.datetime(2022, 11, 29, 3, 33, 9, tzinfo=datetime.timezone.utc), 'age_days': 2140}
https://github.com/martinblampied/breatherbar_macos, {'repo': 'martinblampied/breatherbar_macos', 'created_at': datetime.datetime(2021, 5, 29, 19, 23, 54, tzinfo=datetime.timezone.utc), 'target_date': datetime.datetime(2021, 6, 7, 10, 32, 21, tzinfo=datetime.timezone.utc), 'age_days': 8}
https://github.com/jason-shepherd/programming_timelapse, {'repo': 'jason-shepherd/programming_timelapse', 'created_at': datetime.datetime(2020, 8, 8, 9, 26, 25, tzinfo=datetime.timezone.utc), 'target_date': datetime.datetime(2021, 7, 17, 20, 3, 40, tzinfo=datetime.timezone.utc), 'age_days': 343}
https://github.com/DeskX11/DeskX, {'repo': 'DeskX11/DeskX', 'created_at': datetime.datetime(2021, 4, 21, 21, 45, 55, tzinfo=datetime.timezone.utc), 'target_date': datetime.datetime(2022, 1, 28, 17, 46, 37, tzinfo=datetime.timezone.utc), 'age_days': 281}
https://github.com/AnishDe12020/notiger, {'repo': 'AnishDe12020/notiger', 'created_at': datetime.datetime(2022, 2, 2, 9, 4, 7, tzinfo=datetime.timezone.utc), 'target_date': datetime.datetime(2022, 8, 26, 14, 24, 34, tzinfo=datetime.timezone.utc), 'age_days': 205}
https://github.com/arbindo/mimock, {'repo': 'arbindo/mimock', 'created_at': datetime.datetime(2022, 1, 29, 9, 4, 25, tzinfo=datetime.timezone.utc), 'target_date': datetime.datetime(2022, 11, 13, 17, 39, 59, tzinfo=datetime.timezone.utc), 'age_days': 288}
https://github.com/rajatkulkarni95/hckrnws, {'repo': 'rajatkulkarni95/hckrnws', 'created_at': datetime.datetime(2021, 12, 5, 10, 49, 43, tzinfo=datetime.timezone.utc), 'target_date': datetime.datetime(2022, 11, 25, 14, 17, 2, tzinfo=datetime.timezone.utc), 'age_days': 355}
https://github.com/jjcard/JLenPEG, {'repo': 'jjcard/JLenPEG', 'created_at': datetime.datetime(2018, 9, 16, 22, 31, 32, tzinfo=datetime.timezone.utc), 'target_date': datetime.datetime(2021, 12, 26, 20, 39, 58, tzinfo=datetime.timezone.utc), 'age_days': 1196}
https://github.com/janet-lang/janet, {'repo': 'janet-lang/janet', 'created_at': datetime.datetime(2017, 3, 10, 5, 8, 35, tzinfo=datetime.timezone.utc), 'target_date': datetime.datetime(2022, 11, 27, 16, 15, 1, tzinfo=datetime.timezone.utc), 'age_days': 2088}
https://github.com/EmmaPoliakova/WebRTCSmartphoneController, {'repo': 'EmmaPoliakova/WebRTCSmartphoneController', 'created_at': datetime.datetime(2021, 6, 13, 11, 56, 53, tzinfo=datetime.timezone.utc), 'target_date': datetime.datetime(2022, 3, 29, 16, 15, 1, tzinfo=datetime.timezone.utc), 'age_days': 289}
https://github.com/fluoroom/papirus-folders-cycle, {'repo': 'fluoroom/papirus-folders-cycle', 'created_at': datetime.datetime(2021, 6, 15, 16, 3, 11, tzinfo=datetime.timezone.utc), 'target_date': datetime.datetime(2021, 6, 24, 16, 27, 17, tzinfo=datetime.timezone.utc), 'age_days': 9}
https://github.com/llu13701/sms_analysis, {'repo': 'llu13701/sms_analysis', 'created_at': datetime.datetime(2020, 10, 7, 2, 35, 55, tzinfo=datetime.timezone.utc), 'target_date': datetime.datetime(2021, 1, 6, 5, 4, 38, tzinfo=datetime.timezone.utc), 'age_days': 91}
https://github.com/Abdelmalek123-Ennani/Convert-speech-to-text, {'repo': 'Abdelmalek123-Ennani/Convert-speech-to-text', 'created_at': datetime.datetime(2021, 2, 5, 15, 4, 45, tzinfo=datetime.timezone.utc), 'target_date': datetime.datetime(2022, 5, 8, 14, 50, 30, tzinfo=datetime.timezone.utc), 'age_days': 456}
https://github.com/lillian-lemmer/hypatia, {'repo': 'lillian-lemmer/hypatia', 'created_at': datetime.datetime(2014, 10, 26, 18, 40, 18, tzinfo=datetime.timezone.utc), 'target_date': datetime.datetime(2016, 3, 23, 8, 13, 54, tzinfo=datetime.timezone.utc), 'age_days': 513}
https://github.com/palerdot/wordl, {'repo': 'palerdot/wordl', 'created_at': datetime.datetime(2022, 10, 29, 7, 9, 36, tzinfo=datetime.timezone.utc), 'target_date': datetime.datetime(2022, 11, 8, 8, 3, 6, tzinfo=datetime.timezone.utc), 'age_days': 10}
https://github.com/dwkoss/botwhatabot, {'repo': 'dwkoss/botwhatabot', 'created_at': datetime.datetime(2020, 9, 18, 1, 35, 32, tzinfo=datetime.timezone.utc), 'target_date': datetime.datetime(2021, 9, 7, 3, 23, 31, tzinfo=datetime.timezone.utc), 'age_days': 354}
https://github.com/zacanger/some.audio, {'repo': 'zacanger/some.audio', 'created_at': datetime.datetime(2019, 4, 6, 17, 14, 52, tzinfo=datetime.timezone.utc), 'target_date': datetime.datetime(2020, 7, 11, 3, 7, 32, tzinfo=datetime.timezone.utc), 'age_days': 461}
https://github.com/samuelOsborne/Lottie-interactive, {'repo': 'samuelOsborne/Lottie-interactive', 'created_at': datetime.datetime(2020, 7, 5, 18, 40, 17, tzinfo=datetime.timezone.utc), 'target_date': datetime.datetime(2022, 7, 28, 12, 8, 29, tzinfo=datetime.timezone.utc), 'age_days': 752}
https://github.com/kholland950/solarsystemjs, {'repo': 'kholland950/solarsystemjs', 'created_at': datetime.datetime(2016, 2, 13, 20, 29, 17, tzinfo=datetime.timezone.utc), 'target_date': datetime.datetime(2019, 4, 3, 21, 20, 44, tzinfo=datetime.timezone.utc), 'age_days': 1145}
https://github.com/ionmosincat/wheretostream, {'repo': 'ionmosincat/wheretostream', 'created_at': datetime.datetime(2021, 2, 12, 7, 39, 23, tzinfo=datetime.timezone.utc), 'target_date': datetime.datetime(2021, 8, 12, 10, 46, 33, tzinfo=datetime.timezone.utc), 'age_days': 181}
https://github.com/EmmaPoliakova/WebRTCSmartphoneController?fbclid=IwAR2f0R_z8uMHrlf93t3i26XNvBcalh6RxCF9W2yt15kWZ2pnWTth9WhQwxY, {'repo': 'EmmaPoliakova/WebRTCSmartphoneController?fbclid=IwAR2f0R_z8uMHrlf93t3i26XNvBcalh6RxCF9W2yt15kWZ2pnWTth9WhQwxY', 'created_at': datetime.datetime(2021, 6, 13, 11, 56, 53, tzinfo=datetime.timezone.utc), 'target_date': datetime.datetime(2022, 3, 29, 16, 15, 1, tzinfo=datetime.timezone.utc), 'age_days': 289}
https://github.com/atapas/next-starter-revue-tailwind, {'repo': 'atapas/next-starter-revue-tailwind', 'created_at': datetime.datetime(2021, 8, 26, 7, 45, 3, tzinfo=datetime.timezone.utc), 'target_date': datetime.datetime(2021, 11, 19, 6, 24, 25, tzinfo=datetime.timezone.utc), 'age_days': 84}
https://github.com/nhevia/xmarket, {'repo': 'nhevia/xmarket', 'created_at': datetime.datetime(2022, 6, 19, 20, 5, 12, tzinfo=datetime.timezone.utc), 'target_date': datetime.datetime(2022, 8, 9, 17, 24, 52, tzinfo=datetime.timezone.utc), 'age_days': 50}
https://github.com/schlumpfling42/nnsfw, {'repo': 'schlumpfling42/nnsfw', 'created_at': datetime.datetime(2019, 10, 18, 2, 37, 17, tzinfo=datetime.timezone.utc), 'target_date': datetime.datetime(2022, 2, 17, 4, 28, 20, tzinfo=datetime.timezone.utc), 'age_days': 853}
https://github.com/ripexz/logpasta, {'repo': 'ripexz/logpasta', 'created_at': datetime.datetime(2019, 4, 28, 20, 4, 5, tzinfo=datetime.timezone.utc), 'target_date': datetime.datetime(2022, 8, 26, 11, 28, 11, tzinfo=datetime.timezone.utc), 'age_days': 1215}
https://github.com/is-really-cool/register, {'repo': 'is-really-cool/register', 'created_at': datetime.datetime(2022, 11, 9, 7, 18, 55, tzinfo=datetime.timezone.utc), 'target_date': datetime.datetime(2022, 11, 29, 2, 2, 33, tzinfo=datetime.timezone.utc), 'age_days': 19}
https://github.com/das-jishu/cloakspace, {'repo': 'das-jishu/cloakspace', 'created_at': datetime.datetime(2020, 5, 31, 19, 46, 19, tzinfo=datetime.timezone.utc), 'target_date': datetime.datetime(2022, 6, 6, 2, 4, 9, tzinfo=datetime.timezone.utc), 'age_days': 735}
https://github.com/CA326/BittorrentVisualizer, {'repo': 'CA326/BittorrentVisualizer', 'created_at': datetime.datetime(2013, 11, 8, 22, 53, 38, tzinfo=datetime.timezone.utc), 'target_date': datetime.datetime(2014, 4, 1, 3, 54, 36, tzinfo=datetime.timezone.utc), 'age_days': 143}
https://github.com/chr33z/py-spotify-setlist-generator, {'repo': 'chr33z/py-spotify-setlist-generator', 'created_at': datetime.datetime(2019, 5, 20, 10, 47, 21, tzinfo=datetime.timezone.utc), 'target_date': datetime.datetime(2019, 5, 22, 11, 8, 58, tzinfo=datetime.timezone.utc), 'age_days': 2}
https://github.com/drakewill-CRL/PraxisMapper, {'repo': 'drakewill-CRL/PraxisMapper', 'created_at': datetime.datetime(2020, 8, 14, 12, 36, 21, tzinfo=datetime.timezone.utc), 'target_date': datetime.datetime(2022, 11, 29, 14, 49, 51, tzinfo=datetime.timezone.utc), 'age_days': 837}
https://github.com/why-not-try-calmer/feedfarer2, {'repo': 'why-not-try-calmer/feedfarer2', 'created_at': datetime.datetime(2021, 11, 12, 19, 22, 31, tzinfo=datetime.timezone.utc), 'target_date': datetime.datetime(2022, 11, 19, 15, 10, 56, tzinfo=datetime.timezone.utc), 'age_days': 371}
https://github.com/MichaelWarmbier/Console-Minesweeper, {'repo': 'MichaelWarmbier/Console-Minesweeper', 'created_at': datetime.datetime(2019, 9, 3, 21, 52, 14, tzinfo=datetime.timezone.utc), 'target_date': datetime.datetime(2022, 6, 3, 18, 25, 49, tzinfo=datetime.timezone.utc), 'age_days': 1003}
https://github.com/stevenxie/begone, {'repo': 'stevenxie/begone', 'created_at': datetime.datetime(2018, 11, 18, 3, 7, 27, tzinfo=datetime.timezone.utc), 'target_date': datetime.datetime(2019, 12, 1, 15, 44, 48, tzinfo=datetime.timezone.utc), 'age_days': 378}
https://github.com/jackyzha0/nanoDB, {'repo': 'jackyzha0/nanoDB', 'created_at': datetime.datetime(2020, 4, 13, 4, 43, 41, tzinfo=datetime.timezone.utc), 'target_date': datetime.datetime(2020, 12, 22, 18, 7, 12, tzinfo=datetime.timezone.utc), 'age_days': 253}
https://github.com/cinarmert/doclogs, {'repo': 'cinarmert/doclogs', 'created_at': datetime.datetime(2020, 6, 10, 10, 33, 10, tzinfo=datetime.timezone.utc), 'target_date': datetime.datetime(2020, 8, 12, 7, 1, 22, tzinfo=datetime.timezone.utc), 'age_days': 62}
https://github.com/y0c/react-datepicker, {'repo': 'y0c/react-datepicker', 'created_at': datetime.datetime(2018, 12, 7, 11, 12, 13, tzinfo=datetime.timezone.utc), 'target_date': datetime.datetime(2020, 11, 5, 15, 36, 17, tzinfo=datetime.timezone.utc), 'age_days': 699}
https://github.com/sansyrox/robyn, {'repo': 'sansyrox/robyn', 'created_at': datetime.datetime(2021, 6, 18, 9, 32, tzinfo=datetime.timezone.utc), 'target_date': datetime.datetime(2022, 11, 25, 22, 51, 32, tzinfo=datetime.timezone.utc), 'age_days': 525}
https://github.com/ihajhasa/SpotiDude-TelegramBot, {'repo': 'ihajhasa/SpotiDude-TelegramBot', 'created_at': datetime.datetime(2021, 2, 18, 2, 37, 10, tzinfo=datetime.timezone.utc), 'target_date': datetime.datetime(2021, 6, 30, 15, 23, 14, tzinfo=datetime.timezone.utc), 'age_days': 132}
https://github.com/PollsAPI/yo-polls, {'repo': 'PollsAPI/yo-polls', 'created_at': datetime.datetime(2020, 11, 12, 7, 27, 54, tzinfo=datetime.timezone.utc), 'target_date': datetime.datetime(2020, 11, 19, 6, 21, 43, tzinfo=datetime.timezone.utc), 'age_days': 6}
https://github.com/RAJAGOPALAN-GANGADHARAN/JS-OS, {'repo': 'RAJAGOPALAN-GANGADHARAN/JS-OS', 'created_at': datetime.datetime(2018, 10, 16, 17, 27, 53, tzinfo=datetime.timezone.utc), 'target_date': datetime.datetime(2021, 12, 11, 10, 33, 23, tzinfo=datetime.timezone.utc), 'age_days': 1151}
https://github.com/illacloud/illa-builder, {'repo': 'illacloud/illa-builder', 'created_at': datetime.datetime(2022, 4, 18, 4, 55, 57, tzinfo=datetime.timezone.utc), 'target_date': datetime.datetime(2022, 11, 29, 13, 6, 37, tzinfo=datetime.timezone.utc), 'age_days': 225}
https://github.com/calganaygun/MDcat, {'repo': 'calganaygun/MDcat', 'created_at': datetime.datetime(2021, 8, 30, 13, 30, 49, tzinfo=datetime.timezone.utc), 'target_date': datetime.datetime(2021, 10, 26, 19, 20, 35, tzinfo=datetime.timezone.utc), 'age_days': 57}
https://github.com/RonenNess/ShackDB, {'repo': 'RonenNess/ShackDB', 'created_at': datetime.datetime(2021, 8, 27, 11, 21, 27, tzinfo=datetime.timezone.utc), 'target_date': datetime.datetime(2021, 8, 27, 11, 58, 23, tzinfo=datetime.timezone.utc), 'age_days': 0}
https://github.com/beganovich/capsule, {'repo': 'beganovich/capsule', 'created_at': datetime.datetime(2022, 9, 17, 19, 4, 42, tzinfo=datetime.timezone.utc), 'target_date': datetime.datetime(2022, 9, 17, 20, 28, 21, tzinfo=datetime.timezone.utc), 'age_days': 0}
https://github.com/abhijithneilabraham/Covid-QA, {'repo': 'abhijithneilabraham/Covid-QA', 'created_at': datetime.datetime(2021, 4, 9, 11, 43, 49, tzinfo=datetime.timezone.utc), 'target_date': datetime.datetime(2021, 4, 27, 6, 0, 51, tzinfo=datetime.timezone.utc), 'age_days': 17}
https://github.com/prashanthselvam/crazychess, {'repo': 'prashanthselvam/crazychess', 'created_at': datetime.datetime(2021, 1, 24, 18, 50, 38, tzinfo=datetime.timezone.utc), 'target_date': datetime.datetime(2021, 8, 1, 16, 29, 9, tzinfo=datetime.timezone.utc), 'age_days': 188}
https://github.com/Sound932/Chit-Chat, {'repo': 'Sound932/Chit-Chat', 'created_at': datetime.datetime(2021, 3, 11, 22, 37, 51, tzinfo=datetime.timezone.utc), 'target_date': datetime.datetime(2022, 11, 9, 19, 29, 27, tzinfo=datetime.timezone.utc), 'age_days': 607}
https://github.com/sakkshm/MemeBot, {'repo': 'sakkshm/MemeBot', 'created_at': datetime.datetime(2021, 3, 21, 16, 42, 39, tzinfo=datetime.timezone.utc), 'target_date': datetime.datetime(2021, 8, 23, 2, 32, 14, tzinfo=datetime.timezone.utc), 'age_days': 154}
https://github.com/OlivierGaland/CashFactory, {'repo': 'OlivierGaland/CashFactory', 'created_at': datetime.datetime(2021, 12, 31, 22, 33, 36, tzinfo=datetime.timezone.utc), 'target_date': datetime.datetime(2022, 10, 24, 16, 43, 22, tzinfo=datetime.timezone.utc), 'age_days': 296}
https://github.com/AMEST/Heimdallr, {'repo': 'AMEST/Heimdallr', 'created_at': datetime.datetime(2020, 12, 5, 15, 55, 54, tzinfo=datetime.timezone.utc), 'target_date': datetime.datetime(2022, 11, 9, 14, 23, 37, tzinfo=datetime.timezone.utc), 'age_days': 703}
https://github.com/gspatace/json-schema-podo-generator, {'repo': 'gspatace/json-schema-podo-generator', 'created_at': datetime.datetime(2021, 9, 28, 14, 40, 15, tzinfo=datetime.timezone.utc), 'target_date': datetime.datetime(2022, 8, 3, 17, 34, 2, tzinfo=datetime.timezone.utc), 'age_days': 309}
https://github.com/ozzs/monobox, {'repo': 'ozzs/monobox', 'created_at': datetime.datetime(2022, 6, 26, 9, 24, 39, tzinfo=datetime.timezone.utc), 'target_date': datetime.datetime(2022, 11, 28, 21, 57, 49, tzinfo=datetime.timezone.utc), 'age_days': 155}
https://github.com/mezod/awesome-indie, {'repo': 'mezod/awesome-indie', 'created_at': datetime.datetime(2017, 5, 3, 17, 30, 35, tzinfo=datetime.timezone.utc), 'target_date': datetime.datetime(2022, 1, 10, 11, 31, 37, tzinfo=datetime.timezone.utc), 'age_days': 1712}
https://github.com/yaat-project/yaat, {'repo': 'yaat-project/yaat', 'created_at': datetime.datetime(2020, 2, 28, 4, 58, 49, tzinfo=datetime.timezone.utc), 'target_date': datetime.datetime(2020, 10, 19, 16, 19, 45, tzinfo=datetime.timezone.utc), 'age_days': 234}
https://github.com/viveknathani/maketest, {'repo': 'viveknathani/maketest', 'created_at': datetime.datetime(2021, 7, 2, 15, 55, 27, tzinfo=datetime.timezone.utc), 'target_date': datetime.datetime(2022, 1, 22, 9, 51, tzinfo=datetime.timezone.utc), 'age_days': 203}
https://github.com/aschmelyun/use-the-keyboard, {'repo': 'aschmelyun/use-the-keyboard', 'created_at': datetime.datetime(2018, 12, 29, 18, 34, 28, tzinfo=datetime.timezone.utc), 'target_date': datetime.datetime(2021, 10, 2, 3, 42, 30, tzinfo=datetime.timezone.utc), 'age_days': 1007}
https://github.com/SimranjitKaurMaan/Artly#live-demo, {'repo': 'SimranjitKaurMaan/Artly#live-demo', 'created_at': datetime.datetime(2022, 3, 20, 9, 53, 14, tzinfo=datetime.timezone.utc), 'target_date': datetime.datetime(2022, 4, 17, 14, 56, 28, tzinfo=datetime.timezone.utc), 'age_days': 28}
https://github.com/tchambon/DeepGuru, {'repo': 'tchambon/DeepGuru', 'created_at': datetime.datetime(2019, 2, 5, 16, 36, 58, tzinfo=datetime.timezone.utc), 'target_date': datetime.datetime(2019, 2, 6, 15, 43, 12, tzinfo=datetime.timezone.utc), 'age_days': 0}
https://github.com/kamalkishor1991/croma, {'repo': 'kamalkishor1991/croma', 'created_at': datetime.datetime(2014, 7, 29, 16, 6, 45, tzinfo=datetime.timezone.utc), 'target_date': datetime.datetime(2020, 5, 2, 18, 0, tzinfo=datetime.timezone.utc), 'age_days': 2104}
https://github.com/iamOgunyinka/Ornamite, {'repo': 'iamOgunyinka/Ornamite', 'created_at': datetime.datetime(2017, 12, 30, 16, 47, 58, tzinfo=datetime.timezone.utc), 'target_date': datetime.datetime(2018, 5, 21, 13, 34, 39, tzinfo=datetime.timezone.utc), 'age_days': 141}
https://github.com/eduardosasso/bullish, {'repo': 'eduardosasso/bullish', 'created_at': datetime.datetime(2020, 3, 18, 20, 56, 47, tzinfo=datetime.timezone.utc), 'target_date': datetime.datetime(2022, 7, 19, 3, 57, 9, tzinfo=datetime.timezone.utc), 'age_days': 852}
https://github.com/QasimWani/LeetHub, {'repo': 'QasimWani/LeetHub', 'created_at': datetime.datetime(2020, 11, 20, 1, 28, 38, tzinfo=datetime.timezone.utc), 'target_date': datetime.datetime(2022, 10, 31, 20, 9, 54, tzinfo=datetime.timezone.utc), 'age_days': 710}
https://github.com/openlowcode/Open-Lowcode, {'repo': 'openlowcode/Open-Lowcode', 'created_at': datetime.datetime(2019, 6, 16, 5, 22, 45, tzinfo=datetime.timezone.utc), 'target_date': datetime.datetime(2021, 3, 17, 9, 24, 13, tzinfo=datetime.timezone.utc), 'age_days': 640}
https://github.com/khalifaali/gdtree, {'repo': 'khalifaali/gdtree', 'created_at': datetime.datetime(2022, 7, 30, 21, 58, 49, tzinfo=datetime.timezone.utc), 'target_date': datetime.datetime(2022, 8, 21, 20, 57, 38, tzinfo=datetime.timezone.utc), 'age_days': 21}
https://github.com/anorman728/LostArt, {'repo': 'anorman728/LostArt', 'created_at': datetime.datetime(2019, 2, 19, 4, 3, 38, tzinfo=datetime.timezone.utc), 'target_date': datetime.datetime(2020, 8, 6, 0, 51, 47, tzinfo=datetime.timezone.utc), 'age_days': 533}
https://github.com/HACKERALERT/Picocrypt, {'repo': 'HACKERALERT/Picocrypt', 'created_at': datetime.datetime(2021, 2, 18, 20, 27, 50, tzinfo=datetime.timezone.utc), 'target_date': datetime.datetime(2022, 11, 18, 22, 29, 27, tzinfo=datetime.timezone.utc), 'age_days': 638}
https://github.com/MomentCaptureInc/ProgrammableThoughts, {'repo': 'MomentCaptureInc/ProgrammableThoughts', 'created_at': datetime.datetime(2022, 5, 31, 22, 34, 17, tzinfo=datetime.timezone.utc), 'target_date': datetime.datetime(2022, 9, 8, 15, 51, 54, tzinfo=datetime.timezone.utc), 'age_days': 99}
https://github.com/jonathancai11/react-landing-page, {'repo': 'jonathancai11/react-landing-page', 'created_at': datetime.datetime(2020, 10, 2, 23, 24, 2, tzinfo=datetime.timezone.utc), 'target_date': datetime.datetime(2020, 10, 8, 23, 23, 8, tzinfo=datetime.timezone.utc), 'age_days': 5}
https://github.com/samisnotinsane/hackernews-client, {'repo': 'samisnotinsane/hackernews-client', 'created_at': datetime.datetime(2019, 8, 13, 14, 49, 27, tzinfo=datetime.timezone.utc), 'target_date': datetime.datetime(2019, 8, 22, 9, 27, 24, tzinfo=datetime.timezone.utc), 'age_days': 8}
https://github.com/AviKKi/unnwhiteboard, {'repo': 'AviKKi/unnwhiteboard', 'created_at': datetime.datetime(2021, 10, 28, 2, 47, 27, tzinfo=datetime.timezone.utc), 'target_date': datetime.datetime(2022, 10, 30, 14, 36, 38, tzinfo=datetime.timezone.utc), 'age_days': 367}
https://github.com/hackertron/getignore, {'repo': 'hackertron/getignore', 'created_at': datetime.datetime(2019, 10, 27, 10, 24, 31, tzinfo=datetime.timezone.utc), 'target_date': datetime.datetime(2019, 10, 27, 11, 44, 24, tzinfo=datetime.timezone.utc), 'age_days': 0}
https://github.com/jorisschellekens/ptext-release, {'repo': 'jorisschellekens/ptext-release', 'created_at': datetime.datetime(2020, 11, 7, 14, 4, 37, tzinfo=datetime.timezone.utc), 'target_date': datetime.datetime(2022, 11, 6, 23, 8, 51, tzinfo=datetime.timezone.utc), 'age_days': 729}
https://github.com/justinwlin/Caffeinate-Server, {'repo': 'justinwlin/Caffeinate-Server', 'created_at': datetime.datetime(2020, 4, 10, 1, 29, 9, tzinfo=datetime.timezone.utc), 'target_date': datetime.datetime(2020, 4, 10, 19, 33, 51, tzinfo=datetime.timezone.utc), 'age_days': 0}
https://github.com/ayoubeddafali/docker-selenium-bootstrap, {'repo': 'ayoubeddafali/docker-selenium-bootstrap', 'created_at': datetime.datetime(2020, 9, 4, 18, 35, 50, tzinfo=datetime.timezone.utc), 'target_date': datetime.datetime(2021, 2, 27, 20, 21, 25, tzinfo=datetime.timezone.utc), 'age_days': 176}
https://github.com/QasimWani/UPS, {'repo': 'QasimWani/UPS', 'created_at': datetime.datetime(2020, 6, 21, 22, 9, 59, tzinfo=datetime.timezone.utc), 'target_date': datetime.datetime(2020, 6, 23, 12, 43, 4, tzinfo=datetime.timezone.utc), 'age_days': 1}
https://github.com/lbaldy/flipper-plugin-async-storage-advanced, {'repo': 'lbaldy/flipper-plugin-async-storage-advanced', 'created_at': datetime.datetime(2021, 8, 29, 6, 2, 44, tzinfo=datetime.timezone.utc), 'target_date': datetime.datetime(2021, 10, 11, 20, 23, 30, tzinfo=datetime.timezone.utc), 'age_days': 43}
https://github.com/faisalsayed10/carbon-slack, {'repo': 'faisalsayed10/carbon-slack', 'created_at': datetime.datetime(2021, 4, 10, 15, 43, 12, tzinfo=datetime.timezone.utc), 'target_date': datetime.datetime(2022, 9, 21, 12, 48, 18, tzinfo=datetime.timezone.utc), 'age_days': 528}
https://github.com/marcojrfurtado/bookweave, {'repo': 'marcojrfurtado/bookweave', 'created_at': datetime.datetime(2019, 10, 14, 0, 18, 29, tzinfo=datetime.timezone.utc), 'target_date': datetime.datetime(2020, 2, 29, 21, 41, 55, tzinfo=datetime.timezone.utc), 'age_days': 138}
https://github.com/formiga-tecnologia/Lavine, {'repo': 'formiga-tecnologia/Lavine', 'created_at': datetime.datetime(2020, 7, 19, 4, 9, 14, tzinfo=datetime.timezone.utc), 'target_date': datetime.datetime(2022, 8, 17, 2, 46, 38, tzinfo=datetime.timezone.utc), 'age_days': 758}
https://github.com/GDGVIT/Priority-Msg-Bot, {'repo': 'GDGVIT/Priority-Msg-Bot', 'created_at': datetime.datetime(2020, 1, 15, 18, 31, 49, tzinfo=datetime.timezone.utc), 'target_date': datetime.datetime(2020, 7, 18, 15, 31, 35, tzinfo=datetime.timezone.utc), 'age_days': 184}
https://github.com/evandwight/modernexcel, {'repo': 'evandwight/modernexcel', 'created_at': datetime.datetime(2022, 9, 3, 2, 24, 52, tzinfo=datetime.timezone.utc), 'target_date': datetime.datetime(2022, 9, 9, 4, 58, 22, tzinfo=datetime.timezone.utc), 'age_days': 6}
https://github.com/raghavyuva/LucaMail, {'repo': 'raghavyuva/LucaMail', 'created_at': datetime.datetime(2022, 2, 18, 15, 56, 54, tzinfo=datetime.timezone.utc), 'target_date': datetime.datetime(2022, 10, 21, 10, 33, 44, tzinfo=datetime.timezone.utc), 'age_days': 244}
https://github.com/techboy-coder/mmdl, {'repo': 'techboy-coder/mmdl', 'created_at': datetime.datetime(2021, 7, 31, 12, 29, 2, tzinfo=datetime.timezone.utc), 'target_date': datetime.datetime(2022, 7, 7, 8, 52, 51, tzinfo=datetime.timezone.utc), 'age_days': 340}
https://github.com/AmruthPillai/fireup-cli, {'repo': 'AmruthPillai/fireup-cli', 'created_at': datetime.datetime(2020, 4, 7, 13, 51, 33, tzinfo=datetime.timezone.utc), 'target_date': datetime.datetime(2020, 7, 20, 4, 36, 53, tzinfo=datetime.timezone.utc), 'age_days': 103}
https://github.com/jdc-cunningham/3-positives, {'repo': 'jdc-cunningham/3-positives', 'created_at': datetime.datetime(2018, 2, 2, 6, 44, 27, tzinfo=datetime.timezone.utc), 'target_date': datetime.datetime(2021, 11, 15, 10, 8, 40, tzinfo=datetime.timezone.utc), 'age_days': 1382}
https://github.com/galalen/grest, {'repo': 'galalen/grest', 'created_at': datetime.datetime(2017, 11, 28, 10, 7, 40, tzinfo=datetime.timezone.utc), 'target_date': datetime.datetime(2018, 6, 22, 7, 41, 55, tzinfo=datetime.timezone.utc), 'age_days': 205}
https://github.com/hectorgarcia07/FEM-To-Do, {'repo': 'hectorgarcia07/FEM-To-Do', 'created_at': datetime.datetime(2022, 2, 6, 3, 10, 28, tzinfo=datetime.timezone.utc), 'target_date': datetime.datetime(2022, 3, 29, 1, 58, 29, tzinfo=datetime.timezone.utc), 'age_days': 50}
https://github.com/carlelieser/Flixerr, {'repo': 'carlelieser/Flixerr', 'created_at': datetime.datetime(2019, 6, 15, 6, 3, 6, tzinfo=datetime.timezone.utc), 'target_date': datetime.datetime(2021, 12, 6, 3, 8, 2, tzinfo=datetime.timezone.utc), 'age_days': 904}
https://github.com/cbrand/ir-remote-frontend, {'repo': 'cbrand/ir-remote-frontend', 'created_at': datetime.datetime(2020, 12, 31, 17, 44, 47, tzinfo=datetime.timezone.utc), 'target_date': datetime.datetime(2021, 1, 4, 4, 40, 19, tzinfo=datetime.timezone.utc), 'age_days': 3}
https://github.com/boone-software/stripe-webhooks, {'repo': 'boone-software/stripe-webhooks', 'created_at': datetime.datetime(2021, 10, 9, 3, 32, 7, tzinfo=datetime.timezone.utc), 'target_date': datetime.datetime(2021, 10, 29, 0, 18, 44, tzinfo=datetime.timezone.utc), 'age_days': 19}
https://github.com/arye321/yt_sort, {'repo': 'arye321/yt_sort', 'created_at': datetime.datetime(2022, 8, 26, 18, 44, 4, tzinfo=datetime.timezone.utc), 'target_date': datetime.datetime(2022, 8, 29, 11, 41, 59, tzinfo=datetime.timezone.utc), 'age_days': 2}
https://github.com/xojoc/randomwebsitebot, {'repo': 'xojoc/randomwebsitebot', 'created_at': datetime.datetime(2022, 3, 6, 22, 7, 8, tzinfo=datetime.timezone.utc), 'target_date': datetime.datetime(2022, 10, 15, 8, 15, 28, tzinfo=datetime.timezone.utc), 'age_days': 222}
https://github.com/Phantas0s/devdash, {'repo': 'Phantas0s/devdash', 'created_at': datetime.datetime(2018, 8, 6, 18, 16, 55, tzinfo=datetime.timezone.utc), 'target_date': datetime.datetime(2022, 10, 31, 6, 6, 13, tzinfo=datetime.timezone.utc), 'age_days': 1546}
https://github.com/AnunaySharma2/contestsatvit, {'repo': 'AnunaySharma2/contestsatvit', 'created_at': datetime.datetime(2022, 7, 21, 8, 25, 41, tzinfo=datetime.timezone.utc), 'target_date': datetime.datetime(2022, 8, 4, 7, 37, 13, tzinfo=datetime.timezone.utc), 'age_days': 13}
https://github.com/amirgamil/lispy, {'repo': 'amirgamil/lispy', 'created_at': datetime.datetime(2021, 5, 3, 1, 28, 56, tzinfo=datetime.timezone.utc), 'target_date': datetime.datetime(2021, 6, 6, 1, 56, 6, tzinfo=datetime.timezone.utc), 'age_days': 34}
https://github.com/GorvGoyl/Shortcut-Menu-Bar-VSCode-Extension, {'repo': 'GorvGoyl/Shortcut-Menu-Bar-VSCode-Extension', 'created_at': datetime.datetime(2018, 5, 13, 6, 8, 6, tzinfo=datetime.timezone.utc), 'target_date': datetime.datetime(2022, 3, 26, 20, 52, 55, tzinfo=datetime.timezone.utc), 'age_days': 1413}
https://github.com/nck974/interactive-expenses-report, {'repo': 'nck974/interactive-expenses-report', 'created_at': datetime.datetime(2022, 4, 24, 13, 50, 39, tzinfo=datetime.timezone.utc), 'target_date': datetime.datetime(2022, 5, 1, 16, 47, 37, tzinfo=datetime.timezone.utc), 'age_days': 7}
https://github.com/studiosi/stumge, {'repo': 'studiosi/stumge', 'created_at': datetime.datetime(2020, 8, 3, 16, 27, 27, tzinfo=datetime.timezone.utc), 'target_date': datetime.datetime(2020, 12, 18, 17, 0, 57, tzinfo=datetime.timezone.utc), 'age_days': 137}
https://github.com/DandyDev/slack-machine, {'repo': 'DandyDev/slack-machine', 'created_at': datetime.datetime(2017, 9, 1, 10, 26, 33, tzinfo=datetime.timezone.utc), 'target_date': datetime.datetime(2022, 11, 27, 17, 7, 56, tzinfo=datetime.timezone.utc), 'age_days': 1913}
https://github.com/pcm-dpc/COVID-19, {'repo': 'pcm-dpc/COVID-19', 'created_at': datetime.datetime(2020, 3, 7, 12, 42, 2, tzinfo=datetime.timezone.utc), 'target_date': datetime.datetime(2022, 11, 25, 13, 0, 11, tzinfo=datetime.timezone.utc), 'age_days': 993}
https://github.com/Labs64/GuideChimp, {'repo': 'Labs64/GuideChimp', 'created_at': datetime.datetime(2012, 6, 9, 16, 24, 27, tzinfo=datetime.timezone.utc), 'target_date': datetime.datetime(2022, 11, 28, 18, 13, 1, tzinfo=datetime.timezone.utc), 'age_days': 3824}
https://github.com/CT83/The-Overly-Complicated-Random-Number-Generator, {'repo': 'CT83/The-Overly-Complicated-Random-Number-Generator', 'created_at': datetime.datetime(2020, 4, 9, 6, 9, 53, tzinfo=datetime.timezone.utc), 'target_date': datetime.datetime(2020, 10, 11, 11, 34, 2, tzinfo=datetime.timezone.utc), 'age_days': 185}
https://github.com/dasveloper/Hitcount.app, {'repo': 'dasveloper/Hitcount.app', 'created_at': datetime.datetime(2022, 8, 26, 22, 26, 10, tzinfo=datetime.timezone.utc), 'target_date': datetime.datetime(2022, 8, 26, 22, 58, 14, tzinfo=datetime.timezone.utc), 'age_days': 0}
https://github.com/Nuqlear/genkstaleague, {'repo': 'Nuqlear/genkstaleague', 'created_at': datetime.datetime(2015, 3, 2, 11, 2, 57, tzinfo=datetime.timezone.utc), 'target_date': datetime.datetime(2022, 7, 8, 18, 3, 32, tzinfo=datetime.timezone.utc), 'age_days': 2685}
https://github.com/gazzwi86/blokit, {'repo': 'gazzwi86/blokit', 'created_at': datetime.datetime(2017, 3, 5, 1, 50, 16, tzinfo=datetime.timezone.utc), 'target_date': datetime.datetime(2017, 3, 5, 3, 4, 11, tzinfo=datetime.timezone.utc), 'age_days': 0}
https://github.com/alexpovel/ancv, {'repo': 'alexpovel/ancv', 'created_at': datetime.datetime(2022, 5, 30, 18, 51, 23, tzinfo=datetime.timezone.utc), 'target_date': datetime.datetime(2022, 11, 10, 20, 6, 56, tzinfo=datetime.timezone.utc), 'age_days': 164}
https://github.com/aschmelyun/listpal, {'repo': 'aschmelyun/listpal', 'created_at': datetime.datetime(2019, 6, 22, 21, 36, 18, tzinfo=datetime.timezone.utc), 'target_date': datetime.datetime(2021, 10, 5, 3, 53, 52, tzinfo=datetime.timezone.utc), 'age_days': 835}
https://github.com/vssudarshan-projects/webnovel-downloader, {'repo': 'vssudarshan-projects/webnovel-downloader', 'created_at': datetime.datetime(2021, 3, 27, 15, 20, 29, tzinfo=datetime.timezone.utc), 'target_date': datetime.datetime(2021, 4, 21, 9, 34, 40, tzinfo=datetime.timezone.utc), 'age_days': 24}
https://github.com/anorman728/vimsyntax, {'repo': 'anorman728/vimsyntax', 'created_at': datetime.datetime(2016, 10, 8, 6, 48, 21, tzinfo=datetime.timezone.utc), 'target_date': datetime.datetime(2022, 3, 5, 4, 2, 9, tzinfo=datetime.timezone.utc), 'age_days': 1973}
https://github.com/iamOgunyinka/OrnamiteMobile, {'repo': 'iamOgunyinka/OrnamiteMobile', 'created_at': datetime.datetime(2018, 1, 3, 7, 28, 16, tzinfo=datetime.timezone.utc), 'target_date': datetime.datetime(2018, 2, 2, 15, 53, 48, tzinfo=datetime.timezone.utc), 'age_days': 30}
https://github.com/gradejs/gradejs, {'repo': 'gradejs/gradejs', 'created_at': datetime.datetime(2021, 9, 16, 11, 4, 34, tzinfo=datetime.timezone.utc), 'target_date': datetime.datetime(2022, 11, 8, 11, 24, 58, tzinfo=datetime.timezone.utc), 'age_days': 418}
https://github.com/DerYeger/d3-graph-controller, {'repo': 'DerYeger/d3-graph-controller', 'created_at': datetime.datetime(2021, 12, 22, 12, 0, 2, tzinfo=datetime.timezone.utc), 'target_date': datetime.datetime(2022, 11, 26, 6, 3, 51, tzinfo=datetime.timezone.utc), 'age_days': 338}
https://github.com/maithilish/scoopi, {'repo': 'maithilish/scoopi', 'created_at': datetime.datetime(2018, 7, 25, 8, 4, 30, tzinfo=datetime.timezone.utc), 'target_date': datetime.datetime(2022, 9, 27, 11, 28, 27, tzinfo=datetime.timezone.utc), 'age_days': 1525}
https://github.com/iArunava/Python-TheNoTheoryGuide, {'repo': 'iArunava/Python-TheNoTheoryGuide', 'created_at': datetime.datetime(2018, 1, 3, 4, 38, 4, tzinfo=datetime.timezone.utc), 'target_date': datetime.datetime(2019, 6, 19, 10, 0, 21, tzinfo=datetime.timezone.utc), 'age_days': 532}
https://github.com/ebwinters/CoronaTracker, {'repo': 'ebwinters/CoronaTracker', 'created_at': datetime.datetime(2020, 3, 17, 18, 16, tzinfo=datetime.timezone.utc), 'target_date': datetime.datetime(2020, 6, 12, 2, 22, 21, tzinfo=datetime.timezone.utc), 'age_days': 86}
https://github.com/NannyML/nannyml, {'repo': 'NannyML/nannyml', 'created_at': datetime.datetime(2022, 1, 26, 15, 27, 16, tzinfo=datetime.timezone.utc), 'target_date': datetime.datetime(2022, 11, 23, 17, 24, 34, tzinfo=datetime.timezone.utc), 'age_days': 301}
https://github.com/chilllab/react-nice-avatar, {'repo': 'chilllab/react-nice-avatar', 'created_at': datetime.datetime(2021, 5, 29, 15, 41, 45, tzinfo=datetime.timezone.utc), 'target_date': datetime.datetime(2022, 8, 6, 1, 45, 49, tzinfo=datetime.timezone.utc), 'age_days': 433}
https://github.com/rlindskog/covid19-graphql, {'repo': 'rlindskog/covid19-graphql', 'created_at': datetime.datetime(2020, 3, 16, 23, 33, 24, tzinfo=datetime.timezone.utc), 'target_date': datetime.datetime(2020, 10, 21, 23, 45, tzinfo=datetime.timezone.utc), 'age_days': 219}
https://github.com/salihozdemir/stackoverflow-clone, {'repo': 'salihozdemir/stackoverflow-clone', 'created_at': datetime.datetime(2020, 7, 16, 9, 12, 45, tzinfo=datetime.timezone.utc), 'target_date': datetime.datetime(2021, 12, 12, 10, 14, 27, tzinfo=datetime.timezone.utc), 'age_days': 514}
https://github.com/JanoPL/Routeslist, {'repo': 'JanoPL/Routeslist', 'created_at': datetime.datetime(2020, 5, 28, 19, 37, 10, tzinfo=datetime.timezone.utc), 'target_date': datetime.datetime(2022, 11, 11, 22, 21, 5, tzinfo=datetime.timezone.utc), 'age_days': 897}
https://github.com/arabold/react-native-whirlwind, {'repo': 'arabold/react-native-whirlwind', 'created_at': datetime.datetime(2021, 8, 9, 17, 39, 30, tzinfo=datetime.timezone.utc), 'target_date': datetime.datetime(2022, 6, 21, 13, 52, 31, tzinfo=datetime.timezone.utc), 'age_days': 315}
https://github.com/ananyalohani/teams, {'repo': 'ananyalohani/teams', 'created_at': datetime.datetime(2021, 7, 9, 5, 43, 36, tzinfo=datetime.timezone.utc), 'target_date': datetime.datetime(2021, 7, 18, 5, 5, 7, tzinfo=datetime.timezone.utc), 'age_days': 8}
https://github.com/AJAYK-01/Anti-Nitro-Spam-Helper, {'repo': 'AJAYK-01/Anti-Nitro-Spam-Helper', 'created_at': datetime.datetime(2021, 11, 6, 17, 12, 4, tzinfo=datetime.timezone.utc), 'target_date': datetime.datetime(2021, 11, 11, 20, 54, 5, tzinfo=datetime.timezone.utc), 'age_days': 5}
https://github.com/Silind/twitter-api-client, {'repo': 'Silind/twitter-api-client', 'created_at': datetime.datetime(2020, 7, 21, 13, 58, 56, tzinfo=datetime.timezone.utc), 'target_date': datetime.datetime(2022, 8, 20, 4, 13, 57, tzinfo=datetime.timezone.utc), 'age_days': 759}
https://github.com/GhostWrench/pqm, {'repo': 'GhostWrench/pqm', 'created_at': datetime.datetime(2020, 4, 19, 20, 28, 46, tzinfo=datetime.timezone.utc), 'target_date': datetime.datetime(2022, 9, 2, 14, 48, 6, tzinfo=datetime.timezone.utc), 'age_days': 865}
https://github.com/japiirainen/fp, {'repo': 'japiirainen/fp', 'created_at': datetime.datetime(2022, 10, 17, 7, 44, 21, tzinfo=datetime.timezone.utc), 'target_date': datetime.datetime(2022, 11, 20, 9, 11, 40, tzinfo=datetime.timezone.utc), 'age_days': 34}
https://github.com/cedricium/riddler, {'repo': 'cedricium/riddler', 'created_at': datetime.datetime(2018, 8, 17, 6, 52, 33, tzinfo=datetime.timezone.utc), 'target_date': datetime.datetime(2018, 8, 27, 6, 1, 3, tzinfo=datetime.timezone.utc), 'age_days': 9}
https://github.com/Kerooker/rpg-npc-generator, {'repo': 'Kerooker/rpg-npc-generator', 'created_at': datetime.datetime(2017, 3, 10, 19, 21, 15, tzinfo=datetime.timezone.utc), 'target_date': datetime.datetime(2022, 11, 23, 21, 8, 5, tzinfo=datetime.timezone.utc), 'age_days': 2084}
https://github.com/nuxxapp/nuxx, {'repo': 'nuxxapp/nuxx', 'created_at': datetime.datetime(2020, 6, 1, 14, 2, 4, tzinfo=datetime.timezone.utc), 'target_date': datetime.datetime(2022, 9, 8, 13, 9, 43, tzinfo=datetime.timezone.utc), 'age_days': 828}
https://github.com/domino14/liwords, {'repo': 'domino14/liwords', 'created_at': datetime.datetime(2020, 5, 7, 3, 8, 8, tzinfo=datetime.timezone.utc), 'target_date': datetime.datetime(2022, 11, 16, 15, 37, 50, tzinfo=datetime.timezone.utc), 'age_days': 923}
https://github.com/counterbeing/riddlesticks, {'repo': 'counterbeing/riddlesticks', 'created_at': datetime.datetime(2018, 11, 25, 0, 37, 19, tzinfo=datetime.timezone.utc), 'target_date': datetime.datetime(2019, 1, 20, 21, 45, 1, tzinfo=datetime.timezone.utc), 'age_days': 56}
https://github.com/jacobhjustice/PiFrame, {'repo': 'jacobhjustice/PiFrame', 'created_at': datetime.datetime(2019, 7, 18, 4, 54, 9, tzinfo=datetime.timezone.utc), 'target_date': datetime.datetime(2019, 10, 12, 4, 32, 40, tzinfo=datetime.timezone.utc), 'age_days': 85}
https://github.com/a-chris/medium-no-thanks, {'repo': 'a-chris/medium-no-thanks', 'created_at': datetime.datetime(2020, 8, 2, 9, 6, 20, tzinfo=datetime.timezone.utc), 'target_date': datetime.datetime(2021, 11, 21, 14, 32, 57, tzinfo=datetime.timezone.utc), 'age_days': 476}
https://github.com/gigobooks/gigobooks, {'repo': 'gigobooks/gigobooks', 'created_at': datetime.datetime(2020, 6, 29, 6, 54, 44, tzinfo=datetime.timezone.utc), 'target_date': datetime.datetime(2022, 2, 12, 12, 26, 36, tzinfo=datetime.timezone.utc), 'age_days': 593}
https://github.com/johnyrose/reddit-news, {'repo': 'johnyrose/reddit-news', 'created_at': datetime.datetime(2021, 3, 20, 20, 32, 55, tzinfo=datetime.timezone.utc), 'target_date': datetime.datetime(2022, 11, 19, 10, 24, 47, tzinfo=datetime.timezone.utc), 'age_days': 608}
https://github.com/chemiadel/mining-hardware-calculator, {'repo': 'chemiadel/mining-hardware-calculator', 'created_at': datetime.datetime(2021, 12, 16, 23, 35, 32, tzinfo=datetime.timezone.utc), 'target_date': datetime.datetime(2021, 12, 18, 19, 19, 32, tzinfo=datetime.timezone.utc), 'age_days': 1}
https://github.com/yodigi7/quiplash, {'repo': 'yodigi7/quiplash', 'created_at': datetime.datetime(2019, 2, 14, 1, 11, 22, tzinfo=datetime.timezone.utc), 'target_date': datetime.datetime(2020, 10, 2, 22, 48, 21, tzinfo=datetime.timezone.utc), 'age_days': 596}
https://github.com/clupasq/word-mastermind, {'repo': 'clupasq/word-mastermind', 'created_at': datetime.datetime(2022, 1, 21, 19, 54, 28, tzinfo=datetime.timezone.utc), 'target_date': datetime.datetime(2022, 2, 12, 10, 22, 49, tzinfo=datetime.timezone.utc), 'age_days': 21}
https://github.com/stfurkan/gez, {'repo': 'stfurkan/gez', 'created_at': datetime.datetime(2020, 4, 13, 5, 48, 10, tzinfo=datetime.timezone.utc), 'target_date': datetime.datetime(2022, 5, 21, 19, 53, 17, tzinfo=datetime.timezone.utc), 'age_days': 768}
https://github.com/boltex/leointeg#readme, {'repo': 'boltex/leointeg#readme', 'created_at': datetime.datetime(2019, 8, 14, 1, 14, 31, tzinfo=datetime.timezone.utc), 'target_date': datetime.datetime(2022, 11, 27, 23, 27, 7, tzinfo=datetime.timezone.utc), 'age_days': 1201}
https://github.com/cedricium/medium-bookmarklets, {'repo': 'cedricium/medium-bookmarklets', 'created_at': datetime.datetime(2017, 11, 21, 21, 49, 47, tzinfo=datetime.timezone.utc), 'target_date': datetime.datetime(2018, 12, 1, 4, 36, 16, tzinfo=datetime.timezone.utc), 'age_days': 374}
https://github.com/RocktimSaikia/github-card, {'repo': 'RocktimSaikia/github-card', 'created_at': datetime.datetime(2020, 4, 12, 13, 36, 35, tzinfo=datetime.timezone.utc), 'target_date': datetime.datetime(2021, 4, 26, 2, 52, 25, tzinfo=datetime.timezone.utc), 'age_days': 378}
https://github.com/halfmoonui/halfmoon, {'repo': 'halfmoonui/halfmoon', 'created_at': datetime.datetime(2020, 6, 30, 19, 26, 1, tzinfo=datetime.timezone.utc), 'target_date': datetime.datetime(2021, 2, 20, 20, 58, 46, tzinfo=datetime.timezone.utc), 'age_days': 235}
https://github.com/varungujarathi9/Hashnode-App, {'repo': 'varungujarathi9/Hashnode-App', 'created_at': datetime.datetime(2021, 8, 15, 10, 8, 46, tzinfo=datetime.timezone.utc), 'target_date': datetime.datetime(2021, 8, 15, 17, 51, 46, tzinfo=datetime.timezone.utc), 'age_days': 0}
https://github.com/aschmelyun/passhints, {'repo': 'aschmelyun/passhints', 'created_at': datetime.datetime(2019, 10, 9, 15, 3, 1, tzinfo=datetime.timezone.utc), 'target_date': datetime.datetime(2021, 8, 3, 7, 41, 18, tzinfo=datetime.timezone.utc), 'age_days': 663}
https://github.com/tesar-tech/zodoc, {'repo': 'tesar-tech/zodoc', 'created_at': datetime.datetime(2017, 12, 11, 14, 26, 1, tzinfo=datetime.timezone.utc), 'target_date': datetime.datetime(2020, 11, 23, 16, 31, 4, tzinfo=datetime.timezone.utc), 'age_days': 1078}
https://github.com/Adam-Jimenez/auddit, {'repo': 'Adam-Jimenez/auddit', 'created_at': datetime.datetime(2020, 1, 7, 0, 53, 9, tzinfo=datetime.timezone.utc), 'target_date': datetime.datetime(2020, 1, 25, 13, 52, 34, tzinfo=datetime.timezone.utc), 'age_days': 18}
https://github.com/rudderlabs/rudder-server, {'repo': 'rudderlabs/rudder-server', 'created_at': datetime.datetime(2019, 7, 19, 9, 24, 38, tzinfo=datetime.timezone.utc), 'target_date': datetime.datetime(2022, 11, 29, 14, 40, 35, tzinfo=datetime.timezone.utc), 'age_days': 1229}
https://github.com/AbhinavS96/Pinterest-image-download-chrome-extension, {'repo': 'AbhinavS96/Pinterest-image-download-chrome-extension', 'created_at': datetime.datetime(2021, 4, 11, 14, 33, 23, tzinfo=datetime.timezone.utc), 'target_date': datetime.datetime(2022, 10, 15, 13, 0, 5, tzinfo=datetime.timezone.utc), 'age_days': 551}
https://github.com/plainlab/plainmerge, {'repo': 'plainlab/plainmerge', 'created_at': datetime.datetime(2021, 8, 1, 3, 52, 15, tzinfo=datetime.timezone.utc), 'target_date': datetime.datetime(2022, 10, 13, 2, 8, 26, tzinfo=datetime.timezone.utc), 'age_days': 437}
https://github.com/Deniskviatkovskij/filmsync, {'repo': 'Deniskviatkovskij/filmsync', 'created_at': datetime.datetime(2021, 3, 24, 21, 23, 3, tzinfo=datetime.timezone.utc), 'target_date': datetime.datetime(2021, 6, 10, 17, 15, 37, tzinfo=datetime.timezone.utc), 'age_days': 77}
https://github.com/AnishDe12020/easycomments, {'repo': 'AnishDe12020/easycomments', 'created_at': datetime.datetime(2021, 8, 20, 6, 44, 37, tzinfo=datetime.timezone.utc), 'target_date': datetime.datetime(2022, 4, 3, 7, 57, 6, tzinfo=datetime.timezone.utc), 'age_days': 226}
https://github.com/moon004/YouDeez, {'repo': 'moon004/YouDeez', 'created_at': datetime.datetime(2018, 10, 20, 16, 42, 58, tzinfo=datetime.timezone.utc), 'target_date': datetime.datetime(2020, 7, 4, 6, 17, 53, tzinfo=datetime.timezone.utc), 'age_days': 622}
https://github.com/Light-Lens/Studybyte, {'repo': 'Light-Lens/Studybyte', 'created_at': datetime.datetime(2021, 3, 10, 8, 34, 47, tzinfo=datetime.timezone.utc), 'target_date': datetime.datetime(2022, 11, 27, 8, 8, 31, tzinfo=datetime.timezone.utc), 'age_days': 626}
https://github.com/brianstrauch/spotify-cli, {'repo': 'brianstrauch/spotify-cli', 'created_at': datetime.datetime(2021, 3, 28, 4, 30, 54, tzinfo=datetime.timezone.utc), 'target_date': datetime.datetime(2021, 12, 2, 4, 44, 25, tzinfo=datetime.timezone.utc), 'age_days': 249}
https://github.com/getify/You-Dont-Know-JS, {'repo': 'getify/You-Dont-Know-JS', 'created_at': datetime.datetime(2013, 11, 16, 2, 37, 24, tzinfo=datetime.timezone.utc), 'target_date': datetime.datetime(2022, 10, 23, 13, 9, 44, tzinfo=datetime.timezone.utc), 'age_days': 3263}
https://github.com/orangethakkali/webdav, {'repo': 'orangethakkali/webdav', 'created_at': datetime.datetime(2021, 1, 6, 13, 19, 11, tzinfo=datetime.timezone.utc), 'target_date': datetime.datetime(2021, 1, 7, 18, 15, 31, tzinfo=datetime.timezone.utc), 'age_days': 1}
https://github.com/pj/hacn, {'repo': 'pj/hacn', 'created_at': datetime.datetime(2020, 11, 20, 0, 6, 7, tzinfo=datetime.timezone.utc), 'target_date': datetime.datetime(2022, 9, 2, 17, 58, 41, tzinfo=datetime.timezone.utc), 'age_days': 651}
https://github.com/devhsoj/clips, {'repo': 'devhsoj/clips', 'created_at': datetime.datetime(2022, 4, 19, 4, 14, 7, tzinfo=datetime.timezone.utc), 'target_date': datetime.datetime(2022, 4, 30, 19, 25, 8, tzinfo=datetime.timezone.utc), 'age_days': 11}
https://github.com/Volmarg/personal-management-system, {'repo': 'Volmarg/personal-management-system', 'created_at': datetime.datetime(2019, 3, 26, 20, 8, 2, tzinfo=datetime.timezone.utc), 'target_date': datetime.datetime(2021, 11, 10, 16, 34, 32, tzinfo=datetime.timezone.utc), 'age_days': 959}
https://github.com/aidenybai/lucia, {'repo': 'aidenybai/lucia', 'created_at': datetime.datetime(2020, 8, 24, 3, 8, 51, tzinfo=datetime.timezone.utc), 'target_date': datetime.datetime(2022, 10, 24, 14, 11, 25, tzinfo=datetime.timezone.utc), 'age_days': 791}
https://github.com/davidedellagiustina/RC16, {'repo': 'davidedellagiustina/RC16', 'created_at': datetime.datetime(2019, 9, 1, 12, 18, 29, tzinfo=datetime.timezone.utc), 'target_date': datetime.datetime(2021, 5, 21, 14, 24, 13, tzinfo=datetime.timezone.utc), 'age_days': 628}
https://github.com/ashishb/outbound-link-checker, {'repo': 'ashishb/outbound-link-checker', 'created_at': datetime.datetime(2018, 9, 9, 5, 40, 9, tzinfo=datetime.timezone.utc), 'target_date': datetime.datetime(2021, 2, 15, 3, 6, 3, tzinfo=datetime.timezone.utc), 'age_days': 889}
https://github.com/guitld/Distortion-Bot-for-Telegram, {'repo': 'guitld/Distortion-Bot-for-Telegram', 'created_at': datetime.datetime(2020, 10, 19, 14, 47, 53, tzinfo=datetime.timezone.utc), 'target_date': datetime.datetime(2021, 10, 26, 15, 6, 23, tzinfo=datetime.timezone.utc), 'age_days': 372}
https://github.com/tahesse/policy-password, {'repo': 'tahesse/policy-password', 'created_at': datetime.datetime(2022, 1, 29, 10, 43, 11, tzinfo=datetime.timezone.utc), 'target_date': datetime.datetime(2022, 11, 14, 10, 50, 8, tzinfo=datetime.timezone.utc), 'age_days': 289}
https://github.com/sudonims/PvtKeyManager, {'repo': 'sudonims/PvtKeyManager', 'created_at': datetime.datetime(2021, 6, 25, 14, 54, 41, tzinfo=datetime.timezone.utc), 'target_date': datetime.datetime(2021, 9, 16, 17, 30, 3, tzinfo=datetime.timezone.utc), 'age_days': 83}
https://github.com/ahmed-debbech/mutak, {'repo': 'ahmed-debbech/mutak', 'created_at': datetime.datetime(2020, 1, 7, 16, 42, 10, tzinfo=datetime.timezone.utc), 'target_date': datetime.datetime(2020, 11, 7, 7, 26, tzinfo=datetime.timezone.utc), 'age_days': 304}
https://github.com/halftheopposite/TOSIOS, {'repo': 'halftheopposite/TOSIOS', 'created_at': datetime.datetime(2019, 9, 17, 12, 29, 56, tzinfo=datetime.timezone.utc), 'target_date': datetime.datetime(2022, 3, 25, 11, 31, 14, tzinfo=datetime.timezone.utc), 'age_days': 919}
https://github.com/puf17640/covidapi, {'repo': 'puf17640/covidapi', 'created_at': datetime.datetime(2020, 4, 4, 16, 39, 5, tzinfo=datetime.timezone.utc), 'target_date': datetime.datetime(2021, 6, 12, 17, 17, 5, tzinfo=datetime.timezone.utc), 'age_days': 434}
https://github.com/covexo/devspace, {'repo': 'covexo/devspace', 'created_at': datetime.datetime(2018, 8, 17, 18, 18, 43, tzinfo=datetime.timezone.utc), 'target_date': datetime.datetime(2022, 11, 28, 18, 7, 29, tzinfo=datetime.timezone.utc), 'age_days': 1563}
https://github.com/avengerandy/RewriteDagger, {'repo': 'avengerandy/RewriteDagger', 'created_at': datetime.datetime(2020, 10, 10, 12, 3, 1, tzinfo=datetime.timezone.utc), 'target_date': datetime.datetime(2020, 11, 8, 7, 25, 16, tzinfo=datetime.timezone.utc), 'age_days': 28}
https://github.com/cbrand/ir-remote-backend, {'repo': 'cbrand/ir-remote-backend', 'created_at': datetime.datetime(2020, 12, 31, 17, 43, 14, tzinfo=datetime.timezone.utc), 'target_date': datetime.datetime(2021, 1, 4, 4, 39, 57, tzinfo=datetime.timezone.utc), 'age_days': 3}
https://github.com/stepci/stepci, {'repo': 'stepci/stepci', 'created_at': datetime.datetime(2022, 9, 16, 14, 48, 21, tzinfo=datetime.timezone.utc), 'target_date': datetime.datetime(2022, 11, 29, 16, 23, 43, tzinfo=datetime.timezone.utc), 'age_days': 74}
https://github.com/RobTF9/parrot, {'repo': 'RobTF9/parrot', 'created_at': datetime.datetime(2021, 5, 3, 11, 19, 36, tzinfo=datetime.timezone.utc), 'target_date': datetime.datetime(2022, 4, 25, 15, 14, 17, tzinfo=datetime.timezone.utc), 'age_days': 357}
https://github.com/trishulaorg/tenet, {'repo': 'trishulaorg/tenet', 'created_at': datetime.datetime(2021, 4, 3, 1, 17, 19, tzinfo=datetime.timezone.utc), 'target_date': datetime.datetime(2022, 11, 29, 15, 43, 19, tzinfo=datetime.timezone.utc), 'age_days': 605}
https://github.com/tkreind/docker-gui-novnc, {'repo': 'tkreind/docker-gui-novnc', 'created_at': datetime.datetime(2021, 3, 30, 0, 47, 32, tzinfo=datetime.timezone.utc), 'target_date': datetime.datetime(2021, 3, 31, 3, 26, 42, tzinfo=datetime.timezone.utc), 'age_days': 1}
https://github.com/maximthomas/passwordless, {'repo': 'maximthomas/passwordless', 'created_at': datetime.datetime(2019, 5, 9, 5, 59, 58, tzinfo=datetime.timezone.utc), 'target_date': datetime.datetime(2022, 11, 9, 17, 58, 55, tzinfo=datetime.timezone.utc), 'age_days': 1280}
https://github.com/tacticaltofu/mangastack, {'repo': 'tacticaltofu/mangastack', 'created_at': datetime.datetime(2021, 2, 20, 15, 52, 41, tzinfo=datetime.timezone.utc), 'target_date': datetime.datetime(2022, 9, 12, 0, 57, 25, tzinfo=datetime.timezone.utc), 'age_days': 568}
https://github.com/MarioMatschgi/Converter, {'repo': 'MarioMatschgi/Converter', 'created_at': datetime.datetime(2021, 2, 20, 20, 48, 16, tzinfo=datetime.timezone.utc), 'target_date': datetime.datetime(2021, 3, 20, 15, 19, 45, tzinfo=datetime.timezone.utc), 'age_days': 27}
https://github.com/vadootvpeer/p2p-cdn-sdk-javascript, {'repo': 'vadootvpeer/p2p-cdn-sdk-javascript', 'created_at': datetime.datetime(2020, 7, 6, 17, 47, tzinfo=datetime.timezone.utc), 'target_date': datetime.datetime(2020, 11, 29, 19, 44, 26, tzinfo=datetime.timezone.utc), 'age_days': 146}
https://github.com/MeoMix/antfarm, {'repo': 'MeoMix/antfarm', 'created_at': datetime.datetime(2021, 12, 11, 22, 20, 53, tzinfo=datetime.timezone.utc), 'target_date': datetime.datetime(2022, 11, 23, 17, 2, 36, tzinfo=datetime.timezone.utc), 'age_days': 346}
https://github.com/StoneT2000/Dimensions, {'repo': 'StoneT2000/Dimensions', 'created_at': datetime.datetime(2020, 3, 29, 2, 57, 43, tzinfo=datetime.timezone.utc), 'target_date': datetime.datetime(2021, 8, 22, 21, 18, 3, tzinfo=datetime.timezone.utc), 'age_days': 511}
https://github.com/jonasvinther/medusa, {'repo': 'jonasvinther/medusa', 'created_at': datetime.datetime(2020, 11, 20, 12, 33, 55, tzinfo=datetime.timezone.utc), 'target_date': datetime.datetime(2022, 11, 8, 19, 50, 50, tzinfo=datetime.timezone.utc), 'age_days': 718}
https://github.com/singhkumarpratik/prashnottar-django, {'repo': 'singhkumarpratik/prashnottar-django', 'created_at': datetime.datetime(2020, 5, 23, 6, 41, 1, tzinfo=datetime.timezone.utc), 'target_date': datetime.datetime(2021, 5, 10, 3, 55, 23, tzinfo=datetime.timezone.utc), 'age_days': 351}
https://github.com/SHA65536/RubiksCube, {'repo': 'SHA65536/RubiksCube', 'created_at': datetime.datetime(2021, 8, 8, 16, 5, 44, tzinfo=datetime.timezone.utc), 'target_date': datetime.datetime(2020, 4, 21, 16, 54, 48, tzinfo=datetime.timezone.utc), 'age_days': -474}
https://github.com/pandeyarjun242/automatedyolo, {'repo': 'pandeyarjun242/automatedyolo', 'created_at': datetime.datetime(2021, 1, 19, 7, 37, 39, tzinfo=datetime.timezone.utc), 'target_date': datetime.datetime(2021, 1, 23, 14, 38, 32, tzinfo=datetime.timezone.utc), 'age_days': 4}
https://github.com/lalitpagaria/obsei, {'repo': 'lalitpagaria/obsei', 'created_at': datetime.datetime(2020, 10, 25, 21, 0, 48, tzinfo=datetime.timezone.utc), 'target_date': datetime.datetime(2022, 11, 18, 16, 33, 20, tzinfo=datetime.timezone.utc), 'age_days': 753}
https://github.com/victorantos/AngJobs, {'repo': 'victorantos/AngJobs', 'created_at': datetime.datetime(2014, 12, 5, 7, 7, 15, tzinfo=datetime.timezone.utc), 'target_date': datetime.datetime(2021, 5, 4, 8, 29, 9, tzinfo=datetime.timezone.utc), 'age_days': 2342}
https://github.com/DerYeger/apollo-frontend, {'repo': 'DerYeger/apollo-frontend', 'created_at': datetime.datetime(2020, 12, 9, 7, 35, 20, tzinfo=datetime.timezone.utc), 'target_date': datetime.datetime(2022, 11, 26, 5, 5, 4, tzinfo=datetime.timezone.utc), 'age_days': 716}
https://github.com/jonroig/nozama, {'repo': 'jonroig/nozama', 'created_at': datetime.datetime(2022, 2, 27, 20, 59, 1, tzinfo=datetime.timezone.utc), 'target_date': datetime.datetime(2022, 6, 9, 2, 6, 42, tzinfo=datetime.timezone.utc), 'age_days': 101}
https://github.com/jareer12/DiscordBotPanel, {'repo': 'jareer12/DiscordBotPanel', 'created_at': datetime.datetime(2022, 1, 15, 13, 11, 45, tzinfo=datetime.timezone.utc), 'target_date': datetime.datetime(2022, 11, 1, 11, 48, tzinfo=datetime.timezone.utc), 'age_days': 289}
https://github.com/dimakiss/Udemy_bot, {'repo': 'dimakiss/Udemy_bot', 'created_at': datetime.datetime(2020, 11, 3, 21, 17, 30, tzinfo=datetime.timezone.utc), 'target_date': datetime.datetime(2021, 2, 10, 17, 15, 8, tzinfo=datetime.timezone.utc), 'age_days': 98}
https://github.com/drakewill-CRL/Hypothesis, {'repo': 'drakewill-CRL/Hypothesis', 'created_at': datetime.datetime(2020, 7, 28, 16, 35, 17, tzinfo=datetime.timezone.utc), 'target_date': datetime.datetime(2022, 6, 21, 22, 51, 59, tzinfo=datetime.timezone.utc), 'age_days': 693}
https://github.com/Fytex/Instagram-Giveaways-Winner, {'repo': 'Fytex/Instagram-Giveaways-Winner', 'created_at': datetime.datetime(2020, 9, 12, 16, 42, 28, tzinfo=datetime.timezone.utc), 'target_date': datetime.datetime(2021, 3, 18, 15, 34, 45, tzinfo=datetime.timezone.utc), 'age_days': 186}
https://github.com/mayur091193/q-google-map, {'repo': 'mayur091193/q-google-map', 'created_at': datetime.datetime(2020, 8, 23, 5, 52, 53, tzinfo=datetime.timezone.utc), 'target_date': datetime.datetime(2022, 9, 22, 5, 58, 41, tzinfo=datetime.timezone.utc), 'age_days': 760}
https://github.com/awaescher/RepoZ, {'repo': 'awaescher/RepoZ', 'created_at': datetime.datetime(2017, 4, 3, 18, 30, 18, tzinfo=datetime.timezone.utc), 'target_date': datetime.datetime(2022, 9, 1, 7, 16, 37, tzinfo=datetime.timezone.utc), 'age_days': 1976}
https://github.com/Pathokun/pathokun, {'repo': 'Pathokun/pathokun', 'created_at': datetime.datetime(2021, 6, 29, 23, 7, 8, tzinfo=datetime.timezone.utc), 'target_date': datetime.datetime(2021, 8, 29, 21, 13, 58, tzinfo=datetime.timezone.utc), 'age_days': 60}
https://github.com/ManojNallusamy/clock-tab, {'repo': 'ManojNallusamy/clock-tab', 'created_at': datetime.datetime(2021, 6, 1, 19, 5, 36, tzinfo=datetime.timezone.utc), 'target_date': datetime.datetime(2021, 6, 5, 16, 7, 40, tzinfo=datetime.timezone.utc), 'age_days': 3}
https://github.com/YigitGunduc/voxel-engine, {'repo': 'YigitGunduc/voxel-engine', 'created_at': datetime.datetime(2021, 11, 16, 9, 42, 43, tzinfo=datetime.timezone.utc), 'target_date': datetime.datetime(2021, 12, 9, 16, 18, 2, tzinfo=datetime.timezone.utc), 'age_days': 23}
https://github.com/jankrepl/deepdow, {'repo': 'jankrepl/deepdow', 'created_at': datetime.datetime(2020, 2, 2, 8, 46, 33, tzinfo=datetime.timezone.utc), 'target_date': datetime.datetime(2022, 8, 2, 15, 5, 25, tzinfo=datetime.timezone.utc), 'age_days': 912}
https://github.com/zackumar/newspaper_snippets, {'repo': 'zackumar/newspaper_snippets', 'created_at': datetime.datetime(2021, 2, 7, 3, 18, 18, tzinfo=datetime.timezone.utc), 'target_date': datetime.datetime(2021, 5, 21, 17, 20, 21, tzinfo=datetime.timezone.utc), 'age_days': 103}
https://github.com/jo1gi/openurl, {'repo': 'jo1gi/openurl', 'created_at': datetime.datetime(2021, 3, 6, 10, 34, 53, tzinfo=datetime.timezone.utc), 'target_date': datetime.datetime(2021, 7, 11, 19, 16, 36, tzinfo=datetime.timezone.utc), 'age_days': 127}
https://github.com/anantn/thinmusic, {'repo': 'anantn/thinmusic', 'created_at': datetime.datetime(2019, 1, 5, 15, 47, 28, tzinfo=datetime.timezone.utc), 'target_date': datetime.datetime(2021, 4, 13, 4, 17, 4, tzinfo=datetime.timezone.utc), 'age_days': 828}
https://github.com/kylelobo/Reddit-Bot, {'repo': 'kylelobo/Reddit-Bot', 'created_at': datetime.datetime(2018, 11, 4, 23, 17, 19, tzinfo=datetime.timezone.utc), 'target_date': datetime.datetime(2019, 6, 7, 20, 19, 45, tzinfo=datetime.timezone.utc), 'age_days': 214}
https://github.com/akashrchandran/syrics, {'repo': 'akashrchandran/syrics', 'created_at': datetime.datetime(2022, 5, 3, 19, 0, 27, tzinfo=datetime.timezone.utc), 'target_date': datetime.datetime(2022, 11, 19, 4, 57, 42, tzinfo=datetime.timezone.utc), 'age_days': 199}
https://github.com/radekxrandom/obiadekchat, {'repo': 'radekxrandom/obiadekchat', 'created_at': datetime.datetime(2020, 11, 21, 17, 7, 44, tzinfo=datetime.timezone.utc), 'target_date': datetime.datetime(2022, 3, 3, 0, 11, 19, tzinfo=datetime.timezone.utc), 'age_days': 466}
https://github.com/ankitmaloo/gmail-sidebar-drive, {'repo': 'ankitmaloo/gmail-sidebar-drive', 'created_at': datetime.datetime(2021, 2, 23, 19, 2, 49, tzinfo=datetime.timezone.utc), 'target_date': datetime.datetime(2021, 6, 28, 10, 46, 47, tzinfo=datetime.timezone.utc), 'age_days': 124}
https://github.com/SoloKeysSec/solo, {'repo': 'SoloKeysSec/solo', 'created_at': datetime.datetime(2018, 9, 13, 22, 42, 8, tzinfo=datetime.timezone.utc), 'target_date': datetime.datetime(2022, 3, 9, 22, 8, 12, tzinfo=datetime.timezone.utc), 'age_days': 1272}
https://github.com/joeycato/boundlessvideoplayer, {'repo': 'joeycato/boundlessvideoplayer', 'created_at': datetime.datetime(2020, 3, 30, 3, 0, 51, tzinfo=datetime.timezone.utc), 'target_date': datetime.datetime(2020, 4, 26, 1, 0, 50, tzinfo=datetime.timezone.utc), 'age_days': 26}
https://github.com/souvikinator/synko, {'repo': 'souvikinator/synko', 'created_at': datetime.datetime(2021, 10, 11, 14, 40, 17, tzinfo=datetime.timezone.utc), 'target_date': datetime.datetime(2021, 10, 23, 11, 20, 3, tzinfo=datetime.timezone.utc), 'age_days': 11}
https://github.com/yukselberkay/pmanager, {'repo': 'yukselberkay/pmanager', 'created_at': datetime.datetime(2022, 6, 2, 23, 32, 53, tzinfo=datetime.timezone.utc), 'target_date': datetime.datetime(2022, 11, 9, 22, 50, 8, tzinfo=datetime.timezone.utc), 'age_days': 159}
https://github.com/omar-haris/smart-coding-mcp, {'repo': 'omar-haris/smart-coding-mcp', 'created_at': datetime.datetime(2025, 12, 27, 4, 11, 53, tzinfo=datetime.timezone.utc), 'target_date': datetime.datetime(2026, 1, 6, 15, 21, 40, tzinfo=datetime.timezone.utc), 'age_days': 10}
https://github.com/jessekorzan/themockitship, {'repo': 'jessekorzan/themockitship', 'created_at': datetime.datetime(2025, 10, 21, 15, 31, 59, tzinfo=datetime.timezone.utc), 'target_date': datetime.datetime(2025, 10, 26, 15, 12, 20, tzinfo=datetime.timezone.utc), 'age_days': 4}
https://github.com/jessekorzan/confetti-button, {'repo': 'jessekorzan/confetti-button', 'created_at': datetime.datetime(2018, 2, 20, 19, 16, 58, tzinfo=datetime.timezone.utc), 'target_date': datetime.datetime(2018, 2, 21, 1, 43, 19, tzinfo=datetime.timezone.utc), 'age_days': 0}
https://github.com/jessekorzan/css-masonry, {'repo': 'jessekorzan/css-masonry', 'created_at': datetime.datetime(2018, 9, 4, 18, 4, 24, tzinfo=datetime.timezone.utc), 'target_date': datetime.datetime(2018, 12, 4, 19, 1, 21, tzinfo=datetime.timezone.utc), 'age_days': 91}
https://github.com/jessekorzan/ek, {'repo': 'jessekorzan/ek', 'created_at': datetime.datetime(2017, 9, 2, 17, 43, 37, tzinfo=datetime.timezone.utc), 'target_date': datetime.datetime(2017, 9, 2, 18, 23, 55, tzinfo=datetime.timezone.utc), 'age_days': 0}
https://github.com/jessekorzan/eux-custom-bootstrap, {'repo': 'jessekorzan/eux-custom-bootstrap', 'created_at': datetime.datetime(2015, 3, 15, 18, 57, 47, tzinfo=datetime.timezone.utc), 'target_date': datetime.datetime(2015, 3, 15, 19, 24, 20, tzinfo=datetime.timezone.utc), 'age_days': 0}
https://github.com/jessekorzan/expodal, {'repo': 'jessekorzan/expodal', 'created_at': datetime.datetime(2017, 4, 24, 18, 14, 6, tzinfo=datetime.timezone.utc), 'target_date': datetime.datetime(2017, 9, 27, 20, 1, 39, tzinfo=datetime.timezone.utc), 'age_days': 156}
https://github.com/jessekorzan/layout-switcher-react, {'repo': 'jessekorzan/layout-switcher-react', 'created_at': datetime.datetime(2017, 11, 3, 17, 4, 42, tzinfo=datetime.timezone.utc), 'target_date': datetime.datetime(2018, 3, 6, 6, 9, 48, tzinfo=datetime.timezone.utc), 'age_days': 122}
https://github.com/jessekorzan/masonry-css-js, {'repo': 'jessekorzan/masonry-css-js', 'created_at': datetime.datetime(2018, 4, 7, 5, 54, 31, tzinfo=datetime.timezone.utc), 'target_date': datetime.datetime(2019, 2, 4, 18, 55, 17, tzinfo=datetime.timezone.utc), 'age_days': 303}
https://github.com/jessekorzan/mocker-me, {'repo': 'jessekorzan/mocker-me', 'created_at': datetime.datetime(2020, 8, 18, 18, 1, 14, tzinfo=datetime.timezone.utc), 'target_date': datetime.datetime(2021, 7, 20, 15, 38, 49, tzinfo=datetime.timezone.utc), 'age_days': 335}
https://github.com/jessekorzan/qUizList, {'repo': 'jessekorzan/qUizList', 'created_at': datetime.datetime(2016, 11, 24, 0, 46, 37, tzinfo=datetime.timezone.utc), 'target_date': datetime.datetime(2016, 11, 25, 20, 18, 53, tzinfo=datetime.timezone.utc), 'age_days': 1}
https://github.com/jessekorzan/react-chrome-extension, {'repo': 'jessekorzan/react-chrome-extension', 'created_at': datetime.datetime(2020, 3, 4, 4, 12, 46, tzinfo=datetime.timezone.utc), 'target_date': datetime.datetime(2020, 3, 6, 6, 52, 24, tzinfo=datetime.timezone.utc), 'age_days': 2}
https://github.com/jessekorzan/react-chrome-extension-manifest-v3, {'repo': 'jessekorzan/react-chrome-extension-manifest-v3', 'created_at': datetime.datetime(2022, 11, 9, 18, 45, 54, tzinfo=datetime.timezone.utc), 'target_date': datetime.datetime(2022, 11, 18, 22, 30, 42, tzinfo=datetime.timezone.utc), 'age_days': 9}
https://github.com/jessekorzan/real-time-dashboard, {'repo': 'jessekorzan/real-time-dashboard', 'created_at': datetime.datetime(2018, 7, 6, 21, 2, 34, tzinfo=datetime.timezone.utc), 'target_date': datetime.datetime(2018, 7, 12, 18, 50, 9, tzinfo=datetime.timezone.utc), 'age_days': 5}
https://github.com/jessekorzan/scatter-plot, {'repo': 'jessekorzan/scatter-plot', 'created_at': datetime.datetime(2016, 11, 26, 8, 31, 3, tzinfo=datetime.timezone.utc), 'target_date': datetime.datetime(2016, 11, 28, 16, 38, 11, tzinfo=datetime.timezone.utc), 'age_days': 2}
https://github.com/jessekorzan/serverless-learner, {'repo': 'jessekorzan/serverless-learner', 'created_at': datetime.datetime(2022, 7, 29, 20, 25, 20, tzinfo=datetime.timezone.utc), 'target_date': datetime.datetime(2022, 7, 29, 20, 25, 22, tzinfo=datetime.timezone.utc), 'age_days': 0}
https://github.com/jessekorzan/truncated-cells, {'repo': 'jessekorzan/truncated-cells', 'created_at': datetime.datetime(2018, 3, 1, 17, 28, 11, tzinfo=datetime.timezone.utc), 'target_date': datetime.datetime(2018, 3, 1, 18, 10, 9, tzinfo=datetime.timezone.utc), 'age_days': 0}
https://github.com/jessekorzan/visual-schedule, {'repo': 'jessekorzan/visual-schedule', 'created_at': datetime.datetime(2017, 1, 19, 20, 37, 10, tzinfo=datetime.timezone.utc), 'target_date': datetime.datetime(2017, 1, 23, 17, 22, 24, tzinfo=datetime.timezone.utc), 'age_days': 3}
https://github.com/jessekorzan/voice-visualizer, {'repo': 'jessekorzan/voice-visualizer', 'created_at': datetime.datetime(2018, 9, 25, 22, 47, 6, tzinfo=datetime.timezone.utc), 'target_date': datetime.datetime(2018, 9, 27, 2, 30, 15, tzinfo=datetime.timezone.utc), 'age_days': 1}
https://github.com/unaveragetech/Sysinfo?tab=readme-ov-file, {'repo': 'unaveragetech/Sysinfo?tab=readme-ov-file', 'created_at': datetime.datetime(2024, 11, 14, 19, 27, 33, tzinfo=datetime.timezone.utc), 'target_date': datetime.datetime(2026, 3, 6, 2, 7, 30, tzinfo=datetime.timezone.utc), 'age_days': 476}
https://github.com/Kamo-Chip/voice-coding, {'repo': 'Kamo-Chip/voice-coding', 'created_at': datetime.datetime(2025, 3, 27, 8, 4, 21, tzinfo=datetime.timezone.utc), 'target_date': datetime.datetime(2025, 3, 31, 12, 59, 42, tzinfo=datetime.timezone.utc), 'age_days': 4}
https://github.com/Kamo-Chip/bday, {'repo': 'Kamo-Chip/bday', 'created_at': datetime.datetime(2022, 7, 22, 20, 12, 7, tzinfo=datetime.timezone.utc), 'target_date': datetime.datetime(2022, 7, 22, 20, 24, 25, tzinfo=datetime.timezone.utc), 'age_days': 0}
https://github.com/Kamo-Chip/custom_enumerables, {'repo': 'Kamo-Chip/custom_enumerables', 'created_at': datetime.datetime(2021, 9, 19, 9, 2, 8, tzinfo=datetime.timezone.utc), 'target_date': datetime.datetime(2021, 10, 8, 17, 32, 24, tzinfo=datetime.timezone.utc), 'age_days': 19}
https://github.com/Kamo-Chip/CV-Creator, {'repo': 'Kamo-Chip/CV-Creator', 'created_at': datetime.datetime(2022, 5, 9, 18, 57, 56, tzinfo=datetime.timezone.utc), 'target_date': datetime.datetime(2022, 5, 21, 19, 26, 37, tzinfo=datetime.timezone.utc), 'age_days': 12}
https://github.com/Kamo-Chip/Dashboard, {'repo': 'Kamo-Chip/Dashboard', 'created_at': datetime.datetime(2022, 6, 24, 22, 7, 48, tzinfo=datetime.timezone.utc), 'target_date': datetime.datetime(2022, 6, 24, 22, 8, 19, tzinfo=datetime.timezone.utc), 'age_days': 0}
https://github.com/Kamo-Chip/DiamondsInTheRough, {'repo': 'Kamo-Chip/DiamondsInTheRough', 'created_at': datetime.datetime(2022, 6, 30, 10, 30, 31, tzinfo=datetime.timezone.utc), 'target_date': datetime.datetime(2022, 6, 30, 10, 29, 39, tzinfo=datetime.timezone.utc), 'age_days': -1}
https://github.com/Kamo-Chip/Etch-a-sketch, {'repo': 'Kamo-Chip/Etch-a-sketch', 'created_at': datetime.datetime(2021, 1, 31, 9, 56, 22, tzinfo=datetime.timezone.utc), 'target_date': datetime.datetime(2021, 8, 22, 16, 57, 27, tzinfo=datetime.timezone.utc), 'age_days': 203}
https://github.com/Kamo-Chip/FundMe, {'repo': 'Kamo-Chip/FundMe', 'created_at': datetime.datetime(2022, 7, 29, 19, 1, 31, tzinfo=datetime.timezone.utc), 'target_date': datetime.datetime(2022, 7, 29, 19, 3, 32, tzinfo=datetime.timezone.utc), 'age_days': 0}
https://github.com/Kamo-Chip/git-practice, {'repo': 'Kamo-Chip/git-practice', 'created_at': datetime.datetime(2022, 5, 7, 7, 59, 41, tzinfo=datetime.timezone.utc), 'target_date': datetime.datetime(2022, 5, 7, 8, 28, 44, tzinfo=datetime.timezone.utc), 'age_days': 0}
https://github.com/Kamo-Chip/Hangman, {'repo': 'Kamo-Chip/Hangman', 'created_at': datetime.datetime(2021, 1, 10, 10, 1, 10, tzinfo=datetime.timezone.utc), 'target_date': datetime.datetime(2021, 1, 10, 11, 7, 19, tzinfo=datetime.timezone.utc), 'age_days': 0}
https://github.com/Kamo-Chip/Jiffy, {'repo': 'Kamo-Chip/Jiffy', 'created_at': datetime.datetime(2022, 4, 24, 17, 29, 30, tzinfo=datetime.timezone.utc), 'target_date': datetime.datetime(2022, 4, 25, 12, 43, 41, tzinfo=datetime.timezone.utc), 'age_days': 0}
https://github.com/Kamo-Chip/Library, {'repo': 'Kamo-Chip/Library', 'created_at': datetime.datetime(2022, 1, 3, 11, 24, 8, tzinfo=datetime.timezone.utc), 'target_date': datetime.datetime(2022, 4, 20, 19, 56, 52, tzinfo=datetime.timezone.utc), 'age_days': 107}
https://github.com/Kamo-Chip/Library-Firebase, {'repo': 'Kamo-Chip/Library-Firebase', 'created_at': datetime.datetime(2022, 6, 10, 19, 1, 32, tzinfo=datetime.timezone.utc), 'target_date': datetime.datetime(2022, 6, 10, 19, 3, 32, tzinfo=datetime.timezone.utc), 'age_days': 0}
https://github.com/Kamo-Chip/LocalLibrary, {'repo': 'Kamo-Chip/LocalLibrary', 'created_at': datetime.datetime(2022, 7, 5, 17, 59, 35, tzinfo=datetime.timezone.utc), 'target_date': datetime.datetime(2022, 7, 5, 18, 40, 44, tzinfo=datetime.timezone.utc), 'age_days': 0}
https://github.com/Kamo-Chip/mastermind, {'repo': 'Kamo-Chip/mastermind', 'created_at': datetime.datetime(2021, 8, 26, 9, 53, 50, tzinfo=datetime.timezone.utc), 'target_date': datetime.datetime(2021, 8, 28, 10, 15, 49, tzinfo=datetime.timezone.utc), 'age_days': 2}
https://github.com/Kamo-Chip/nft-collection-backend, {'repo': 'Kamo-Chip/nft-collection-backend', 'created_at': datetime.datetime(2022, 8, 15, 20, 7, 41, tzinfo=datetime.timezone.utc), 'target_date': datetime.datetime(2022, 8, 15, 20, 8, 15, tzinfo=datetime.timezone.utc), 'age_days': 0}
https://github.com/Kamo-Chip/nft-collection-frontend, {'repo': 'Kamo-Chip/nft-collection-frontend', 'created_at': datetime.datetime(2022, 8, 15, 20, 6, 46, tzinfo=datetime.timezone.utc), 'target_date': datetime.datetime(2022, 8, 15, 20, 5, 38, tzinfo=datetime.timezone.utc), 'age_days': -1}
https://github.com/Kamo-Chip/node-basic-informational-site, {'repo': 'Kamo-Chip/node-basic-informational-site', 'created_at': datetime.datetime(2022, 7, 1, 18, 25, 32, tzinfo=datetime.timezone.utc), 'target_date': datetime.datetime(2022, 7, 1, 18, 28, 7, tzinfo=datetime.timezone.utc), 'age_days': 0}
https://github.com/Kamo-Chip/outside, {'repo': 'Kamo-Chip/outside', 'created_at': datetime.datetime(2022, 6, 1, 17, 36, 16, tzinfo=datetime.timezone.utc), 'target_date': datetime.datetime(2022, 6, 1, 17, 37, 14, tzinfo=datetime.timezone.utc), 'age_days': 0}
https://github.com/Kamo-Chip/Photos4You, {'repo': 'Kamo-Chip/Photos4You', 'created_at': datetime.datetime(2022, 6, 11, 9, 25, 53, tzinfo=datetime.timezone.utc), 'target_date': datetime.datetime(2022, 6, 11, 9, 25, 47, tzinfo=datetime.timezone.utc), 'age_days': -1}
https://github.com/Kamo-Chip/Portfolio, {'repo': 'Kamo-Chip/Portfolio', 'created_at': datetime.datetime(2022, 7, 8, 20, 5, 38, tzinfo=datetime.timezone.utc), 'target_date': datetime.datetime(2022, 10, 29, 7, 39, 43, tzinfo=datetime.timezone.utc), 'age_days': 112}
https://github.com/Kamo-Chip/product-list, {'repo': 'Kamo-Chip/product-list', 'created_at': datetime.datetime(2022, 8, 27, 10, 44, 21, tzinfo=datetime.timezone.utc), 'target_date': datetime.datetime(2022, 11, 19, 19, 11, 44, tzinfo=datetime.timezone.utc), 'age_days': 84}
https://github.com/Kamo-Chip/product-list-api, {'repo': 'Kamo-Chip/product-list-api', 'created_at': datetime.datetime(2022, 8, 29, 17, 31, 17, tzinfo=datetime.timezone.utc), 'target_date': datetime.datetime(2022, 8, 29, 18, 20, 20, tzinfo=datetime.timezone.utc), 'age_days': 0}
https://github.com/Kamo-Chip/productlist-task, {'repo': 'Kamo-Chip/productlist-task', 'created_at': datetime.datetime(2022, 8, 29, 20, 15, 1, tzinfo=datetime.timezone.utc), 'target_date': datetime.datetime(2022, 11, 18, 9, 29, 22, tzinfo=datetime.timezone.utc), 'age_days': 80}
https://github.com/Kamo-Chip/ProjektGreekGods, {'repo': 'Kamo-Chip/ProjektGreekGods', 'created_at': datetime.datetime(2022, 6, 19, 20, 18, 51, tzinfo=datetime.timezone.utc), 'target_date': datetime.datetime(2022, 6, 27, 16, 22, 9, tzinfo=datetime.timezone.utc), 'age_days': 7}
https://github.com/Kamo-Chip/react-user-persistence, {'repo': 'Kamo-Chip/react-user-persistence', 'created_at': datetime.datetime(2022, 7, 1, 8, 41, 30, tzinfo=datetime.timezone.utc), 'target_date': datetime.datetime(2022, 7, 1, 8, 46, 30, tzinfo=datetime.timezone.utc), 'age_days': 0}
https://github.com/Kamo-Chip/Restaurant-Page, {'repo': 'Kamo-Chip/Restaurant-Page', 'created_at': datetime.datetime(2022, 4, 6, 13, 37, 40, tzinfo=datetime.timezone.utc), 'target_date': datetime.datetime(2022, 4, 8, 21, 19, 58, tzinfo=datetime.timezone.utc), 'age_days': 2}
https://github.com/Kamo-Chip/smartcontract-lottery-back-end, {'repo': 'Kamo-Chip/smartcontract-lottery-back-end', 'created_at': datetime.datetime(2022, 8, 11, 20, 52, 19, tzinfo=datetime.timezone.utc), 'target_date': datetime.datetime(2022, 8, 11, 20, 53, 51, tzinfo=datetime.timezone.utc), 'age_days': 0}
https://github.com/Kamo-Chip/task-it, {'repo': 'Kamo-Chip/task-it', 'created_at': datetime.datetime(2022, 4, 9, 10, 23, 15, tzinfo=datetime.timezone.utc), 'target_date': datetime.datetime(2022, 4, 17, 15, 31, 30, tzinfo=datetime.timezone.utc), 'age_days': 8}
https://github.com/Kamo-Chip/Testing-Practice, {'repo': 'Kamo-Chip/Testing-Practice', 'created_at': datetime.datetime(2022, 5, 2, 19, 14, 39, tzinfo=datetime.timezone.utc), 'target_date': datetime.datetime(2022, 5, 6, 15, 21, 1, tzinfo=datetime.timezone.utc), 'age_days': 3}
https://github.com/Kamo-Chip/TicTacToe, {'repo': 'Kamo-Chip/TicTacToe', 'created_at': datetime.datetime(2022, 1, 3, 18, 21, 7, tzinfo=datetime.timezone.utc), 'target_date': datetime.datetime(2022, 3, 26, 16, 43, 48, tzinfo=datetime.timezone.utc), 'age_days': 81}
https://github.com/Kamo-Chip/tic_tac_toe, {'repo': 'Kamo-Chip/tic_tac_toe', 'created_at': datetime.datetime(2021, 8, 26, 8, 58, 3, tzinfo=datetime.timezone.utc), 'target_date': datetime.datetime(2021, 8, 26, 9, 22, 23, tzinfo=datetime.timezone.utc), 'age_days': 0}
https://github.com/Kamo-Chip/UI-rockpaperscissors, {'repo': 'Kamo-Chip/UI-rockpaperscissors', 'created_at': datetime.datetime(2021, 1, 29, 14, 55, 16, tzinfo=datetime.timezone.utc), 'target_date': datetime.datetime(2021, 1, 31, 9, 38, 45, tzinfo=datetime.timezone.utc), 'age_days': 1}
https://github.com/Kamo-Chip/Weather-App, {'repo': 'Kamo-Chip/Weather-App', 'created_at': datetime.datetime(2022, 4, 25, 14, 20, 43, tzinfo=datetime.timezone.utc), 'target_date': datetime.datetime(2022, 5, 1, 16, 30, 53, tzinfo=datetime.timezone.utc), 'age_days': 6}
https://github.com/Kamo-Chip/WebLaunchZA, {'repo': 'Kamo-Chip/WebLaunchZA', 'created_at': datetime.datetime(2022, 7, 13, 17, 48, 13, tzinfo=datetime.timezone.utc), 'target_date': datetime.datetime(2022, 11, 21, 11, 27, 3, tzinfo=datetime.timezone.utc), 'age_days': 130}
https://github.com/Kamo-Chip/XandO, {'repo': 'Kamo-Chip/XandO', 'created_at': datetime.datetime(2021, 1, 11, 10, 47, 23, tzinfo=datetime.timezone.utc), 'target_date': datetime.datetime(2021, 1, 14, 10, 13, tzinfo=datetime.timezone.utc), 'age_days': 2}
https://github.com/cyzhao/claude-code-tools, {'repo': 'cyzhao/claude-code-tools', 'created_at': datetime.datetime(2025, 8, 10, 2, 56, 50, tzinfo=datetime.timezone.utc), 'target_date': datetime.datetime(2025, 8, 24, 22, 15, 32, tzinfo=datetime.timezone.utc), 'age_days': 14}
https://github.com/cyzhao/jofm, {'repo': 'cyzhao/jofm', 'created_at': datetime.datetime(2014, 5, 25, 17, 46, 52, tzinfo=datetime.timezone.utc), 'target_date': datetime.datetime(2015, 3, 15, 2, 57, 47, tzinfo=datetime.timezone.utc), 'age_days': 293}
https://github.com/cyzhao/servicefixture, {'repo': 'cyzhao/servicefixture', 'created_at': datetime.datetime(2014, 5, 25, 17, 48, 2, tzinfo=datetime.timezone.utc), 'target_date': datetime.datetime(2015, 3, 14, 20, 11, 33, tzinfo=datetime.timezone.utc), 'age_days': 293}
https://github.com/CaliLuke/quality-workflow-meta, {'repo': 'CaliLuke/quality-workflow-meta', 'created_at': datetime.datetime(2025, 9, 11, 21, 9, 44, tzinfo=datetime.timezone.utc), 'target_date': datetime.datetime(2025, 9, 18, 16, 58, 5, tzinfo=datetime.timezone.utc), 'age_days': 6}
https://github.com/CaliLuke/CityBarsPlus, {'repo': 'CaliLuke/CityBarsPlus', 'created_at': datetime.datetime(2012, 4, 25, 3, 40, 18, tzinfo=datetime.timezone.utc), 'target_date': datetime.datetime(2012, 4, 29, 4, 2, 52, tzinfo=datetime.timezone.utc), 'age_days': 4}
https://github.com/CaliLuke/GeoCongress, {'repo': 'CaliLuke/GeoCongress', 'created_at': datetime.datetime(2012, 4, 8, 19, 19, 52, tzinfo=datetime.timezone.utc), 'target_date': datetime.datetime(2012, 4, 8, 19, 19, 26, tzinfo=datetime.timezone.utc), 'age_days': -1}
https://github.com/CaliLuke/HA-GreeClimatev2, {'repo': 'CaliLuke/HA-GreeClimatev2', 'created_at': datetime.datetime(2025, 3, 28, 21, 11, 20, tzinfo=datetime.timezone.utc), 'target_date': datetime.datetime(2022, 6, 15, 15, 20, 3, tzinfo=datetime.timezone.utc), 'age_days': -1018}
https://github.com/mk-knight23/vibe-cli, {'repo': 'mk-knight23/vibe-cli', 'created_at': datetime.datetime(2025, 11, 13, 13, 50, 50, tzinfo=datetime.timezone.utc), 'target_date': datetime.datetime(2026, 2, 28, 1, 33, 29, tzinfo=datetime.timezone.utc), 'age_days': 106}
https://github.com/ipdisdendat/NewsBiasSuperDetector, {'repo': 'ipdisdendat/NewsBiasSuperDetector', 'created_at': datetime.datetime(2025, 10, 9, 6, 2, 17, tzinfo=datetime.timezone.utc), 'target_date': datetime.datetime(2025, 10, 9, 6, 2, 20, tzinfo=datetime.timezone.utc), 'age_days': 0}
https://github.com/a-bonus/google-docs-mcp, {'repo': 'a-bonus/google-docs-mcp', 'created_at': datetime.datetime(2025, 4, 14, 13, 52, 24, tzinfo=datetime.timezone.utc), 'target_date': datetime.datetime(2026, 3, 9, 0, 23, 18, tzinfo=datetime.timezone.utc), 'age_days': 328}
https://github.com/Sayitobar/Synthboard, {'repo': 'Sayitobar/Synthboard', 'created_at': datetime.datetime(2025, 6, 15, 21, 22, 44, tzinfo=datetime.timezone.utc), 'target_date': datetime.datetime(2025, 6, 16, 21, 16, 36, tzinfo=datetime.timezone.utc), 'age_days': 0}
https://github.com/Sayitobar/Bezier-Curve-Generator, {'repo': 'Sayitobar/Bezier-Curve-Generator', 'created_at': datetime.datetime(2022, 9, 14, 19, 3, 3, tzinfo=datetime.timezone.utc), 'target_date': datetime.datetime(2022, 10, 10, 19, 6, 49, tzinfo=datetime.timezone.utc), 'age_days': 26}
https://github.com/Sayitobar/Genome-Detector, {'repo': 'Sayitobar/Genome-Detector', 'created_at': datetime.datetime(2022, 9, 5, 19, 35, 45, tzinfo=datetime.timezone.utc), 'target_date': datetime.datetime(2022, 11, 2, 22, 59, 29, tzinfo=datetime.timezone.utc), 'age_days': 58}
https://github.com/CodeWithCJ/SparkyFitness, {'repo': 'CodeWithCJ/SparkyFitness', 'created_at': datetime.datetime(2025, 6, 21, 14, 0, 39, tzinfo=datetime.timezone.utc), 'target_date': datetime.datetime(2026, 3, 11, 16, 9, 18, tzinfo=datetime.timezone.utc), 'age_days': 263}
https://github.com/Vexa-ai/vexa_example_client, {'repo': 'Vexa-ai/vexa_example_client', 'created_at': datetime.datetime(2025, 4, 29, 11, 7, 44, tzinfo=datetime.timezone.utc), 'target_date': datetime.datetime(2025, 10, 8, 13, 36, 8, tzinfo=datetime.timezone.utc), 'age_days': 162}
https://github.com/jbdamask/scratch, {'repo': 'jbdamask/scratch', 'created_at': datetime.datetime(2024, 8, 11, 12, 18, 42, tzinfo=datetime.timezone.utc), 'target_date': datetime.datetime(2026, 2, 23, 5, 8, 4, tzinfo=datetime.timezone.utc), 'age_days': 560}
https://github.com/jbdamask/Adafruit, {'repo': 'jbdamask/Adafruit', 'created_at': datetime.datetime(2016, 2, 17, 12, 8, 17, tzinfo=datetime.timezone.utc), 'target_date': datetime.datetime(2019, 1, 31, 13, 1, 14, tzinfo=datetime.timezone.utc), 'age_days': 1079}
https://github.com/jbdamask/Books, {'repo': 'jbdamask/Books', 'created_at': datetime.datetime(2018, 8, 14, 0, 3, 1, tzinfo=datetime.timezone.utc), 'target_date': datetime.datetime(2019, 1, 8, 12, 1, 28, tzinfo=datetime.timezone.utc), 'age_days': 147}
https://github.com/jbdamask/ButtonBleLights, {'repo': 'jbdamask/ButtonBleLights', 'created_at': datetime.datetime(2018, 7, 27, 23, 19, 1, tzinfo=datetime.timezone.utc), 'target_date': datetime.datetime(2018, 7, 28, 1, 0, 17, tzinfo=datetime.timezone.utc), 'age_days': 0}
https://github.com/jbdamask/ButtonBleLights-OnTouchConnect, {'repo': 'jbdamask/ButtonBleLights-OnTouchConnect', 'created_at': datetime.datetime(2018, 10, 28, 15, 15, 26, tzinfo=datetime.timezone.utc), 'target_date': datetime.datetime(2018, 10, 28, 18, 46, 28, tzinfo=datetime.timezone.utc), 'age_days': 0}
https://github.com/jbdamask/CallConnect, {'repo': 'jbdamask/CallConnect', 'created_at': datetime.datetime(2019, 1, 8, 19, 24, 42, tzinfo=datetime.timezone.utc), 'target_date': datetime.datetime(2019, 1, 14, 20, 44, 9, tzinfo=datetime.timezone.utc), 'age_days': 6}
https://github.com/jbdamask/CallConnect_ESP32, {'repo': 'jbdamask/CallConnect_ESP32', 'created_at': datetime.datetime(2019, 1, 31, 18, 56, 12, tzinfo=datetime.timezone.utc), 'target_date': datetime.datetime(2019, 4, 14, 22, 50, 59, tzinfo=datetime.timezone.utc), 'age_days': 73}
https://github.com/jbdamask/FeatherFastLed, {'repo': 'jbdamask/FeatherFastLed', 'created_at': datetime.datetime(2018, 11, 23, 22, 14, 54, tzinfo=datetime.timezone.utc), 'target_date': datetime.datetime(2018, 11, 23, 22, 14, 54, tzinfo=datetime.timezone.utc), 'age_days': 0}
https://github.com/jbdamask/HotPotato, {'repo': 'jbdamask/HotPotato', 'created_at': datetime.datetime(2018, 11, 25, 20, 45, 47, tzinfo=datetime.timezone.utc), 'target_date': datetime.datetime(2018, 11, 27, 11, 48, 16, tzinfo=datetime.timezone.utc), 'age_days': 1}
https://github.com/jbdamask/NeoPixelBus-WiFiManager-AWS, {'repo': 'jbdamask/NeoPixelBus-WiFiManager-AWS', 'created_at': datetime.datetime(2019, 2, 4, 16, 4, 58, tzinfo=datetime.timezone.utc), 'target_date': datetime.datetime(2019, 2, 4, 17, 33, 32, tzinfo=datetime.timezone.utc), 'age_days': 0}
https://github.com/jbdamask/PiHub, {'repo': 'jbdamask/PiHub', 'created_at': datetime.datetime(2017, 8, 4, 12, 3, 52, tzinfo=datetime.timezone.utc), 'target_date': datetime.datetime(2018, 8, 2, 17, 29, 31, tzinfo=datetime.timezone.utc), 'age_days': 363}
https://github.com/jbdamask/PiHubBasic, {'repo': 'jbdamask/PiHubBasic', 'created_at': datetime.datetime(2018, 4, 7, 23, 4, 34, tzinfo=datetime.timezone.utc), 'target_date': datetime.datetime(2018, 4, 8, 0, 46, 14, tzinfo=datetime.timezone.utc), 'age_days': 0}
https://github.com/jbdamask/PiHubBle, {'repo': 'jbdamask/PiHubBle', 'created_at': datetime.datetime(2018, 4, 2, 22, 39, 46, tzinfo=datetime.timezone.utc), 'target_date': datetime.datetime(2018, 8, 1, 15, 58, 15, tzinfo=datetime.timezone.utc), 'age_days': 120}
https://github.com/jbdamask/PiHubBleAwsIoT, {'repo': 'jbdamask/PiHubBleAwsIoT', 'created_at': datetime.datetime(2018, 8, 1, 15, 7, 10, tzinfo=datetime.timezone.utc), 'target_date': datetime.datetime(2018, 8, 3, 16, 38, 54, tzinfo=datetime.timezone.utc), 'age_days': 2}
https://github.com/jbdamask/PlushyController, {'repo': 'jbdamask/PlushyController', 'created_at': datetime.datetime(2018, 5, 25, 1, 54, 43, tzinfo=datetime.timezone.utc), 'target_date': datetime.datetime(2018, 5, 25, 1, 58, 1, tzinfo=datetime.timezone.utc), 'age_days': 0}
https://github.com/jbdamask/scripts, {'repo': 'jbdamask/scripts', 'created_at': datetime.datetime(2016, 7, 6, 20, 43, 31, tzinfo=datetime.timezone.utc), 'target_date': datetime.datetime(2016, 9, 2, 15, 17, 6, tzinfo=datetime.timezone.utc), 'age_days': 57}
https://github.com/jbdamask/Tips, {'repo': 'jbdamask/Tips', 'created_at': datetime.datetime(2016, 6, 3, 16, 14, 44, tzinfo=datetime.timezone.utc), 'target_date': datetime.datetime(2016, 9, 15, 20, 23, 37, tzinfo=datetime.timezone.utc), 'age_days': 104}
https://github.com/jbdamask/TouchBleLights, {'repo': 'jbdamask/TouchBleLights', 'created_at': datetime.datetime(2018, 4, 2, 17, 46, 28, tzinfo=datetime.timezone.utc), 'target_date': datetime.datetime(2018, 8, 2, 19, 55, 35, tzinfo=datetime.timezone.utc), 'age_days': 122}
https://github.com/dennisimoo/Infinite-Web, {'repo': 'dennisimoo/Infinite-Web', 'created_at': datetime.datetime(2025, 8, 1, 6, 8, 52, tzinfo=datetime.timezone.utc), 'target_date': datetime.datetime(2025, 8, 1, 21, 35, 54, tzinfo=datetime.timezone.utc), 'age_days': 0}
https://github.com/dennisimoo/stardew-multiplayer-docker, {'repo': 'dennisimoo/stardew-multiplayer-docker', 'created_at': datetime.datetime(2025, 9, 1, 22, 54, 46, tzinfo=datetime.timezone.utc), 'target_date': datetime.datetime(2022, 10, 14, 19, 7, 33, tzinfo=datetime.timezone.utc), 'age_days': -1054}
https://github.com/Intro0siddiqui/Browser-db, {'repo': 'Intro0siddiqui/Browser-db', 'created_at': datetime.datetime(2025, 11, 2, 10, 33, 1, tzinfo=datetime.timezone.utc), 'target_date': datetime.datetime(2025, 12, 14, 14, 49, 3, tzinfo=datetime.timezone.utc), 'age_days': 42}
https://github.com/fpytloun/gptsh, {'repo': 'fpytloun/gptsh', 'created_at': datetime.datetime(2025, 9, 29, 11, 38, 36, tzinfo=datetime.timezone.utc), 'target_date': datetime.datetime(2025, 11, 20, 15, 26, 42, tzinfo=datetime.timezone.utc), 'age_days': 52}
https://github.com/fpytloun/contrail-third-party-packages, {'repo': 'fpytloun/contrail-third-party-packages', 'created_at': datetime.datetime(2015, 7, 7, 11, 15, 1, tzinfo=datetime.timezone.utc), 'target_date': datetime.datetime(2015, 7, 7, 10, 57, 27, tzinfo=datetime.timezone.utc), 'age_days': -1}
https://github.com/fpytloun/debian-khal, {'repo': 'fpytloun/debian-khal', 'created_at': datetime.datetime(2016, 8, 12, 19, 32, 4, tzinfo=datetime.timezone.utc), 'target_date': datetime.datetime(2016, 8, 19, 19, 19, 2, tzinfo=datetime.timezone.utc), 'age_days': 6}
https://github.com/fpytloun/debian-packaging-workshop, {'repo': 'fpytloun/debian-packaging-workshop', 'created_at': datetime.datetime(2015, 7, 20, 21, 55, 52, tzinfo=datetime.timezone.utc), 'target_date': datetime.datetime(2015, 7, 20, 21, 55, 36, tzinfo=datetime.timezone.utc), 'age_days': -1}
https://github.com/fpytloun/debian-python-aptly, {'repo': 'fpytloun/debian-python-aptly', 'created_at': datetime.datetime(2016, 8, 4, 12, 47, 19, tzinfo=datetime.timezone.utc), 'target_date': datetime.datetime(2016, 8, 8, 12, 2, 57, tzinfo=datetime.timezone.utc), 'age_days': 3}
https://github.com/fpytloun/debian-python-click-log, {'repo': 'fpytloun/debian-python-click-log', 'created_at': datetime.datetime(2016, 8, 9, 9, 52, 5, tzinfo=datetime.timezone.utc), 'target_date': datetime.datetime(2016, 8, 9, 9, 57, 12, tzinfo=datetime.timezone.utc), 'age_days': 0}
https://github.com/fpytloun/debian-python-datrie, {'repo': 'fpytloun/debian-python-datrie', 'created_at': datetime.datetime(2016, 6, 27, 12, 36, 5, tzinfo=datetime.timezone.utc), 'target_date': datetime.datetime(2016, 6, 27, 13, 35, 53, tzinfo=datetime.timezone.utc), 'age_days': 0}
https://github.com/fpytloun/debian-vdirsyncer, {'repo': 'fpytloun/debian-vdirsyncer', 'created_at': datetime.datetime(2016, 8, 11, 12, 39, 51, tzinfo=datetime.timezone.utc), 'target_date': datetime.datetime(2016, 8, 17, 7, 54, 49, tzinfo=datetime.timezone.utc), 'age_days': 5}
https://github.com/fpytloun/django-debian, {'repo': 'fpytloun/django-debian', 'created_at': datetime.datetime(2015, 7, 7, 18, 54, 50, tzinfo=datetime.timezone.utc), 'target_date': datetime.datetime(2015, 7, 7, 18, 50, 35, tzinfo=datetime.timezone.utc), 'age_days': -1}
https://github.com/fpytloun/docker-build-salt, {'repo': 'fpytloun/docker-build-salt', 'created_at': datetime.datetime(2016, 5, 20, 10, 26, 14, tzinfo=datetime.timezone.utc), 'target_date': datetime.datetime(2016, 5, 23, 15, 11, 43, tzinfo=datetime.timezone.utc), 'age_days': 3}
https://github.com/fpytloun/docker-oauth2-proxy, {'repo': 'fpytloun/docker-oauth2-proxy', 'created_at': datetime.datetime(2018, 5, 7, 14, 6, 6, tzinfo=datetime.timezone.utc), 'target_date': datetime.datetime(2018, 5, 7, 14, 5, 40, tzinfo=datetime.timezone.utc), 'age_days': -1}
https://github.com/fpytloun/docker-posty-api, {'repo': 'fpytloun/docker-posty-api', 'created_at': datetime.datetime(2015, 8, 12, 20, 37, 40, tzinfo=datetime.timezone.utc), 'target_date': datetime.datetime(2015, 8, 12, 20, 45, 49, tzinfo=datetime.timezone.utc), 'age_days': 0}
https://github.com/fpytloun/docker-posty-webui, {'repo': 'fpytloun/docker-posty-webui', 'created_at': datetime.datetime(2015, 8, 12, 20, 38, 23, tzinfo=datetime.timezone.utc), 'target_date': datetime.datetime(2015, 8, 12, 20, 44, 49, tzinfo=datetime.timezone.utc), 'age_days': 0}
https://github.com/fpytloun/docker-pulp, {'repo': 'fpytloun/docker-pulp', 'created_at': datetime.datetime(2020, 1, 15, 15, 33, 53, tzinfo=datetime.timezone.utc), 'target_date': datetime.datetime(2022, 8, 29, 15, 37, 17, tzinfo=datetime.timezone.utc), 'age_days': 957}
https://github.com/fpytloun/docker-terraform, {'repo': 'fpytloun/docker-terraform', 'created_at': datetime.datetime(2018, 5, 11, 8, 50, 44, tzinfo=datetime.timezone.utc), 'target_date': datetime.datetime(2018, 6, 27, 11, 47, 10, tzinfo=datetime.timezone.utc), 'age_days': 47}
https://github.com/fpytloun/docker-yaml-merge, {'repo': 'fpytloun/docker-yaml-merge', 'created_at': datetime.datetime(2018, 4, 26, 8, 58, 17, tzinfo=datetime.timezone.utc), 'target_date': datetime.datetime(2019, 9, 2, 16, 33, 22, tzinfo=datetime.timezone.utc), 'age_days': 494}
https://github.com/fpytloun/dockertools, {'repo': 'fpytloun/dockertools', 'created_at': datetime.datetime(2018, 11, 27, 12, 47, 30, tzinfo=datetime.timezone.utc), 'target_date': datetime.datetime(2019, 8, 13, 13, 46, 15, tzinfo=datetime.timezone.utc), 'age_days': 259}
https://github.com/fpytloun/esp-firmware, {'repo': 'fpytloun/esp-firmware', 'created_at': datetime.datetime(2017, 3, 20, 20, 17, 26, tzinfo=datetime.timezone.utc), 'target_date': datetime.datetime(2017, 4, 8, 9, 11, 47, tzinfo=datetime.timezone.utc), 'age_days': 18}
https://github.com/fpytloun/freeipa-workshop, {'repo': 'fpytloun/freeipa-workshop', 'created_at': datetime.datetime(2016, 3, 1, 15, 0, 26, tzinfo=datetime.timezone.utc), 'target_date': datetime.datetime(2016, 4, 4, 18, 10, 10, tzinfo=datetime.timezone.utc), 'age_days': 34}
https://github.com/fpytloun/gotpl, {'repo': 'fpytloun/gotpl', 'created_at': datetime.datetime(2018, 3, 29, 8, 26, 56, tzinfo=datetime.timezone.utc), 'target_date': datetime.datetime(2018, 12, 17, 11, 35, 9, tzinfo=datetime.timezone.utc), 'age_days': 263}
https://github.com/fpytloun/k8s-fintrans-demo, {'repo': 'fpytloun/k8s-fintrans-demo', 'created_at': datetime.datetime(2017, 9, 20, 9, 17, 22, tzinfo=datetime.timezone.utc), 'target_date': datetime.datetime(2017, 9, 22, 13, 38, 57, tzinfo=datetime.timezone.utc), 'age_days': 2}
https://github.com/fpytloun/mezzanine-faq, {'repo': 'fpytloun/mezzanine-faq', 'created_at': datetime.datetime(2016, 1, 12, 23, 18, 32, tzinfo=datetime.timezone.utc), 'target_date': datetime.datetime(2016, 1, 14, 22, 35, 2, tzinfo=datetime.timezone.utc), 'age_days': 1}
https://github.com/fpytloun/python-fler, {'repo': 'fpytloun/python-fler', 'created_at': datetime.datetime(2017, 4, 15, 11, 20, 15, tzinfo=datetime.timezone.utc), 'target_date': datetime.datetime(2017, 4, 16, 7, 16, 8, tzinfo=datetime.timezone.utc), 'age_days': 0}
https://github.com/fpytloun/salt-formula-keystone, {'repo': 'fpytloun/salt-formula-keystone', 'created_at': datetime.datetime(2016, 5, 25, 9, 39, 58, tzinfo=datetime.timezone.utc), 'target_date': datetime.datetime(2016, 5, 20, 15, 2, 38, tzinfo=datetime.timezone.utc), 'age_days': -5}
https://github.com/fpytloun/salt-formula-letsencrypt, {'repo': 'fpytloun/salt-formula-letsencrypt', 'created_at': datetime.datetime(2017, 1, 28, 15, 2, 54, tzinfo=datetime.timezone.utc), 'target_date': datetime.datetime(2017, 1, 30, 14, 58, 57, tzinfo=datetime.timezone.utc), 'age_days': 1}
https://github.com/fpytloun/security-scanning, {'repo': 'fpytloun/security-scanning', 'created_at': datetime.datetime(2020, 8, 27, 14, 44, 46, tzinfo=datetime.timezone.utc), 'target_date': datetime.datetime(2020, 8, 27, 14, 49, 21, tzinfo=datetime.timezone.utc), 'age_days': 0}
https://github.com/fpytloun/test, {'repo': 'fpytloun/test', 'created_at': datetime.datetime(2016, 1, 5, 15, 23, 21, tzinfo=datetime.timezone.utc), 'target_date': datetime.datetime(2016, 1, 5, 15, 30, 19, tzinfo=datetime.timezone.utc), 'age_days': 0}
https://github.com/fpytloun/workshop-salt-model, {'repo': 'fpytloun/workshop-salt-model', 'created_at': datetime.datetime(2015, 10, 7, 13, 43, 16, tzinfo=datetime.timezone.utc), 'target_date': datetime.datetime(2015, 10, 7, 13, 46, 29, tzinfo=datetime.timezone.utc), 'age_days': 0}
https://github.com/bcdannyboy/robot-dreams, {'repo': 'bcdannyboy/robot-dreams', 'created_at': datetime.datetime(2025, 6, 24, 0, 5, 35, tzinfo=datetime.timezone.utc), 'target_date': datetime.datetime(2025, 6, 24, 3, 28, 20, tzinfo=datetime.timezone.utc), 'age_days': 0}
https://github.com/gioruggieri/PromptPress, {'repo': 'gioruggieri/PromptPress', 'created_at': datetime.datetime(2025, 12, 20, 15, 53, 58, tzinfo=datetime.timezone.utc), 'target_date': datetime.datetime(2026, 1, 28, 10, 51, 44, tzinfo=datetime.timezone.utc), 'age_days': 38}
https://github.com/gioruggieri/DEEP-LEARNING, {'repo': 'gioruggieri/DEEP-LEARNING', 'created_at': datetime.datetime(2022, 3, 18, 22, 14, 29, tzinfo=datetime.timezone.utc), 'target_date': datetime.datetime(2022, 3, 18, 22, 18, 12, tzinfo=datetime.timezone.utc), 'age_days': 0}
https://github.com/gioruggieri/Machine-Learning, {'repo': 'gioruggieri/Machine-Learning', 'created_at': datetime.datetime(2022, 3, 18, 22, 32, 41, tzinfo=datetime.timezone.utc), 'target_date': datetime.datetime(2022, 3, 18, 22, 38, 45, tzinfo=datetime.timezone.utc), 'age_days': 0}
https://github.com/gioruggieri/Trading, {'repo': 'gioruggieri/Trading', 'created_at': datetime.datetime(2022, 3, 18, 22, 19, 20, tzinfo=datetime.timezone.utc), 'target_date': datetime.datetime(2022, 3, 18, 22, 28, 8, tzinfo=datetime.timezone.utc), 'age_days': 0}
https://github.com/gioruggieri/Vectorbt_Examples, {'repo': 'gioruggieri/Vectorbt_Examples', 'created_at': datetime.datetime(2022, 3, 18, 18, 34, 2, tzinfo=datetime.timezone.utc), 'target_date': datetime.datetime(2022, 3, 21, 16, 17, 17, tzinfo=datetime.timezone.utc), 'age_days': 2}
https://github.com/skaldlabs/skald, {'repo': 'skaldlabs/skald', 'created_at': datetime.datetime(2025, 10, 9, 13, 15, 29, tzinfo=datetime.timezone.utc), 'target_date': datetime.datetime(2026, 2, 19, 19, 12, 45, tzinfo=datetime.timezone.utc), 'age_days': 133}
https://github.com/fabriziosalmi/trinity, {'repo': 'fabriziosalmi/trinity', 'created_at': datetime.datetime(2025, 11, 26, 14, 58, 22, tzinfo=datetime.timezone.utc), 'target_date': datetime.datetime(2026, 2, 20, 8, 13, 46, tzinfo=datetime.timezone.utc), 'age_days': 85}
https://github.com/fabriziosalmi/linux, {'repo': 'fabriziosalmi/linux', 'created_at': datetime.datetime(2017, 10, 23, 15, 42, 37, tzinfo=datetime.timezone.utc), 'target_date': datetime.datetime(2020, 9, 2, 9, 6, 10, tzinfo=datetime.timezone.utc), 'age_days': 1044}
https://github.com/fabriziosalmi/webtek, {'repo': 'fabriziosalmi/webtek', 'created_at': datetime.datetime(2017, 10, 7, 10, 43, 2, tzinfo=datetime.timezone.utc), 'target_date': datetime.datetime(2022, 7, 27, 13, 40, 49, tzinfo=datetime.timezone.utc), 'age_days': 1754}
https://github.com/AizenvoltPrime/claude-setup, {'repo': 'AizenvoltPrime/claude-setup', 'created_at': datetime.datetime(2025, 7, 27, 11, 29, 40, tzinfo=datetime.timezone.utc), 'target_date': datetime.datetime(2026, 1, 27, 13, 26, 5, tzinfo=datetime.timezone.utc), 'age_days': 184}
https://github.com/JoaquinRuiz/misco-agent, {'repo': 'JoaquinRuiz/misco-agent', 'created_at': datetime.datetime(2025, 9, 8, 8, 25, 30, tzinfo=datetime.timezone.utc), 'target_date': datetime.datetime(2025, 9, 8, 8, 26, 13, tzinfo=datetime.timezone.utc), 'age_days': 0}
https://github.com/sdi2200262/agentic-project-management, {'repo': 'sdi2200262/agentic-project-management', 'created_at': datetime.datetime(2025, 5, 12, 4, 54, 35, tzinfo=datetime.timezone.utc), 'target_date': datetime.datetime(2026, 1, 24, 14, 34, 21, tzinfo=datetime.timezone.utc), 'age_days': 257}
https://github.com/RatuL65/ShelfStory, {'repo': 'RatuL65/ShelfStory', 'created_at': datetime.datetime(2025, 11, 13, 17, 32, 13, tzinfo=datetime.timezone.utc), 'target_date': datetime.datetime(2025, 11, 26, 7, 10, 51, tzinfo=datetime.timezone.utc), 'age_days': 12}
https://github.com/onflow/rewtf-registry, {'repo': 'onflow/rewtf-registry', 'created_at': datetime.datetime(2025, 8, 11, 14, 19, 56, tzinfo=datetime.timezone.utc), 'target_date': datetime.datetime(2025, 10, 2, 1, 38, 10, tzinfo=datetime.timezone.utc), 'age_days': 51}
https://github.com/ljis120301/notes, {'repo': 'ljis120301/notes', 'created_at': datetime.datetime(2025, 6, 4, 0, 49, 50, tzinfo=datetime.timezone.utc), 'target_date': datetime.datetime(2025, 12, 12, 2, 39, 29, tzinfo=datetime.timezone.utc), 'age_days': 191}
https://github.com/getAsterisk/claudia, {'repo': 'getAsterisk/claudia', 'created_at': datetime.datetime(2025, 6, 19, 13, 53, 26, tzinfo=datetime.timezone.utc), 'target_date': datetime.datetime(2025, 10, 13, 20, 24, 22, tzinfo=datetime.timezone.utc), 'age_days': 116}
https://github.com/i-am-noamg/cursorbird, {'repo': 'i-am-noamg/cursorbird', 'created_at': datetime.datetime(2025, 11, 7, 15, 50, 21, tzinfo=datetime.timezone.utc), 'target_date': datetime.datetime(2025, 12, 2, 21, 51, 8, tzinfo=datetime.timezone.utc), 'age_days': 25}
https://github.com/NeptuneHub/AudioMuse-AI, {'repo': 'NeptuneHub/AudioMuse-AI', 'created_at': datetime.datetime(2025, 5, 24, 8, 12, 12, tzinfo=datetime.timezone.utc), 'target_date': datetime.datetime(2026, 3, 11, 14, 6, 35, tzinfo=datetime.timezone.utc), 'age_days': 291}
https://github.com/JakeNesler/Claude_Prophet, {'repo': 'JakeNesler/Claude_Prophet', 'created_at': datetime.datetime(2025, 12, 20, 23, 53, tzinfo=datetime.timezone.utc), 'target_date': datetime.datetime(2026, 2, 26, 23, 58, 56, tzinfo=datetime.timezone.utc), 'age_days': 68}
https://github.com/JakeNesler/RandomReact, {'repo': 'JakeNesler/RandomReact', 'created_at': datetime.datetime(2022, 5, 7, 2, 25, 16, tzinfo=datetime.timezone.utc), 'target_date': datetime.datetime(2022, 5, 18, 5, 5, 51, tzinfo=datetime.timezone.utc), 'age_days': 11}
https://github.com/JakeNesler/testpage, {'repo': 'JakeNesler/testpage', 'created_at': datetime.datetime(2022, 9, 22, 3, 30, 43, tzinfo=datetime.timezone.utc), 'target_date': datetime.datetime(2022, 11, 2, 23, 0, 47, tzinfo=datetime.timezone.utc), 'age_days': 41}
https://github.com/Mohitkadu16/StudKits, {'repo': 'Mohitkadu16/StudKits', 'created_at': datetime.datetime(2025, 8, 8, 13, 17, 28, tzinfo=datetime.timezone.utc), 'target_date': datetime.datetime(2026, 2, 3, 14, 23, 13, tzinfo=datetime.timezone.utc), 'age_days': 179}
https://github.com/bisonbet/BisonNotes-AI, {'repo': 'bisonbet/BisonNotes-AI', 'created_at': datetime.datetime(2025, 7, 26, 13, 14, 56, tzinfo=datetime.timezone.utc), 'target_date': datetime.datetime(2026, 3, 4, 13, 44, 49, tzinfo=datetime.timezone.utc), 'age_days': 221}
https://github.com/open-ug/conveyor, {'repo': 'open-ug/conveyor', 'created_at': datetime.datetime(2025, 4, 10, 11, 42, 43, tzinfo=datetime.timezone.utc), 'target_date': datetime.datetime(2026, 3, 9, 11, 9, 25, tzinfo=datetime.timezone.utc), 'age_days': 332}
https://github.com/ceciliomichael/echode, {'repo': 'ceciliomichael/echode', 'created_at': datetime.datetime(2025, 11, 15, 20, 48, 50, tzinfo=datetime.timezone.utc), 'target_date': datetime.datetime(2026, 3, 2, 17, 41, 25, tzinfo=datetime.timezone.utc), 'age_days': 106}
https://github.com/Priivacy-ai/spec-kitty, {'repo': 'Priivacy-ai/spec-kitty', 'created_at': datetime.datetime(2025, 10, 9, 12, 29, 47, tzinfo=datetime.timezone.utc), 'target_date': datetime.datetime(2026, 3, 10, 10, 20, 4, tzinfo=datetime.timezone.utc), 'age_days': 151}
https://github.com/subhan986/Space-Explorer, {'repo': 'subhan986/Space-Explorer', 'created_at': datetime.datetime(2025, 5, 20, 11, 40, 35, tzinfo=datetime.timezone.utc), 'target_date': datetime.datetime(2025, 6, 16, 7, 9, 39, tzinfo=datetime.timezone.utc), 'age_days': 26}
https://github.com/anshulyadav1976/VulnViper, {'repo': 'anshulyadav1976/VulnViper', 'created_at': datetime.datetime(2025, 5, 21, 13, 10, 22, tzinfo=datetime.timezone.utc), 'target_date': datetime.datetime(2025, 5, 21, 20, 37, 19, tzinfo=datetime.timezone.utc), 'age_days': 0}
https://github.com/forsonny/The-Crucible-Writing-System-For-Claude, {'repo': 'forsonny/The-Crucible-Writing-System-For-Claude', 'created_at': datetime.datetime(2025, 12, 7, 2, 54, 15, tzinfo=datetime.timezone.utc), 'target_date': datetime.datetime(2025, 12, 21, 8, 5, 44, tzinfo=datetime.timezone.utc), 'age_days': 14}
https://github.com/ashuraits/airtv, {'repo': 'ashuraits/airtv', 'created_at': datetime.datetime(2025, 10, 21, 23, 24, 40, tzinfo=datetime.timezone.utc), 'target_date': datetime.datetime(2026, 3, 11, 7, 55, 5, tzinfo=datetime.timezone.utc), 'age_days': 140}
https://github.com/hongxin/RealConsole, {'repo': 'hongxin/RealConsole', 'created_at': datetime.datetime(2025, 10, 17, 8, 52, 57, tzinfo=datetime.timezone.utc), 'target_date': datetime.datetime(2026, 1, 31, 8, 2, 16, tzinfo=datetime.timezone.utc), 'age_days': 105}
https://github.com/spessasus/SpessaSynth, {'repo': 'spessasus/SpessaSynth', 'created_at': datetime.datetime(2023, 5, 21, 19, 28, 41, tzinfo=datetime.timezone.utc), 'target_date': datetime.datetime(2026, 2, 26, 17, 16, 2, tzinfo=datetime.timezone.utc), 'age_days': 1011}
https://github.com/MatthewTheDev166/LaptopSeismo?utm_source=chatgpt.com, {'repo': 'MatthewTheDev166/LaptopSeismo?utm_source=chatgpt.com', 'created_at': datetime.datetime(2025, 10, 20, 19, 8, 28, tzinfo=datetime.timezone.utc), 'target_date': datetime.datetime(2025, 10, 21, 17, 24, 29, tzinfo=datetime.timezone.utc), 'age_days': 0}
https://github.com/GenuineDickies/fourstrokeanimation, {'repo': 'GenuineDickies/fourstrokeanimation', 'created_at': datetime.datetime(2025, 12, 11, 10, 1, 47, tzinfo=datetime.timezone.utc), 'target_date': datetime.datetime(2025, 12, 11, 13, 13, 48, tzinfo=datetime.timezone.utc), 'age_days': 0}
https://github.com/polaroi8d/cactoide, {'repo': 'polaroi8d/cactoide', 'created_at': datetime.datetime(2025, 8, 27, 6, 35, 14, tzinfo=datetime.timezone.utc), 'target_date': datetime.datetime(2025, 12, 8, 8, 41, 43, tzinfo=datetime.timezone.utc), 'age_days': 103}
https://github.com/polaroi8d/orbanlevi.hu, {'repo': 'polaroi8d/orbanlevi.hu', 'created_at': datetime.datetime(2024, 2, 21, 14, 51, 24, tzinfo=datetime.timezone.utc), 'target_date': datetime.datetime(2021, 5, 16, 18, 36, 54, tzinfo=datetime.timezone.utc), 'age_days': -1011}
https://github.com/polaroi8d/polaroi8d, {'repo': 'polaroi8d/polaroi8d', 'created_at': datetime.datetime(2021, 12, 1, 7, 43, 56, tzinfo=datetime.timezone.utc), 'target_date': datetime.datetime(2022, 8, 31, 8, 32, 24, tzinfo=datetime.timezone.utc), 'age_days': 273}
https://github.com/kooshi/image_fft_toy, {'repo': 'kooshi/image_fft_toy', 'created_at': datetime.datetime(2025, 5, 8, 18, 46, 20, tzinfo=datetime.timezone.utc), 'target_date': datetime.datetime(2025, 5, 8, 19, 8, 24, tzinfo=datetime.timezone.utc), 'age_days': 0}
https://github.com/kooshi/leetcode-rs, {'repo': 'kooshi/leetcode-rs', 'created_at': datetime.datetime(2021, 3, 23, 19, 14, 22, tzinfo=datetime.timezone.utc), 'target_date': datetime.datetime(2021, 3, 23, 19, 12, 1, tzinfo=datetime.timezone.utc), 'age_days': -1}
https://github.com/kooshi/maze-generator, {'repo': 'kooshi/maze-generator', 'created_at': datetime.datetime(2021, 3, 23, 19, 41, 48, tzinfo=datetime.timezone.utc), 'target_date': datetime.datetime(2021, 3, 23, 21, 25, 13, tzinfo=datetime.timezone.utc), 'age_days': 0}
https://github.com/UDPSendToFailed/HydroScreen, {'repo': 'UDPSendToFailed/HydroScreen', 'created_at': datetime.datetime(2025, 12, 10, 14, 28, 45, tzinfo=datetime.timezone.utc), 'target_date': datetime.datetime(2026, 3, 3, 15, 46, 9, tzinfo=datetime.timezone.utc), 'age_days': 83}
https://github.com/UDPSendToFailed/android_device_samsung_gta2xlwifi, {'repo': 'UDPSendToFailed/android_device_samsung_gta2xlwifi', 'created_at': datetime.datetime(2022, 4, 22, 13, 13, tzinfo=datetime.timezone.utc), 'target_date': datetime.datetime(2022, 11, 15, 19, 10, tzinfo=datetime.timezone.utc), 'age_days': 207}
https://github.com/UDPSendToFailed/Jobs, {'repo': 'UDPSendToFailed/Jobs', 'created_at': datetime.datetime(2021, 1, 30, 10, 0, 30, tzinfo=datetime.timezone.utc), 'target_date': datetime.datetime(2021, 4, 10, 15, 2, 27, tzinfo=datetime.timezone.utc), 'age_days': 70}
https://github.com/UDPSendToFailed/OTA, {'repo': 'UDPSendToFailed/OTA', 'created_at': datetime.datetime(2022, 5, 25, 21, 8, 10, tzinfo=datetime.timezone.utc), 'target_date': datetime.datetime(2022, 5, 25, 21, 10, 14, tzinfo=datetime.timezone.utc), 'age_days': 0}
https://github.com/UDPSendToFailed/proprietary_vendor_samsung, {'repo': 'UDPSendToFailed/proprietary_vendor_samsung', 'created_at': datetime.datetime(2022, 5, 18, 17, 47, 26, tzinfo=datetime.timezone.utc), 'target_date': datetime.datetime(2022, 10, 2, 14, 9, 16, tzinfo=datetime.timezone.utc), 'age_days': 136}
https://github.com/UDPSendToFailed/twrp_device_samsung_gta2xlwifi, {'repo': 'UDPSendToFailed/twrp_device_samsung_gta2xlwifi', 'created_at': datetime.datetime(2022, 1, 31, 17, 29, 2, tzinfo=datetime.timezone.utc), 'target_date': datetime.datetime(2022, 10, 16, 16, 7, 50, tzinfo=datetime.timezone.utc), 'age_days': 257}
https://github.com/Helo3301/budget-automation, {'repo': 'Helo3301/budget-automation', 'created_at': datetime.datetime(2025, 11, 30, 20, 54, 40, tzinfo=datetime.timezone.utc), 'target_date': datetime.datetime(2025, 12, 2, 8, 10, 34, tzinfo=datetime.timezone.utc), 'age_days': 1}
https://github.com/DubblePumper/NMBS-Train-data, {'repo': 'DubblePumper/NMBS-Train-data', 'created_at': datetime.datetime(2025, 4, 3, 20, 26, 29, tzinfo=datetime.timezone.utc), 'target_date': datetime.datetime(2025, 12, 8, 18, 32, 51, tzinfo=datetime.timezone.utc), 'age_days': 248}
https://github.com/vraxo/coalesce, {'repo': 'vraxo/coalesce', 'created_at': datetime.datetime(2025, 10, 28, 18, 15, 26, tzinfo=datetime.timezone.utc), 'target_date': datetime.datetime(2025, 10, 29, 12, 15, 27, tzinfo=datetime.timezone.utc), 'age_days': 0}
https://github.com/benbasha/claudeloop, {'repo': 'benbasha/claudeloop', 'created_at': datetime.datetime(2025, 7, 12, 20, 12, 20, tzinfo=datetime.timezone.utc), 'target_date': datetime.datetime(2025, 8, 21, 12, 56, 17, tzinfo=datetime.timezone.utc), 'age_days': 39}
https://github.com/Nexen4/hex_game_ai, {'repo': 'Nexen4/hex_game_ai', 'created_at': datetime.datetime(2025, 11, 1, 12, 26, 52, tzinfo=datetime.timezone.utc), 'target_date': datetime.datetime(2025, 11, 1, 12, 30, 28, tzinfo=datetime.timezone.utc), 'age_days': 0}
https://github.com/cndn/recipe-discovery-playbook, {'repo': 'cndn/recipe-discovery-playbook', 'created_at': datetime.datetime(2025, 4, 1, 5, 45, 2, tzinfo=datetime.timezone.utc), 'target_date': datetime.datetime(2025, 4, 30, 17, 44, 39, tzinfo=datetime.timezone.utc), 'age_days': 29}
https://github.com/richard1912/PasteParty#screenshot, {'repo': 'richard1912/PasteParty#screenshot', 'created_at': datetime.datetime(2025, 11, 5, 5, 7, 27, tzinfo=datetime.timezone.utc), 'target_date': datetime.datetime(2025, 12, 22, 2, 1, 51, tzinfo=datetime.timezone.utc), 'age_days': 46}
https://github.com/TharaneshA/answergit#readme, {'repo': 'TharaneshA/answergit#readme', 'created_at': datetime.datetime(2025, 3, 31, 18, 13, 25, tzinfo=datetime.timezone.utc), 'target_date': datetime.datetime(2025, 12, 11, 10, 45, 44, tzinfo=datetime.timezone.utc), 'age_days': 254}
https://github.com/TheIlkinAlizade/Christmas-Tree, {'repo': 'TheIlkinAlizade/Christmas-Tree', 'created_at': datetime.datetime(2025, 11, 30, 19, 37, 50, tzinfo=datetime.timezone.utc), 'target_date': datetime.datetime(2025, 12, 3, 22, 3, 30, tzinfo=datetime.timezone.utc), 'age_days': 3}
https://github.com/TheIlkinAlizade/PythonObjectOb, {'repo': 'TheIlkinAlizade/PythonObjectOb', 'created_at': datetime.datetime(2020, 12, 24, 6, 2, 1, tzinfo=datetime.timezone.utc), 'target_date': datetime.datetime(2020, 12, 24, 5, 59, 15, tzinfo=datetime.timezone.utc), 'age_days': -1}
https://github.com/VulcanWM/earn-grid, {'repo': 'VulcanWM/earn-grid', 'created_at': datetime.datetime(2025, 8, 26, 11, 26, 34, tzinfo=datetime.timezone.utc), 'target_date': datetime.datetime(2025, 10, 13, 11, 9, 52, tzinfo=datetime.timezone.utc), 'age_days': 47}
https://github.com/VulcanWM/analysesecuritytickers, {'repo': 'VulcanWM/analysesecuritytickers', 'created_at': datetime.datetime(2022, 1, 16, 9, 30, 32, tzinfo=datetime.timezone.utc), 'target_date': datetime.datetime(2022, 1, 23, 20, 49, 26, tzinfo=datetime.timezone.utc), 'age_days': 7}
https://github.com/VulcanWM/Besuche-Resort, {'repo': 'VulcanWM/Besuche-Resort', 'created_at': datetime.datetime(2021, 5, 17, 18, 27, 14, tzinfo=datetime.timezone.utc), 'target_date': datetime.datetime(2022, 5, 29, 15, 51, 51, tzinfo=datetime.timezone.utc), 'age_days': 376}
https://github.com/VulcanWM/distribute-time, {'repo': 'VulcanWM/distribute-time', 'created_at': datetime.datetime(2022, 9, 25, 18, 11, 16, tzinfo=datetime.timezone.utc), 'target_date': datetime.datetime(2022, 10, 8, 14, 37, 40, tzinfo=datetime.timezone.utc), 'age_days': 12}
https://github.com/VulcanWM/Drinks-Cabin, {'repo': 'VulcanWM/Drinks-Cabin', 'created_at': datetime.datetime(2021, 4, 24, 9, 35, 36, tzinfo=datetime.timezone.utc), 'target_date': datetime.datetime(2022, 5, 29, 15, 57, tzinfo=datetime.timezone.utc), 'age_days': 400}
https://github.com/VulcanWM/electronicmusic, {'repo': 'VulcanWM/electronicmusic', 'created_at': datetime.datetime(2022, 6, 1, 6, 57, 16, tzinfo=datetime.timezone.utc), 'target_date': datetime.datetime(2022, 6, 2, 10, 31, 30, tzinfo=datetime.timezone.utc), 'age_days': 1}
https://github.com/VulcanWM/feedback-form, {'repo': 'VulcanWM/feedback-form', 'created_at': datetime.datetime(2022, 3, 10, 18, 25, tzinfo=datetime.timezone.utc), 'target_date': datetime.datetime(2022, 5, 29, 15, 53, 54, tzinfo=datetime.timezone.utc), 'age_days': 79}
https://github.com/VulcanWM/FRANK, {'repo': 'VulcanWM/FRANK', 'created_at': datetime.datetime(2022, 4, 21, 6, 50, 19, tzinfo=datetime.timezone.utc), 'target_date': datetime.datetime(2022, 5, 29, 15, 46, 39, tzinfo=datetime.timezone.utc), 'age_days': 38}
https://github.com/VulcanWM/Imposter, {'repo': 'VulcanWM/Imposter', 'created_at': datetime.datetime(2022, 4, 21, 18, 18, 41, tzinfo=datetime.timezone.utc), 'target_date': datetime.datetime(2022, 5, 29, 15, 48, 53, tzinfo=datetime.timezone.utc), 'age_days': 37}
https://github.com/VulcanWM/jasonism, {'repo': 'VulcanWM/jasonism', 'created_at': datetime.datetime(2021, 10, 23, 14, 53, 7, tzinfo=datetime.timezone.utc), 'target_date': datetime.datetime(2022, 5, 29, 15, 50, 40, tzinfo=datetime.timezone.utc), 'age_days': 218}
https://github.com/VulcanWM/munity, {'repo': 'VulcanWM/munity', 'created_at': datetime.datetime(2022, 2, 11, 21, 28, 47, tzinfo=datetime.timezone.utc), 'target_date': datetime.datetime(2022, 5, 29, 16, 8, 47, tzinfo=datetime.timezone.utc), 'age_days': 106}
https://github.com/VulcanWM/OddOneOut, {'repo': 'VulcanWM/OddOneOut', 'created_at': datetime.datetime(2022, 7, 27, 12, 54, tzinfo=datetime.timezone.utc), 'target_date': datetime.datetime(2022, 7, 27, 12, 54, 22, tzinfo=datetime.timezone.utc), 'age_days': 0}
https://github.com/VulcanWM/OvalEyes, {'repo': 'VulcanWM/OvalEyes', 'created_at': datetime.datetime(2021, 6, 9, 19, 12, 49, tzinfo=datetime.timezone.utc), 'target_date': datetime.datetime(2021, 8, 16, 12, 1, 4, tzinfo=datetime.timezone.utc), 'age_days': 67}
https://github.com/VulcanWM/present-clicker, {'repo': 'VulcanWM/present-clicker', 'created_at': datetime.datetime(2023, 5, 17, 5, 58, 56, tzinfo=datetime.timezone.utc), 'target_date': datetime.datetime(2022, 11, 4, 18, 48, 41, tzinfo=datetime.timezone.utc), 'age_days': -194}
https://github.com/VulcanWM/Quiz-API, {'repo': 'VulcanWM/Quiz-API', 'created_at': datetime.datetime(2021, 4, 5, 9, 49, 57, tzinfo=datetime.timezone.utc), 'target_date': datetime.datetime(2022, 5, 29, 16, 7, 1, tzinfo=datetime.timezone.utc), 'age_days': 419}
https://github.com/VulcanWM/rulermaths, {'repo': 'VulcanWM/rulermaths', 'created_at': datetime.datetime(2022, 7, 6, 19, 10, 48, tzinfo=datetime.timezone.utc), 'target_date': datetime.datetime(2022, 7, 26, 12, 56, 17, tzinfo=datetime.timezone.utc), 'age_days': 19}
https://github.com/VulcanWM/simple-flask-app, {'repo': 'VulcanWM/simple-flask-app', 'created_at': datetime.datetime(2022, 3, 19, 16, 29, 43, tzinfo=datetime.timezone.utc), 'target_date': datetime.datetime(2022, 5, 29, 15, 55, 34, tzinfo=datetime.timezone.utc), 'age_days': 70}
https://github.com/VulcanWM/sphereprogram, {'repo': 'VulcanWM/sphereprogram', 'created_at': datetime.datetime(2022, 9, 3, 20, 53, 50, tzinfo=datetime.timezone.utc), 'target_date': datetime.datetime(2022, 9, 5, 12, 7, 27, tzinfo=datetime.timezone.utc), 'age_days': 1}
https://github.com/VulcanWM/vulcanwm-flask, {'repo': 'VulcanWM/vulcanwm-flask', 'created_at': datetime.datetime(2021, 8, 19, 7, 42, 46, tzinfo=datetime.timezone.utc), 'target_date': datetime.datetime(2022, 11, 6, 16, 34, 56, tzinfo=datetime.timezone.utc), 'age_days': 444}
https://github.com/VulcanWM/WeGreek, {'repo': 'VulcanWM/WeGreek', 'created_at': datetime.datetime(2022, 4, 23, 19, 49, 10, tzinfo=datetime.timezone.utc), 'target_date': datetime.datetime(2022, 5, 29, 15, 45, 32, tzinfo=datetime.timezone.utc), 'age_days': 35}
https://github.com/VulcanWM/what-if-flask, {'repo': 'VulcanWM/what-if-flask', 'created_at': datetime.datetime(2022, 8, 26, 11, 32, 32, tzinfo=datetime.timezone.utc), 'target_date': datetime.datetime(2022, 8, 27, 13, 51, 21, tzinfo=datetime.timezone.utc), 'age_days': 1}
https://github.com/saketsarin/composer-web, {'repo': 'saketsarin/composer-web', 'created_at': datetime.datetime(2025, 2, 13, 20, 40, 22, tzinfo=datetime.timezone.utc), 'target_date': datetime.datetime(2025, 4, 20, 19, 44, 14, tzinfo=datetime.timezone.utc), 'age_days': 65}
https://github.com/saketsarin/ASCII-ImagePrint, {'repo': 'saketsarin/ASCII-ImagePrint', 'created_at': datetime.datetime(2021, 4, 16, 19, 37, 12, tzinfo=datetime.timezone.utc), 'target_date': datetime.datetime(2021, 4, 16, 19, 37, 12, tzinfo=datetime.timezone.utc), 'age_days': 0}
https://github.com/saketsarin/Basic-Discord-Bot, {'repo': 'saketsarin/Basic-Discord-Bot', 'created_at': datetime.datetime(2021, 4, 4, 18, 37, 24, tzinfo=datetime.timezone.utc), 'target_date': datetime.datetime(2021, 4, 4, 18, 37, 26, tzinfo=datetime.timezone.utc), 'age_days': 0}
https://github.com/saketsarin/Blog-Website-Template, {'repo': 'saketsarin/Blog-Website-Template', 'created_at': datetime.datetime(2021, 1, 11, 20, 56, 16, tzinfo=datetime.timezone.utc), 'target_date': datetime.datetime(2021, 1, 13, 18, 58, 27, tzinfo=datetime.timezone.utc), 'age_days': 1}
https://github.com/saketsarin/Concurrent-Web-Scraper, {'repo': 'saketsarin/Concurrent-Web-Scraper', 'created_at': datetime.datetime(2021, 4, 12, 17, 19, tzinfo=datetime.timezone.utc), 'target_date': datetime.datetime(2021, 4, 14, 10, 28, 46, tzinfo=datetime.timezone.utc), 'age_days': 1}
https://github.com/saketsarin/flutter-hello-world, {'repo': 'saketsarin/flutter-hello-world', 'created_at': datetime.datetime(2021, 3, 29, 13, 1, 22, tzinfo=datetime.timezone.utc), 'target_date': datetime.datetime(2021, 3, 29, 13, 1, 24, tzinfo=datetime.timezone.utc), 'age_days': 0}
https://github.com/saketsarin/Guarden, {'repo': 'saketsarin/Guarden', 'created_at': datetime.datetime(2021, 6, 19, 11, 0, 4, tzinfo=datetime.timezone.utc), 'target_date': datetime.datetime(2021, 6, 20, 14, 1, 56, tzinfo=datetime.timezone.utc), 'age_days': 1}
https://github.com/saketsarin/hello-velato, {'repo': 'saketsarin/hello-velato', 'created_at': datetime.datetime(2021, 4, 2, 13, 54, 55, tzinfo=datetime.timezone.utc), 'target_date': datetime.datetime(2021, 4, 2, 13, 54, 57, tzinfo=datetime.timezone.utc), 'age_days': 0}
https://github.com/saketsarin/JPMC-Virtual-Internship, {'repo': 'saketsarin/JPMC-Virtual-Internship', 'created_at': datetime.datetime(2021, 3, 22, 17, 53, 24, tzinfo=datetime.timezone.utc), 'target_date': datetime.datetime(2021, 3, 22, 18, 39, 11, tzinfo=datetime.timezone.utc), 'age_days': 0}
https://github.com/saketsarin/LoopStudios-Challenge, {'repo': 'saketsarin/LoopStudios-Challenge', 'created_at': datetime.datetime(2021, 1, 20, 18, 35, 20, tzinfo=datetime.timezone.utc), 'target_date': datetime.datetime(2021, 3, 20, 3, 27, 46, tzinfo=datetime.timezone.utc), 'age_days': 58}
https://github.com/saketsarin/Note-Anywhere, {'repo': 'saketsarin/Note-Anywhere', 'created_at': datetime.datetime(2021, 4, 4, 19, 39, 30, tzinfo=datetime.timezone.utc), 'target_date': datetime.datetime(2021, 4, 10, 17, 29, 25, tzinfo=datetime.timezone.utc), 'age_days': 5}
https://github.com/saketsarin/OurGlass, {'repo': 'saketsarin/OurGlass', 'created_at': datetime.datetime(2021, 7, 17, 19, 7, 48, tzinfo=datetime.timezone.utc), 'target_date': datetime.datetime(2021, 7, 17, 19, 33, 24, tzinfo=datetime.timezone.utc), 'age_days': 0}
https://github.com/saketsarin/ReMedy-frontend, {'repo': 'saketsarin/ReMedy-frontend', 'created_at': datetime.datetime(2021, 5, 28, 19, 59, 28, tzinfo=datetime.timezone.utc), 'target_date': datetime.datetime(2021, 5, 29, 18, 56, 1, tzinfo=datetime.timezone.utc), 'age_days': 0}
https://github.com/saketsarin/SafeMail-frontend, {'repo': 'saketsarin/SafeMail-frontend', 'created_at': datetime.datetime(2021, 5, 15, 15, 21, 35, tzinfo=datetime.timezone.utc), 'target_date': datetime.datetime(2021, 5, 16, 7, 13, 56, tzinfo=datetime.timezone.utc), 'age_days': 0}
https://github.com/saketsarin/saketsarin, {'repo': 'saketsarin/saketsarin', 'created_at': datetime.datetime(2021, 7, 7, 16, 43, 50, tzinfo=datetime.timezone.utc), 'target_date': datetime.datetime(2021, 7, 22, 19, 11, 30, tzinfo=datetime.timezone.utc), 'age_days': 15}
https://github.com/saketsarin/SimplePieChart, {'repo': 'saketsarin/SimplePieChart', 'created_at': datetime.datetime(2021, 3, 31, 9, 1, 52, tzinfo=datetime.timezone.utc), 'target_date': datetime.datetime(2021, 4, 10, 9, 41, 28, tzinfo=datetime.timezone.utc), 'age_days': 10}
https://github.com/saketsarin/SimpleTranslator, {'repo': 'saketsarin/SimpleTranslator', 'created_at': datetime.datetime(2021, 3, 31, 15, 50, 51, tzinfo=datetime.timezone.utc), 'target_date': datetime.datetime(2021, 3, 31, 15, 53, 16, tzinfo=datetime.timezone.utc), 'age_days': 0}
https://github.com/saketsarin/snackchat, {'repo': 'saketsarin/snackchat', 'created_at': datetime.datetime(2021, 9, 5, 19, 52, 43, tzinfo=datetime.timezone.utc), 'target_date': datetime.datetime(2021, 9, 25, 13, 3, 2, tzinfo=datetime.timezone.utc), 'age_days': 19}
https://github.com/saketsarin/Social-Distancing, {'repo': 'saketsarin/Social-Distancing', 'created_at': datetime.datetime(2020, 11, 8, 14, 18, 35, tzinfo=datetime.timezone.utc), 'target_date': datetime.datetime(2020, 11, 8, 17, 57, 40, tzinfo=datetime.timezone.utc), 'age_days': 0}
https://github.com/saketsarin/SortList, {'repo': 'saketsarin/SortList', 'created_at': datetime.datetime(2021, 3, 31, 10, 9, 43, tzinfo=datetime.timezone.utc), 'target_date': datetime.datetime(2021, 3, 31, 10, 9, 43, tzinfo=datetime.timezone.utc), 'age_days': 0}
https://github.com/saketsarin/Spindle-frontend, {'repo': 'saketsarin/Spindle-frontend', 'created_at': datetime.datetime(2021, 8, 8, 12, 47, 20, tzinfo=datetime.timezone.utc), 'target_date': datetime.datetime(2021, 8, 8, 12, 47, 24, tzinfo=datetime.timezone.utc), 'age_days': 0}
https://github.com/saketsarin/Take-the-dose, {'repo': 'saketsarin/Take-the-dose', 'created_at': datetime.datetime(2021, 4, 24, 5, 40, 53, tzinfo=datetime.timezone.utc), 'target_date': datetime.datetime(2021, 11, 7, 20, 5, 4, tzinfo=datetime.timezone.utc), 'age_days': 197}
https://github.com/saketsarin/TNBList, {'repo': 'saketsarin/TNBList', 'created_at': datetime.datetime(2021, 6, 29, 20, 29, 40, tzinfo=datetime.timezone.utc), 'target_date': datetime.datetime(2021, 7, 3, 18, 57, 12, tzinfo=datetime.timezone.utc), 'age_days': 3}
https://github.com/saketsarin/TODO-List, {'repo': 'saketsarin/TODO-List', 'created_at': datetime.datetime(2021, 6, 12, 19, 27, 55, tzinfo=datetime.timezone.utc), 'target_date': datetime.datetime(2021, 6, 12, 19, 27, 50, tzinfo=datetime.timezone.utc), 'age_days': -1}
https://github.com/saketsarin/Twitter-Bot, {'repo': 'saketsarin/Twitter-Bot', 'created_at': datetime.datetime(2021, 3, 29, 12, 53, 40, tzinfo=datetime.timezone.utc), 'target_date': datetime.datetime(2021, 3, 30, 6, 59, 42, tzinfo=datetime.timezone.utc), 'age_days': 0}
https://github.com/saketsarin/Universal-Tech-Website, {'repo': 'saketsarin/Universal-Tech-Website', 'created_at': datetime.datetime(2021, 1, 12, 20, 28, 36, tzinfo=datetime.timezone.utc), 'target_date': datetime.datetime(2021, 1, 13, 18, 15, 3, tzinfo=datetime.timezone.utc), 'age_days': 0}
https://github.com/saketsarin/WeatherReport, {'repo': 'saketsarin/WeatherReport', 'created_at': datetime.datetime(2021, 3, 30, 15, 37, 58, tzinfo=datetime.timezone.utc), 'target_date': datetime.datetime(2021, 3, 30, 15, 37, 58, tzinfo=datetime.timezone.utc), 'age_days': 0}
https://github.com/saketsarin/Your-Weather, {'repo': 'saketsarin/Your-Weather', 'created_at': datetime.datetime(2021, 7, 18, 19, 15, 45, tzinfo=datetime.timezone.utc), 'target_date': datetime.datetime(2022, 4, 3, 5, 39, 24, tzinfo=datetime.timezone.utc), 'age_days': 258}
https://github.com/brandburner/fabula, {'repo': 'brandburner/fabula', 'created_at': datetime.datetime(2025, 1, 28, 16, 15, 33, tzinfo=datetime.timezone.utc), 'target_date': datetime.datetime(2025, 4, 19, 13, 57, 38, tzinfo=datetime.timezone.utc), 'age_days': 80}
https://github.com/kovermier/prompt-library, {'repo': 'kovermier/prompt-library', 'created_at': datetime.datetime(2024, 9, 22, 11, 2, 29, tzinfo=datetime.timezone.utc), 'target_date': datetime.datetime(2025, 8, 16, 19, 12, 14, tzinfo=datetime.timezone.utc), 'age_days': 328}
https://github.com/aedm/square-minus-square, {'repo': 'aedm/square-minus-square', 'created_at': datetime.datetime(2025, 12, 1, 22, 55, tzinfo=datetime.timezone.utc), 'target_date': datetime.datetime(2025, 12, 21, 21, 39, 43, tzinfo=datetime.timezone.utc), 'age_days': 19}
https://github.com/aedm/adventofcode2018, {'repo': 'aedm/adventofcode2018', 'created_at': datetime.datetime(2018, 12, 4, 15, 37, 9, tzinfo=datetime.timezone.utc), 'target_date': datetime.datetime(2018, 12, 22, 1, 47, 45, tzinfo=datetime.timezone.utc), 'age_days': 17}
https://github.com/aedm/adventofcode2018-kotlin, {'repo': 'aedm/adventofcode2018-kotlin', 'created_at': datetime.datetime(2019, 1, 1, 16, 3, 5, tzinfo=datetime.timezone.utc), 'target_date': datetime.datetime(2019, 1, 7, 22, 21, 33, tzinfo=datetime.timezone.utc), 'age_days': 6}
https://github.com/aedm/alberlet, {'repo': 'aedm/alberlet', 'created_at': datetime.datetime(2021, 1, 19, 22, 8, 12, tzinfo=datetime.timezone.utc), 'target_date': datetime.datetime(2021, 1, 22, 22, 4, 40, tzinfo=datetime.timezone.utc), 'age_days': 2}
https://github.com/aedm/bitang, {'repo': 'aedm/bitang', 'created_at': datetime.datetime(2022, 9, 12, 12, 23, 50, tzinfo=datetime.timezone.utc), 'target_date': datetime.datetime(2022, 11, 19, 14, 13, 25, tzinfo=datetime.timezone.utc), 'age_days': 68}
https://github.com/aedm/build-benchmark, {'repo': 'aedm/build-benchmark', 'created_at': datetime.datetime(2022, 3, 1, 19, 28, 56, tzinfo=datetime.timezone.utc), 'target_date': datetime.datetime(2022, 3, 9, 14, 27, 4, tzinfo=datetime.timezone.utc), 'age_days': 7}
https://github.com/aedm/competitive-coding, {'repo': 'aedm/competitive-coding', 'created_at': datetime.datetime(2020, 12, 16, 19, 39, 22, tzinfo=datetime.timezone.utc), 'target_date': datetime.datetime(2022, 9, 23, 15, 1, 19, tzinfo=datetime.timezone.utc), 'age_days': 645}
https://github.com/aedm/domain-name-finder, {'repo': 'aedm/domain-name-finder', 'created_at': datetime.datetime(2022, 1, 30, 11, 47, 28, tzinfo=datetime.timezone.utc), 'target_date': datetime.datetime(2022, 7, 11, 7, 44, 52, tzinfo=datetime.timezone.utc), 'age_days': 161}
https://github.com/aedm/ec2-tracker, {'repo': 'aedm/ec2-tracker', 'created_at': datetime.datetime(2022, 7, 21, 15, 17, 33, tzinfo=datetime.timezone.utc), 'target_date': datetime.datetime(2022, 8, 10, 13, 44, 30, tzinfo=datetime.timezone.utc), 'age_days': 19}
https://github.com/aedm/eskuvo, {'repo': 'aedm/eskuvo', 'created_at': datetime.datetime(2020, 10, 18, 15, 50, 7, tzinfo=datetime.timezone.utc), 'target_date': datetime.datetime(2020, 11, 2, 16, 34, 2, tzinfo=datetime.timezone.utc), 'age_days': 15}
https://github.com/aedm/gha-logs-miner, {'repo': 'aedm/gha-logs-miner', 'created_at': datetime.datetime(2022, 6, 16, 19, 33, 30, tzinfo=datetime.timezone.utc), 'target_date': datetime.datetime(2022, 6, 27, 15, 17, 43, tzinfo=datetime.timezone.utc), 'age_days': 10}
https://github.com/aedm/gingerbread-nodemcu, {'repo': 'aedm/gingerbread-nodemcu', 'created_at': datetime.datetime(2018, 12, 12, 15, 50, 34, tzinfo=datetime.timezone.utc), 'target_date': datetime.datetime(2018, 12, 12, 16, 5, 1, tzinfo=datetime.timezone.utc), 'age_days': 0}
https://github.com/aedm/got7deadpool, {'repo': 'aedm/got7deadpool', 'created_at': datetime.datetime(2017, 7, 12, 14, 57, 59, tzinfo=datetime.timezone.utc), 'target_date': datetime.datetime(2017, 8, 23, 0, 19, 15, tzinfo=datetime.timezone.utc), 'age_days': 41}
https://github.com/aedm/got8deadpool, {'repo': 'aedm/got8deadpool', 'created_at': datetime.datetime(2019, 2, 10, 22, 27, 36, tzinfo=datetime.timezone.utc), 'target_date': datetime.datetime(2019, 4, 8, 10, 1, 59, tzinfo=datetime.timezone.utc), 'age_days': 56}
https://github.com/aedm/kondlotto, {'repo': 'aedm/kondlotto', 'created_at': datetime.datetime(2021, 5, 15, 21, 52, 23, tzinfo=datetime.timezone.utc), 'target_date': datetime.datetime(2021, 5, 16, 9, 55, 6, tzinfo=datetime.timezone.utc), 'age_days': 0}
https://github.com/aedm/laknam, {'repo': 'aedm/laknam', 'created_at': datetime.datetime(2021, 3, 14, 15, 46, 26, tzinfo=datetime.timezone.utc), 'target_date': datetime.datetime(2021, 3, 17, 22, 3, 26, tzinfo=datetime.timezone.utc), 'age_days': 3}
https://github.com/aedm/minimeteor-tests, {'repo': 'aedm/minimeteor-tests', 'created_at': datetime.datetime(2017, 9, 14, 14, 45, tzinfo=datetime.timezone.utc), 'target_date': datetime.datetime(2017, 9, 14, 21, 35, 6, tzinfo=datetime.timezone.utc), 'age_days': 0}
https://github.com/aedm/mongochangestreamtest, {'repo': 'aedm/mongochangestreamtest', 'created_at': datetime.datetime(2018, 1, 23, 1, 7, 13, tzinfo=datetime.timezone.utc), 'target_date': datetime.datetime(2018, 1, 30, 0, 18, 16, tzinfo=datetime.timezone.utc), 'age_days': 6}
https://github.com/aedm/samestring, {'repo': 'aedm/samestring', 'created_at': datetime.datetime(2017, 6, 14, 22, 9, 9, tzinfo=datetime.timezone.utc), 'target_date': datetime.datetime(2017, 6, 14, 22, 13, 35, tzinfo=datetime.timezone.utc), 'age_days': 0}
https://github.com/aedm/sdv-test, {'repo': 'aedm/sdv-test', 'created_at': datetime.datetime(2022, 7, 15, 14, 35, 31, tzinfo=datetime.timezone.utc), 'target_date': datetime.datetime(2022, 7, 22, 13, 22, 24, tzinfo=datetime.timezone.utc), 'age_days': 6}
https://github.com/aedm/stillaxis, {'repo': 'aedm/stillaxis', 'created_at': datetime.datetime(2020, 9, 2, 17, 8, 36, tzinfo=datetime.timezone.utc), 'target_date': datetime.datetime(2021, 4, 12, 21, 5, 24, tzinfo=datetime.timezone.utc), 'age_days': 222}
https://github.com/aedm/test-mitirki-com, {'repo': 'aedm/test-mitirki-com', 'created_at': datetime.datetime(2022, 1, 21, 20, 35, 50, tzinfo=datetime.timezone.utc), 'target_date': datetime.datetime(2022, 1, 24, 16, 21, 27, tzinfo=datetime.timezone.utc), 'age_days': 2}
https://github.com/aedm/toy-nodemcu, {'repo': 'aedm/toy-nodemcu', 'created_at': datetime.datetime(2021, 11, 21, 13, 13, 34, tzinfo=datetime.timezone.utc), 'target_date': datetime.datetime(2021, 12, 1, 21, 25, 46, tzinfo=datetime.timezone.utc), 'age_days': 10}
https://github.com/aedm/yearcompass, {'repo': 'aedm/yearcompass', 'created_at': datetime.datetime(2015, 11, 6, 2, 41, 20, tzinfo=datetime.timezone.utc), 'target_date': datetime.datetime(2016, 10, 25, 19, 58, 11, tzinfo=datetime.timezone.utc), 'age_days': 354}
https://github.com/aedm/zengine, {'repo': 'aedm/zengine', 'created_at': datetime.datetime(2015, 4, 15, 0, 20, 33, tzinfo=datetime.timezone.utc), 'target_date': datetime.datetime(2019, 12, 3, 17, 5, 25, tzinfo=datetime.timezone.utc), 'age_days': 1693}
https://github.com/xerus-ai/xerus, {'repo': 'xerus-ai/xerus', 'created_at': datetime.datetime(2025, 9, 28, 11, 26, 42, tzinfo=datetime.timezone.utc), 'target_date': datetime.datetime(2025, 9, 28, 18, 43, 10, tzinfo=datetime.timezone.utc), 'age_days': 0}
https://github.com/benbasha/Claude-Autopilot, {'repo': 'benbasha/Claude-Autopilot', 'created_at': datetime.datetime(2025, 7, 12, 20, 12, 20, tzinfo=datetime.timezone.utc), 'target_date': datetime.datetime(2025, 8, 21, 12, 56, 17, tzinfo=datetime.timezone.utc), 'age_days': 39}
https://github.com/doughyvibe/vibeCodingGovFramework#1-the-philosophy-context-is-king, {'repo': 'doughyvibe/vibeCodingGovFramework#1-the-philosophy-context-is-king', 'created_at': datetime.datetime(2025, 11, 29, 17, 40, 42, tzinfo=datetime.timezone.utc), 'target_date': datetime.datetime(2025, 11, 29, 17, 48, 35, tzinfo=datetime.timezone.utc), 'age_days': 0}
https://github.com/pritha21/netflix-imdb-ratings, {'repo': 'pritha21/netflix-imdb-ratings', 'created_at': datetime.datetime(2025, 10, 27, 4, 0, 28, tzinfo=datetime.timezone.utc), 'target_date': datetime.datetime(2025, 10, 27, 4, 2, 26, tzinfo=datetime.timezone.utc), 'age_days': 0}
https://github.com/pritha21/Concepts, {'repo': 'pritha21/Concepts', 'created_at': datetime.datetime(2020, 5, 1, 11, 24, 40, tzinfo=datetime.timezone.utc), 'target_date': datetime.datetime(2020, 6, 23, 2, 34, 11, tzinfo=datetime.timezone.utc), 'age_days': 52}
https://github.com/pritha21/Insaid, {'repo': 'pritha21/Insaid', 'created_at': datetime.datetime(2019, 10, 13, 2, 19, 5, tzinfo=datetime.timezone.utc), 'target_date': datetime.datetime(2019, 10, 13, 9, 22, 23, tzinfo=datetime.timezone.utc), 'age_days': 0}
https://github.com/pritha21/Machine_Hack, {'repo': 'pritha21/Machine_Hack', 'created_at': datetime.datetime(2020, 4, 27, 16, 59, 1, tzinfo=datetime.timezone.utc), 'target_date': datetime.datetime(2020, 4, 28, 12, 26, 11, tzinfo=datetime.timezone.utc), 'age_days': 0}
https://github.com/claudekit/frontend-design-pro-demo, {'repo': 'claudekit/frontend-design-pro-demo', 'created_at': datetime.datetime(2025, 11, 29, 6, 26, 41, tzinfo=datetime.timezone.utc), 'target_date': datetime.datetime(2025, 11, 29, 16, 35, 31, tzinfo=datetime.timezone.utc), 'age_days': 0}
https://github.com/MotiaDev/motia-examples, {'repo': 'MotiaDev/motia-examples', 'created_at': datetime.datetime(2025, 2, 1, 22, 35, 52, tzinfo=datetime.timezone.utc), 'target_date': datetime.datetime(2026, 1, 15, 13, 24, 32, tzinfo=datetime.timezone.utc), 'age_days': 347}
https://github.com/shatrix/pixalize_android, {'repo': 'shatrix/pixalize_android', 'created_at': datetime.datetime(2025, 12, 28, 12, 49, 34, tzinfo=datetime.timezone.utc), 'target_date': datetime.datetime(2025, 12, 28, 15, 19, 56, tzinfo=datetime.timezone.utc), 'age_days': 0}
https://github.com/George5562/Switchboard, {'repo': 'George5562/Switchboard', 'created_at': datetime.datetime(2025, 9, 17, 9, 41, 22, tzinfo=datetime.timezone.utc), 'target_date': datetime.datetime(2025, 10, 1, 0, 21, 25, tzinfo=datetime.timezone.utc), 'age_days': 13}
https://github.com/smtg-ai/claude-squad, {'repo': 'smtg-ai/claude-squad', 'created_at': datetime.datetime(2025, 3, 9, 20, 0, 41, tzinfo=datetime.timezone.utc), 'target_date': datetime.datetime(2026, 3, 4, 3, 39, 14, tzinfo=datetime.timezone.utc), 'age_days': 359}
https://github.com/kane111/rag-chat-v2, {'repo': 'kane111/rag-chat-v2', 'created_at': datetime.datetime(2025, 12, 16, 7, 14, 44, tzinfo=datetime.timezone.utc), 'target_date': datetime.datetime(2025, 12, 18, 8, 33, 8, tzinfo=datetime.timezone.utc), 'age_days': 2}
https://github.com/ivanpostolski/vibe-agent-calendar-memory, {'repo': 'ivanpostolski/vibe-agent-calendar-memory', 'created_at': datetime.datetime(2025, 8, 28, 15, 2, 14, tzinfo=datetime.timezone.utc), 'target_date': datetime.datetime(2025, 8, 28, 15, 4, 19, tzinfo=datetime.timezone.utc), 'age_days': 0}
https://github.com/ivanpostolski/donkey, {'repo': 'ivanpostolski/donkey', 'created_at': datetime.datetime(2014, 5, 13, 17, 40, 26, tzinfo=datetime.timezone.utc), 'target_date': datetime.datetime(2014, 5, 14, 23, 2, 2, tzinfo=datetime.timezone.utc), 'age_days': 1}
https://github.com/ivanpostolski/javacg, {'repo': 'ivanpostolski/javacg', 'created_at': datetime.datetime(2016, 1, 18, 17, 44, 20, tzinfo=datetime.timezone.utc), 'target_date': datetime.datetime(2016, 1, 18, 17, 50, 5, tzinfo=datetime.timezone.utc), 'age_days': 0}
https://github.com/ivanpostolski/lgtm-test-example, {'repo': 'ivanpostolski/lgtm-test-example', 'created_at': datetime.datetime(2019, 12, 18, 16, 35, 28, tzinfo=datetime.timezone.utc), 'target_date': datetime.datetime(2019, 12, 19, 5, 24, 53, tzinfo=datetime.timezone.utc), 'age_days': 0}
https://github.com/ivanpostolski/newschain_protocol, {'repo': 'ivanpostolski/newschain_protocol', 'created_at': datetime.datetime(2022, 7, 15, 15, 35, 6, tzinfo=datetime.timezone.utc), 'target_date': datetime.datetime(2022, 8, 8, 21, 48, 52, tzinfo=datetime.timezone.utc), 'age_days': 24}
https://github.com/ivanpostolski/NIER2019, {'repo': 'ivanpostolski/NIER2019', 'created_at': datetime.datetime(2019, 5, 8, 3, 31, 42, tzinfo=datetime.timezone.utc), 'target_date': datetime.datetime(2019, 5, 31, 20, 55, 32, tzinfo=datetime.timezone.utc), 'age_days': 23}
https://github.com/ivanpostolski/plan, {'repo': 'ivanpostolski/plan', 'created_at': datetime.datetime(2015, 5, 29, 12, 46, 6, tzinfo=datetime.timezone.utc), 'target_date': datetime.datetime(2015, 5, 29, 12, 48, 22, tzinfo=datetime.timezone.utc), 'age_days': 0}
https://github.com/ivanpostolski/sed2017, {'repo': 'ivanpostolski/sed2017', 'created_at': datetime.datetime(2017, 9, 21, 18, 31, 57, tzinfo=datetime.timezone.utc), 'target_date': datetime.datetime(2017, 9, 25, 20, 12, 34, tzinfo=datetime.timezone.utc), 'age_days': 4}
https://github.com/ivanpostolski/sfcb, {'repo': 'ivanpostolski/sfcb', 'created_at': datetime.datetime(2015, 8, 10, 21, 53, 16, tzinfo=datetime.timezone.utc), 'target_date': datetime.datetime(2015, 8, 12, 21, 13, 35, tzinfo=datetime.timezone.utc), 'age_days': 1}
https://github.com/ivanpostolski/simu2017tp2, {'repo': 'ivanpostolski/simu2017tp2', 'created_at': datetime.datetime(2017, 11, 2, 0, 3, 2, tzinfo=datetime.timezone.utc), 'target_date': datetime.datetime(2017, 11, 16, 19, 50, 24, tzinfo=datetime.timezone.utc), 'age_days': 14}
https://github.com/ivanpostolski/spoonLV, {'repo': 'ivanpostolski/spoonLV', 'created_at': datetime.datetime(2013, 12, 17, 23, 39, 46, tzinfo=datetime.timezone.utc), 'target_date': datetime.datetime(2013, 12, 18, 5, 43, 39, tzinfo=datetime.timezone.utc), 'age_days': 0}
https://github.com/doonfrs/AI-Instructions-Syncer, {'repo': 'doonfrs/AI-Instructions-Syncer', 'created_at': datetime.datetime(2025, 9, 28, 20, 20, 34, tzinfo=datetime.timezone.utc), 'target_date': datetime.datetime(2025, 9, 28, 23, 31, 19, tzinfo=datetime.timezone.utc), 'age_days': 0}
https://github.com/ophydami/gatekeeper-marketplace, {'repo': 'ophydami/gatekeeper-marketplace', 'created_at': datetime.datetime(2025, 12, 11, 0, 39, 54, tzinfo=datetime.timezone.utc), 'target_date': datetime.datetime(2025, 12, 11, 2, 12, 55, tzinfo=datetime.timezone.utc), 'age_days': 0}
https://github.com/ophydami/hello-world-new1, {'repo': 'ophydami/hello-world-new1', 'created_at': datetime.datetime(2020, 2, 20, 16, 52, 3, tzinfo=datetime.timezone.utc), 'target_date': datetime.datetime(2020, 2, 20, 17, 1, 7, tzinfo=datetime.timezone.utc), 'age_days': 0}
https://github.com/ophydami/node, {'repo': 'ophydami/node', 'created_at': datetime.datetime(2021, 6, 22, 1, 30, 29, tzinfo=datetime.timezone.utc), 'target_date': datetime.datetime(2021, 6, 22, 3, 37, 23, tzinfo=datetime.timezone.utc), 'age_days': 0}
https://github.com/ophydami/ophydev.com, {'repo': 'ophydami/ophydev.com', 'created_at': datetime.datetime(2019, 12, 17, 1, 53, 2, tzinfo=datetime.timezone.utc), 'target_date': datetime.datetime(2019, 12, 17, 1, 49, 29, tzinfo=datetime.timezone.utc), 'age_days': -1}
https://github.com/appoly/multiagent-chat, {'repo': 'appoly/multiagent-chat', 'created_at': datetime.datetime(2025, 12, 17, 11, 1, 59, tzinfo=datetime.timezone.utc), 'target_date': datetime.datetime(2026, 2, 24, 17, 58, 53, tzinfo=datetime.timezone.utc), 'age_days': 69}
https://github.com/jordicor/ai-json-cleanroom, {'repo': 'jordicor/ai-json-cleanroom', 'created_at': datetime.datetime(2025, 11, 18, 5, 0, 27, tzinfo=datetime.timezone.utc), 'target_date': datetime.datetime(2025, 11, 24, 5, 39, 2, tzinfo=datetime.timezone.utc), 'age_days': 6}
https://github.com/Juan-Pestana/Train_the_cursor, {'repo': 'Juan-Pestana/Train_the_cursor', 'created_at': datetime.datetime(2025, 8, 20, 16, 5, 57, tzinfo=datetime.timezone.utc), 'target_date': datetime.datetime(2025, 8, 20, 16, 13, 15, tzinfo=datetime.timezone.utc), 'age_days': 0}
https://github.com/ShanuNajeeb/Student-Dashboard, {'repo': 'ShanuNajeeb/Student-Dashboard', 'created_at': datetime.datetime(2025, 5, 20, 20, 30, 9, tzinfo=datetime.timezone.utc), 'target_date': datetime.datetime(2025, 5, 23, 21, 10, 18, tzinfo=datetime.timezone.utc), 'age_days': 3}
https://github.com/dernerl/ManagedFavsGenerator, {'repo': 'dernerl/ManagedFavsGenerator', 'created_at': datetime.datetime(2025, 12, 6, 20, 0, 17, tzinfo=datetime.timezone.utc), 'target_date': datetime.datetime(2025, 12, 9, 12, 20, 56, tzinfo=datetime.timezone.utc), 'age_days': 2}
https://github.com/jmassengille/sketch2prompt, {'repo': 'jmassengille/sketch2prompt', 'created_at': datetime.datetime(2025, 12, 16, 16, 56, 27, tzinfo=datetime.timezone.utc), 'target_date': datetime.datetime(2026, 1, 29, 22, 35, 59, tzinfo=datetime.timezone.utc), 'age_days': 44}
https://github.com/MDReptile/RadioData, {'repo': 'MDReptile/RadioData', 'created_at': datetime.datetime(2025, 11, 24, 2, 20, 31, tzinfo=datetime.timezone.utc), 'target_date': datetime.datetime(2025, 11, 27, 8, 16, 32, tzinfo=datetime.timezone.utc), 'age_days': 3}
https://github.com/p32929/ccheckpoints, {'repo': 'p32929/ccheckpoints', 'created_at': datetime.datetime(2025, 8, 20, 20, 27, 32, tzinfo=datetime.timezone.utc), 'target_date': datetime.datetime(2025, 9, 2, 19, 58, 7, tzinfo=datetime.timezone.utc), 'age_days': 12}
https://github.com/p32929/AndroidAppLockscreen, {'repo': 'p32929/AndroidAppLockscreen', 'created_at': datetime.datetime(2018, 7, 18, 15, 12, 54, tzinfo=datetime.timezone.utc), 'target_date': datetime.datetime(2020, 7, 17, 14, 23, 51, tzinfo=datetime.timezone.utc), 'age_days': 729}
https://github.com/p32929/AndroidAppUpdater, {'repo': 'p32929/AndroidAppUpdater', 'created_at': datetime.datetime(2019, 5, 29, 6, 28, 9, tzinfo=datetime.timezone.utc), 'target_date': datetime.datetime(2020, 7, 17, 14, 19, 47, tzinfo=datetime.timezone.utc), 'age_days': 415}
https://github.com/p32929/AndroidEasySQL-Library, {'repo': 'p32929/AndroidEasySQL-Library', 'created_at': datetime.datetime(2018, 7, 8, 16, 1, 43, tzinfo=datetime.timezone.utc), 'target_date': datetime.datetime(2020, 7, 17, 14, 3, 6, tzinfo=datetime.timezone.utc), 'age_days': 739}
https://github.com/p32929/CGPA_Calculator, {'repo': 'p32929/CGPA_Calculator', 'created_at': datetime.datetime(2016, 11, 9, 13, 10, 9, tzinfo=datetime.timezone.utc), 'target_date': datetime.datetime(2020, 7, 17, 14, 40, 11, tzinfo=datetime.timezone.utc), 'age_days': 1346}
https://github.com/p32929/duas, {'repo': 'p32929/duas', 'created_at': datetime.datetime(2022, 11, 13, 10, 59, 10, tzinfo=datetime.timezone.utc), 'target_date': datetime.datetime(2022, 11, 18, 12, 46, 39, tzinfo=datetime.timezone.utc), 'age_days': 5}
https://github.com/p32929/EasiestdbFlutter, {'repo': 'p32929/EasiestdbFlutter', 'created_at': datetime.datetime(2020, 4, 9, 16, 12, 25, tzinfo=datetime.timezone.utc), 'target_date': datetime.datetime(2020, 7, 16, 15, 4, 57, tzinfo=datetime.timezone.utc), 'age_days': 97}
https://github.com/p32929/EasiestSqlLibrary, {'repo': 'p32929/EasiestSqlLibrary', 'created_at': datetime.datetime(2020, 3, 28, 10, 24, 15, tzinfo=datetime.timezone.utc), 'target_date': datetime.datetime(2022, 6, 11, 5, 21, 1, tzinfo=datetime.timezone.utc), 'age_days': 804}
https://github.com/p32929/expo-overmind-counter-example, {'repo': 'p32929/expo-overmind-counter-example', 'created_at': datetime.datetime(2021, 6, 8, 12, 39, 50, tzinfo=datetime.timezone.utc), 'target_date': datetime.datetime(2022, 1, 16, 8, 16, 56, tzinfo=datetime.timezone.utc), 'age_days': 221}
https://github.com/p32929/FayFetch, {'repo': 'p32929/FayFetch', 'created_at': datetime.datetime(2021, 1, 23, 8, 26, 13, tzinfo=datetime.timezone.utc), 'target_date': datetime.datetime(2021, 7, 2, 3, 10, 1, tzinfo=datetime.timezone.utc), 'age_days': 159}
https://github.com/p32929/fay_cli, {'repo': 'p32929/fay_cli', 'created_at': datetime.datetime(2022, 9, 24, 18, 44, 39, tzinfo=datetime.timezone.utc), 'target_date': datetime.datetime(2022, 9, 26, 1, 30, tzinfo=datetime.timezone.utc), 'age_days': 1}
https://github.com/p32929/FirstPage, {'repo': 'p32929/FirstPage', 'created_at': datetime.datetime(2020, 9, 14, 14, 39, 17, tzinfo=datetime.timezone.utc), 'target_date': datetime.datetime(2020, 9, 14, 15, 35, 47, tzinfo=datetime.timezone.utc), 'age_days': 0}
https://github.com/kruskal-labs/toolfront, {'repo': 'kruskal-labs/toolfront', 'created_at': datetime.datetime(2025, 6, 11, 5, 50, 9, tzinfo=datetime.timezone.utc), 'target_date': datetime.datetime(2026, 3, 11, 5, 32, 52, tzinfo=datetime.timezone.utc), 'age_days': 272}
https://github.com/taylorwilsdon/quantconnect-mcp, {'repo': 'taylorwilsdon/quantconnect-mcp', 'created_at': datetime.datetime(2025, 6, 10, 0, 10, 54, tzinfo=datetime.timezone.utc), 'target_date': datetime.datetime(2025, 8, 24, 17, 16, 23, tzinfo=datetime.timezone.utc), 'age_days': 75}
https://github.com/umpolungfish/cumpyl-framework, {'repo': 'umpolungfish/cumpyl-framework', 'created_at': datetime.datetime(2025, 8, 18, 14, 6, 15, tzinfo=datetime.timezone.utc), 'target_date': datetime.datetime(2026, 2, 5, 14, 56, 20, tzinfo=datetime.timezone.utc), 'age_days': 171}
https://github.com/b4rtaz/learning-games-for-kids#available-games, {'repo': 'b4rtaz/learning-games-for-kids#available-games', 'created_at': datetime.datetime(2025, 12, 8, 9, 52, 44, tzinfo=datetime.timezone.utc), 'target_date': datetime.datetime(2026, 1, 30, 22, 42, 49, tzinfo=datetime.timezone.utc), 'age_days': 53}
https://github.com/TuckerBWieland/nyc-water-app, {'repo': 'TuckerBWieland/nyc-water-app', 'created_at': datetime.datetime(2025, 5, 11, 20, 29, 9, tzinfo=datetime.timezone.utc), 'target_date': datetime.datetime(2025, 10, 5, 23, 56, 4, tzinfo=datetime.timezone.utc), 'age_days': 147}
https://github.com/dickymoore/repocopy, {'repo': 'dickymoore/repocopy', 'created_at': datetime.datetime(2025, 5, 3, 16, 10, 7, tzinfo=datetime.timezone.utc), 'target_date': datetime.datetime(2026, 3, 11, 16, 52, 30, tzinfo=datetime.timezone.utc), 'age_days': 312}
https://github.com/ianrastall/ColorChooser, {'repo': 'ianrastall/ColorChooser', 'created_at': datetime.datetime(2025, 8, 28, 20, 55, 52, tzinfo=datetime.timezone.utc), 'target_date': datetime.datetime(2025, 8, 28, 21, 56, 21, tzinfo=datetime.timezone.utc), 'age_days': 0}
https://github.com/Suwot/ffmpeg, {'repo': 'Suwot/ffmpeg', 'created_at': datetime.datetime(2025, 8, 11, 21, 23, 21, tzinfo=datetime.timezone.utc), 'target_date': datetime.datetime(2025, 12, 16, 8, 55, 54, tzinfo=datetime.timezone.utc), 'age_days': 126}
https://github.com/trose/mouse-jiggler, {'repo': 'trose/mouse-jiggler', 'created_at': datetime.datetime(2025, 9, 2, 3, 1, 53, tzinfo=datetime.timezone.utc), 'target_date': datetime.datetime(2025, 9, 15, 17, 15, 27, tzinfo=datetime.timezone.utc), 'age_days': 13}
https://github.com/ayxse/MotionScroll, {'repo': 'ayxse/MotionScroll', 'created_at': datetime.datetime(2024, 11, 20, 23, 20, 13, tzinfo=datetime.timezone.utc), 'target_date': datetime.datetime(2025, 7, 20, 23, 40, 52, tzinfo=datetime.timezone.utc), 'age_days': 242}
https://github.com/samuelfaj/claudiomiro, {'repo': 'samuelfaj/claudiomiro', 'created_at': datetime.datetime(2025, 10, 6, 2, 57, 14, tzinfo=datetime.timezone.utc), 'target_date': datetime.datetime(2025, 12, 4, 17, 41, 51, tzinfo=datetime.timezone.utc), 'age_days': 59}
https://github.com/bcollazo/deckgym-core, {'repo': 'bcollazo/deckgym-core', 'created_at': datetime.datetime(2025, 3, 18, 2, 14, 50, tzinfo=datetime.timezone.utc), 'target_date': datetime.datetime(2026, 3, 11, 10, 10, 15, tzinfo=datetime.timezone.utc), 'age_days': 358}
https://github.com/Dvorkam/wol-service, {'repo': 'Dvorkam/wol-service', 'created_at': datetime.datetime(2025, 10, 28, 12, 42, 58, tzinfo=datetime.timezone.utc), 'target_date': datetime.datetime(2025, 12, 2, 19, 45, 23, tzinfo=datetime.timezone.utc), 'age_days': 35}
https://github.com/4regab/TaskSync, {'repo': '4regab/TaskSync', 'created_at': datetime.datetime(2025, 7, 13, 19, 16, 16, tzinfo=datetime.timezone.utc), 'target_date': datetime.datetime(2026, 3, 11, 17, 0, 10, tzinfo=datetime.timezone.utc), 'age_days': 240}
https://github.com/Wirasm/PRPs-agentic-eng, {'repo': 'Wirasm/PRPs-agentic-eng', 'created_at': datetime.datetime(2025, 6, 21, 7, 13, 38, tzinfo=datetime.timezone.utc), 'target_date': datetime.datetime(2026, 3, 2, 11, 0, 24, tzinfo=datetime.timezone.utc), 'age_days': 254}
https://github.com/neoneye/PlanExe, {'repo': 'neoneye/PlanExe', 'created_at': datetime.datetime(2025, 2, 7, 22, 45, 58, tzinfo=datetime.timezone.utc), 'target_date': datetime.datetime(2026, 3, 11, 16, 24, 58, tzinfo=datetime.timezone.utc), 'age_days': 396}
https://github.com/chunkhound/chunkhound, {'repo': 'chunkhound/chunkhound', 'created_at': datetime.datetime(2025, 6, 4, 7, 41, 58, tzinfo=datetime.timezone.utc), 'target_date': datetime.datetime(2026, 3, 11, 8, 26, 31, tzinfo=datetime.timezone.utc), 'age_days': 280}
https://github.com/infiniV/VoiceFlow, {'repo': 'infiniV/VoiceFlow', 'created_at': datetime.datetime(2025, 12, 13, 18, 28, 9, tzinfo=datetime.timezone.utc), 'target_date': datetime.datetime(2026, 1, 15, 12, 41, 36, tzinfo=datetime.timezone.utc), 'age_days': 32}
https://github.com/ston1ee/transparent-checklist-app, {'repo': 'ston1ee/transparent-checklist-app', 'created_at': datetime.datetime(2025, 9, 25, 6, 20, 23, tzinfo=datetime.timezone.utc), 'target_date': datetime.datetime(2025, 9, 25, 9, 4, 27, tzinfo=datetime.timezone.utc), 'age_days': 0}
https://github.com/agileandy/code-analysis?tab=readme-ov-file, {'repo': 'agileandy/code-analysis?tab=readme-ov-file', 'created_at': datetime.datetime(2025, 7, 2, 8, 42, 59, tzinfo=datetime.timezone.utc), 'target_date': datetime.datetime(2026, 1, 4, 0, 35, 19, tzinfo=datetime.timezone.utc), 'age_days': 185}
https://github.com/GIS1974/whisperx_app_3, {'repo': 'GIS1974/whisperx_app_3', 'created_at': datetime.datetime(2025, 5, 28, 3, 39, 11, tzinfo=datetime.timezone.utc), 'target_date': datetime.datetime(2025, 6, 14, 20, 32, 12, tzinfo=datetime.timezone.utc), 'age_days': 17}
https://github.com/px-pride/flowcoder, {'repo': 'px-pride/flowcoder', 'created_at': datetime.datetime(2025, 12, 1, 10, 19, 23, tzinfo=datetime.timezone.utc), 'target_date': datetime.datetime(2025, 12, 10, 0, 31, 42, tzinfo=datetime.timezone.utc), 'age_days': 8}
https://github.com/tesserato/Inscribe, {'repo': 'tesserato/Inscribe', 'created_at': datetime.datetime(2025, 10, 11, 11, 31, 26, tzinfo=datetime.timezone.utc), 'target_date': datetime.datetime(2025, 12, 1, 20, 45, 18, tzinfo=datetime.timezone.utc), 'age_days': 51}
https://github.com/maciej-trebacz/tower-of-time-game, {'repo': 'maciej-trebacz/tower-of-time-game', 'created_at': datetime.datetime(2025, 7, 4, 7, 36, 22, tzinfo=datetime.timezone.utc), 'target_date': datetime.datetime(2025, 7, 4, 16, 6, 57, tzinfo=datetime.timezone.utc), 'age_days': 0}
https://github.com/montraydavis/AIApiOrchestrator, {'repo': 'montraydavis/AIApiOrchestrator', 'created_at': datetime.datetime(2025, 8, 31, 16, 9, 50, tzinfo=datetime.timezone.utc), 'target_date': datetime.datetime(2025, 8, 31, 16, 58, 30, tzinfo=datetime.timezone.utc), 'age_days': 0}
https://github.com/oespinozai/subkiller, {'repo': 'oespinozai/subkiller', 'created_at': datetime.datetime(2025, 8, 5, 21, 52, 14, tzinfo=datetime.timezone.utc), 'target_date': datetime.datetime(2025, 8, 5, 22, 8, 51, tzinfo=datetime.timezone.utc), 'age_days': 0}
https://github.com/Frankenbuild-labs/Pocket-Code, {'repo': 'Frankenbuild-labs/Pocket-Code', 'created_at': datetime.datetime(2025, 8, 25, 15, 57, 59, tzinfo=datetime.timezone.utc), 'target_date': datetime.datetime(2025, 8, 25, 16, 24, 39, tzinfo=datetime.timezone.utc), 'age_days': 0}
https://github.com/soitgoes-again/eyeinthecloud, {'repo': 'soitgoes-again/eyeinthecloud', 'created_at': datetime.datetime(2025, 5, 3, 22, 14, 15, tzinfo=datetime.timezone.utc), 'target_date': datetime.datetime(2025, 5, 21, 15, 23, 30, tzinfo=datetime.timezone.utc), 'age_days': 17}
https://github.com/iamvaar-dev/heybro, {'repo': 'iamvaar-dev/heybro', 'created_at': datetime.datetime(2025, 11, 5, 8, 36, 27, tzinfo=datetime.timezone.utc), 'target_date': datetime.datetime(2026, 1, 27, 10, 8, 17, tzinfo=datetime.timezone.utc), 'age_days': 83}
https://github.com/KhazP/vibe-coding-prompt-template, {'repo': 'KhazP/vibe-coding-prompt-template', 'created_at': datetime.datetime(2025, 4, 14, 17, 27, 16, tzinfo=datetime.timezone.utc), 'target_date': datetime.datetime(2026, 3, 6, 21, 17, 32, tzinfo=datetime.timezone.utc), 'age_days': 326}
https://github.com/voidquark/Chefly, {'repo': 'voidquark/Chefly', 'created_at': datetime.datetime(2025, 10, 16, 19, 27, 55, tzinfo=datetime.timezone.utc), 'target_date': datetime.datetime(2025, 10, 28, 23, 54, 57, tzinfo=datetime.timezone.utc), 'age_days': 12}
https://github.com/DubblePumper/NMBS-Train-Data-API, {'repo': 'DubblePumper/NMBS-Train-Data-API', 'created_at': datetime.datetime(2025, 4, 5, 8, 53, 17, tzinfo=datetime.timezone.utc), 'target_date': datetime.datetime(2025, 12, 8, 18, 32, 23, tzinfo=datetime.timezone.utc), 'age_days': 247}
https://github.com/Mmorgan-ML/Neuromodulatory-Control-Networks, {'repo': 'Mmorgan-ML/Neuromodulatory-Control-Networks', 'created_at': datetime.datetime(2025, 11, 16, 5, 40, 22, tzinfo=datetime.timezone.utc), 'target_date': datetime.datetime(2025, 12, 11, 4, 6, 52, tzinfo=datetime.timezone.utc), 'age_days': 24}
https://github.com/khromov/ai-digest, {'repo': 'khromov/ai-digest', 'created_at': datetime.datetime(2024, 7, 15, 23, 22, 34, tzinfo=datetime.timezone.utc), 'target_date': datetime.datetime(2025, 8, 24, 12, 20, 13, tzinfo=datetime.timezone.utc), 'age_days': 404}
https://github.com/prateekjain24/clipdrop, {'repo': 'prateekjain24/clipdrop', 'created_at': datetime.datetime(2025, 9, 17, 3, 14, 27, tzinfo=datetime.timezone.utc), 'target_date': datetime.datetime(2025, 10, 2, 3, 45, 49, tzinfo=datetime.timezone.utc), 'age_days': 15}
https://github.com/Kabi10/ratemyemployer, {'repo': 'Kabi10/ratemyemployer', 'created_at': datetime.datetime(2024, 12, 31, 21, 2, 18, tzinfo=datetime.timezone.utc), 'target_date': datetime.datetime(2025, 9, 10, 8, 20, 35, tzinfo=datetime.timezone.utc), 'age_days': 252}
https://github.com/ajaxdude/speakprompt, {'repo': 'ajaxdude/speakprompt', 'created_at': datetime.datetime(2025, 10, 29, 4, 17, 23, tzinfo=datetime.timezone.utc), 'target_date': datetime.datetime(2025, 10, 30, 18, 57, 7, tzinfo=datetime.timezone.utc), 'age_days': 1}
https://github.com/ryanrawlingswang/cursor-rules, {'repo': 'ryanrawlingswang/cursor-rules', 'created_at': datetime.datetime(2025, 8, 16, 23, 10, 42, tzinfo=datetime.timezone.utc), 'target_date': datetime.datetime(2025, 9, 1, 2, 47, 15, tzinfo=datetime.timezone.utc), 'age_days': 15}
https://github.com/codebeaver-ai/codebeaver-ai, {'repo': 'codebeaver-ai/codebeaver-ai', 'created_at': datetime.datetime(2024, 12, 16, 20, 11, 30, tzinfo=datetime.timezone.utc), 'target_date': datetime.datetime(2025, 3, 27, 8, 6, 57, tzinfo=datetime.timezone.utc), 'age_days': 100}
https://github.com/screamingearth/the_collective, {'repo': 'screamingearth/the_collective', 'created_at': datetime.datetime(2025, 12, 14, 23, 50, 53, tzinfo=datetime.timezone.utc), 'target_date': datetime.datetime(2026, 3, 10, 19, 16, 14, tzinfo=datetime.timezone.utc), 'age_days': 85}
https://github.com/quadracollision/automatic_shallot2, {'repo': 'quadracollision/automatic_shallot2', 'created_at': datetime.datetime(2025, 6, 1, 16, 9, 54, tzinfo=datetime.timezone.utc), 'target_date': datetime.datetime(2025, 6, 5, 3, 20, 22, tzinfo=datetime.timezone.utc), 'age_days': 3}
https://github.com/CodeDeficient/KarpeSlop, {'repo': 'CodeDeficient/KarpeSlop', 'created_at': datetime.datetime(2025, 11, 29, 19, 13, 32, tzinfo=datetime.timezone.utc), 'target_date': datetime.datetime(2025, 12, 7, 22, 35, 43, tzinfo=datetime.timezone.utc), 'age_days': 8}
https://github.com/jordicor/santa-claus-is-calling, {'repo': 'jordicor/santa-claus-is-calling', 'created_at': datetime.datetime(2025, 11, 26, 20, 44, 9, tzinfo=datetime.timezone.utc), 'target_date': datetime.datetime(2026, 2, 12, 20, 16, 59, tzinfo=datetime.timezone.utc), 'age_days': 77}
https://github.com/Addy-shetty/Vibe-Prompting, {'repo': 'Addy-shetty/Vibe-Prompting', 'created_at': datetime.datetime(2025, 11, 13, 7, 18, 4, tzinfo=datetime.timezone.utc), 'target_date': datetime.datetime(2026, 1, 24, 5, 18, 13, tzinfo=datetime.timezone.utc), 'age_days': 71}
https://github.com/joshbrew/3D_Fractals_Scale_Space, {'repo': 'joshbrew/3D_Fractals_Scale_Space', 'created_at': datetime.datetime(2025, 6, 10, 7, 55, 14, tzinfo=datetime.timezone.utc), 'target_date': datetime.datetime(2025, 11, 23, 18, 40, 42, tzinfo=datetime.timezone.utc), 'age_days': 166}
https://github.com/Lyellr88/MARM-Systems, {'repo': 'Lyellr88/MARM-Systems', 'created_at': datetime.datetime(2025, 6, 10, 6, 36, 49, tzinfo=datetime.timezone.utc), 'target_date': datetime.datetime(2026, 1, 24, 22, 13, 52, tzinfo=datetime.timezone.utc), 'age_days': 228}
https://github.com/dadbodgeoff/SwiftUIAudit, {'repo': 'dadbodgeoff/SwiftUIAudit', 'created_at': datetime.datetime(2025, 12, 21, 0, 13, 35, tzinfo=datetime.timezone.utc), 'target_date': datetime.datetime(2025, 12, 21, 0, 34, 16, tzinfo=datetime.timezone.utc), 'age_days': 0}
https://github.com/javiera-vasquez/claude-code-job-tailor, {'repo': 'javiera-vasquez/claude-code-job-tailor', 'created_at': datetime.datetime(2025, 9, 2, 13, 45, 41, tzinfo=datetime.timezone.utc), 'target_date': datetime.datetime(2025, 10, 28, 13, 36, 17, tzinfo=datetime.timezone.utc), 'age_days': 55}
https://github.com/mahmoudsamy7729/RAG-builder, {'repo': 'mahmoudsamy7729/RAG-builder', 'created_at': datetime.datetime(2025, 12, 24, 16, 17, 59, tzinfo=datetime.timezone.utc), 'target_date': datetime.datetime(2025, 12, 27, 20, 5, 43, tzinfo=datetime.timezone.utc), 'age_days': 3}
https://github.com/ObservedObserver/async-code, {'repo': 'ObservedObserver/async-code', 'created_at': datetime.datetime(2025, 6, 6, 13, 19, 35, tzinfo=datetime.timezone.utc), 'target_date': datetime.datetime(2025, 8, 4, 16, 59, 10, tzinfo=datetime.timezone.utc), 'age_days': 59}
https://github.com/dtlevin/cursor-project-rules, {'repo': 'dtlevin/cursor-project-rules', 'created_at': datetime.datetime(2025, 5, 7, 16, 37, 52, tzinfo=datetime.timezone.utc), 'target_date': datetime.datetime(2025, 5, 8, 2, 59, 9, tzinfo=datetime.timezone.utc), 'age_days': 0}
https://github.com/luca-liceti/TraceGuard-Privacy-Extension, {'repo': 'luca-liceti/TraceGuard-Privacy-Extension', 'created_at': datetime.datetime(2025, 8, 28, 20, 31, 13, tzinfo=datetime.timezone.utc), 'target_date': datetime.datetime(2025, 12, 20, 2, 36, 17, tzinfo=datetime.timezone.utc), 'age_days': 113}
https://github.com/anthonylee991/voice-recorder-app, {'repo': 'anthonylee991/voice-recorder-app', 'created_at': datetime.datetime(2025, 4, 12, 15, 24, 15, tzinfo=datetime.timezone.utc), 'target_date': datetime.datetime(2025, 4, 12, 15, 30, 22, tzinfo=datetime.timezone.utc), 'age_days': 0}
https://github.com/talvinder/carrot-ai-pm, {'repo': 'talvinder/carrot-ai-pm', 'created_at': datetime.datetime(2025, 5, 17, 14, 24, 20, tzinfo=datetime.timezone.utc), 'target_date': datetime.datetime(2025, 5, 28, 20, 41, 26, tzinfo=datetime.timezone.utc), 'age_days': 11}
https://github.com/DubblePumper/creepypastaAI, {'repo': 'DubblePumper/creepypastaAI', 'created_at': datetime.datetime(2025, 5, 26, 10, 11, 32, tzinfo=datetime.timezone.utc), 'target_date': datetime.datetime(2025, 6, 27, 19, 5, 46, tzinfo=datetime.timezone.utc), 'age_days': 32}
https://github.com/SaharCarmel/cline-metrics, {'repo': 'SaharCarmel/cline-metrics', 'created_at': datetime.datetime(2025, 6, 9, 20, 52, 9, tzinfo=datetime.timezone.utc), 'target_date': datetime.datetime(2025, 6, 10, 9, 16, 49, tzinfo=datetime.timezone.utc), 'age_days': 0}
https://github.com/seutje/neuromorphs, {'repo': 'seutje/neuromorphs', 'created_at': datetime.datetime(2025, 10, 1, 17, 31, 15, tzinfo=datetime.timezone.utc), 'target_date': datetime.datetime(2025, 11, 26, 14, 4, 44, tzinfo=datetime.timezone.utc), 'age_days': 55}
https://github.com/JoloWizz/SnippetBar, {'repo': 'JoloWizz/SnippetBar', 'created_at': datetime.datetime(2025, 11, 30, 18, 26, 41, tzinfo=datetime.timezone.utc), 'target_date': datetime.datetime(2025, 12, 2, 21, 6, 49, tzinfo=datetime.timezone.utc), 'age_days': 2}
https://github.com/veighnsche/Vibe_Copyleft, {'repo': 'veighnsche/Vibe_Copyleft', 'created_at': datetime.datetime(2025, 9, 8, 13, 9, 21, tzinfo=datetime.timezone.utc), 'target_date': datetime.datetime(2025, 9, 8, 14, 10, 53, tzinfo=datetime.timezone.utc), 'age_days': 0}
https://github.com/jenfarwell/vibe-emoji-language, {'repo': 'jenfarwell/vibe-emoji-language', 'created_at': datetime.datetime(2025, 9, 7, 22, 37, 32, tzinfo=datetime.timezone.utc), 'target_date': datetime.datetime(2025, 9, 7, 23, 27, 2, tzinfo=datetime.timezone.utc), 'age_days': 0}
https://github.com/sokinpui/itf.go, {'repo': 'sokinpui/itf.go', 'created_at': datetime.datetime(2025, 9, 8, 15, 49, 54, tzinfo=datetime.timezone.utc), 'target_date': datetime.datetime(2025, 12, 2, 1, 35, 52, tzinfo=datetime.timezone.utc), 'age_days': 84}
https://github.com/mcgaheypaycen/Notflix, {'repo': 'mcgaheypaycen/Notflix', 'created_at': datetime.datetime(2025, 7, 18, 22, 49, 35, tzinfo=datetime.timezone.utc), 'target_date': datetime.datetime(2025, 7, 18, 22, 56, 12, tzinfo=datetime.timezone.utc), 'age_days': 0}
https://github.com/zxdxjtu/dogtor, {'repo': 'zxdxjtu/dogtor', 'created_at': datetime.datetime(2025, 8, 10, 7, 15, 18, tzinfo=datetime.timezone.utc), 'target_date': datetime.datetime(2025, 8, 14, 9, 9, 14, tzinfo=datetime.timezone.utc), 'age_days': 4}
https://github.com/Lakr233/Sentry, {'repo': 'Lakr233/Sentry', 'created_at': datetime.datetime(2025, 5, 23, 18, 58, 19, tzinfo=datetime.timezone.utc), 'target_date': datetime.datetime(2026, 2, 27, 8, 37, 20, tzinfo=datetime.timezone.utc), 'age_days': 279}
https://github.com/plandex-ai/plandex, {'repo': 'plandex-ai/plandex', 'created_at': datetime.datetime(2023, 10, 24, 22, 11, 43, tzinfo=datetime.timezone.utc), 'target_date': datetime.datetime(2025, 10, 3, 21, 49, 54, tzinfo=datetime.timezone.utc), 'age_days': 709}
https://github.com/Zulelee/stock-images-mcp, {'repo': 'Zulelee/stock-images-mcp', 'created_at': datetime.datetime(2025, 8, 15, 19, 22, 29, tzinfo=datetime.timezone.utc), 'target_date': datetime.datetime(2025, 8, 19, 15, 3, 13, tzinfo=datetime.timezone.utc), 'age_days': 3}
https://github.com/ngtwolf/AI-Docs, {'repo': 'ngtwolf/AI-Docs', 'created_at': datetime.datetime(2025, 6, 28, 8, 3, 2, tzinfo=datetime.timezone.utc), 'target_date': datetime.datetime(2025, 10, 21, 19, 42, 14, tzinfo=datetime.timezone.utc), 'age_days': 115}
https://github.com/officebeats/matrix-iptv, {'repo': 'officebeats/matrix-iptv', 'created_at': datetime.datetime(2025, 12, 24, 23, 35, 14, tzinfo=datetime.timezone.utc), 'target_date': datetime.datetime(2026, 3, 10, 22, 3, 9, tzinfo=datetime.timezone.utc), 'age_days': 75}
https://github.com/mchen-lab/local-notes-mcp, {'repo': 'mchen-lab/local-notes-mcp', 'created_at': datetime.datetime(2025, 12, 20, 18, 6, 20, tzinfo=datetime.timezone.utc), 'target_date': datetime.datetime(2026, 1, 30, 0, 29, 35, tzinfo=datetime.timezone.utc), 'age_days': 40}
https://github.com/graphhopper/tsp-game, {'repo': 'graphhopper/tsp-game', 'created_at': datetime.datetime(2025, 12, 7, 17, 51, 28, tzinfo=datetime.timezone.utc), 'target_date': datetime.datetime(2025, 12, 9, 7, 37, 6, tzinfo=datetime.timezone.utc), 'age_days': 1}
https://github.com/normaltusker/kotlin-mcp-server, {'repo': 'normaltusker/kotlin-mcp-server', 'created_at': datetime.datetime(2025, 8, 8, 9, 17, 56, tzinfo=datetime.timezone.utc), 'target_date': datetime.datetime(2025, 9, 3, 6, 33, 17, tzinfo=datetime.timezone.utc), 'age_days': 25}
https://github.com/EgidioBezerra/GD-Downloader, {'repo': 'EgidioBezerra/GD-Downloader', 'created_at': datetime.datetime(2025, 10, 3, 0, 3, 40, tzinfo=datetime.timezone.utc), 'target_date': datetime.datetime(2025, 10, 9, 22, 20, 42, tzinfo=datetime.timezone.utc), 'age_days': 6}
https://github.com/popmechanic/finitude, {'repo': 'popmechanic/finitude', 'created_at': datetime.datetime(2025, 8, 20, 3, 46, 58, tzinfo=datetime.timezone.utc), 'target_date': datetime.datetime(2025, 8, 22, 17, 27, 23, tzinfo=datetime.timezone.utc), 'age_days': 2}
https://github.com/Hardvarisnotmyname/ideal-gas-particle-collision-2d, {'repo': 'Hardvarisnotmyname/ideal-gas-particle-collision-2d', 'created_at': datetime.datetime(2025, 8, 10, 14, 45, 30, tzinfo=datetime.timezone.utc), 'target_date': datetime.datetime(2025, 12, 14, 10, 1, 9, tzinfo=datetime.timezone.utc), 'age_days': 125}
https://github.com/neonwatty/kamal-quake, {'repo': 'neonwatty/kamal-quake', 'created_at': datetime.datetime(2024, 11, 12, 23, 7, 34, tzinfo=datetime.timezone.utc), 'target_date': datetime.datetime(2025, 12, 22, 8, 30, 51, tzinfo=datetime.timezone.utc), 'age_days': 404}
https://github.com/digitaladaption/claude-code-direct, {'repo': 'digitaladaption/claude-code-direct', 'created_at': datetime.datetime(2025, 7, 2, 9, 39, 37, tzinfo=datetime.timezone.utc), 'target_date': datetime.datetime(2025, 7, 2, 10, 29, 33, tzinfo=datetime.timezone.utc), 'age_days': 0}
https://github.com/borisvanschooten/webcogs-ai-toolkit, {'repo': 'borisvanschooten/webcogs-ai-toolkit', 'created_at': datetime.datetime(2025, 7, 5, 20, 31, 33, tzinfo=datetime.timezone.utc), 'target_date': datetime.datetime(2026, 2, 13, 8, 27, 25, tzinfo=datetime.timezone.utc), 'age_days': 222}
https://github.com/jfernandez/mdserve, {'repo': 'jfernandez/mdserve', 'created_at': datetime.datetime(2025, 9, 22, 4, 15, 44, tzinfo=datetime.timezone.utc), 'target_date': datetime.datetime(2026, 3, 8, 3, 29, 14, tzinfo=datetime.timezone.utc), 'age_days': 166}
https://github.com/fred-terzi/reqtext, {'repo': 'fred-terzi/reqtext', 'created_at': datetime.datetime(2025, 5, 26, 0, 49, 19, tzinfo=datetime.timezone.utc), 'target_date': datetime.datetime(2025, 6, 6, 0, 11, 33, tzinfo=datetime.timezone.utc), 'age_days': 10}
https://github.com/KukicVidan/vidan-tui-video-player, {'repo': 'KukicVidan/vidan-tui-video-player', 'created_at': datetime.datetime(2025, 5, 1, 1, 51, 47, tzinfo=datetime.timezone.utc), 'target_date': datetime.datetime(2025, 5, 1, 11, 35, 38, tzinfo=datetime.timezone.utc), 'age_days': 0}
https://github.com/grillsdev/grills, {'repo': 'grillsdev/grills', 'created_at': datetime.datetime(2025, 6, 22, 22, 10, 24, tzinfo=datetime.timezone.utc), 'target_date': datetime.datetime(2025, 11, 15, 9, 48, 1, tzinfo=datetime.timezone.utc), 'age_days': 145}
https://github.com/RockyHong/OopsTab, {'repo': 'RockyHong/OopsTab', 'created_at': datetime.datetime(2025, 4, 10, 0, 43, 30, tzinfo=datetime.timezone.utc), 'target_date': datetime.datetime(2025, 5, 20, 18, 24, 43, tzinfo=datetime.timezone.utc), 'age_days': 40}
https://github.com/justdoinc/justdo, {'repo': 'justdoinc/justdo', 'created_at': datetime.datetime(2024, 4, 22, 6, 1, 58, tzinfo=datetime.timezone.utc), 'target_date': datetime.datetime(2026, 2, 6, 3, 3, 53, tzinfo=datetime.timezone.utc), 'age_days': 654}
https://github.com/TanayK07/codeprint, {'repo': 'TanayK07/codeprint', 'created_at': datetime.datetime(2025, 8, 17, 15, 18, 22, tzinfo=datetime.timezone.utc), 'target_date': datetime.datetime(2025, 10, 1, 4, 54, 12, tzinfo=datetime.timezone.utc), 'age_days': 44}
https://github.com/muhammad1438/pixelateR, {'repo': 'muhammad1438/pixelateR', 'created_at': datetime.datetime(2025, 10, 6, 21, 14, 29, tzinfo=datetime.timezone.utc), 'target_date': datetime.datetime(2025, 10, 6, 21, 52, 45, tzinfo=datetime.timezone.utc), 'age_days': 0}
https://github.com/roeiba/forkMonkey, {'repo': 'roeiba/forkMonkey', 'created_at': datetime.datetime(2025, 11, 20, 16, 31, 42, tzinfo=datetime.timezone.utc), 'target_date': datetime.datetime(2026, 3, 11, 0, 18, 50, tzinfo=datetime.timezone.utc), 'age_days': 110}
https://github.com/indieceo/indiesaas, {'repo': 'indieceo/indiesaas', 'created_at': datetime.datetime(2025, 7, 3, 19, 20, 12, tzinfo=datetime.timezone.utc), 'target_date': datetime.datetime(2025, 11, 14, 9, 18, 24, tzinfo=datetime.timezone.utc), 'age_days': 133}
https://github.com/RAMCloudCode/contxtify, {'repo': 'RAMCloudCode/contxtify', 'created_at': datetime.datetime(2025, 10, 13, 9, 10, tzinfo=datetime.timezone.utc), 'target_date': datetime.datetime(2025, 10, 13, 11, 17, 33, tzinfo=datetime.timezone.utc), 'age_days': 0}
https://github.com/augiefra/ScreenSnap-Distribution, {'repo': 'augiefra/ScreenSnap-Distribution', 'created_at': datetime.datetime(2025, 11, 14, 8, 31, 3, tzinfo=datetime.timezone.utc), 'target_date': datetime.datetime(2025, 12, 1, 13, 24, 52, tzinfo=datetime.timezone.utc), 'age_days': 17}
https://github.com/djshaji/eva, {'repo': 'djshaji/eva', 'created_at': datetime.datetime(2025, 7, 16, 10, 46, 12, tzinfo=datetime.timezone.utc), 'target_date': datetime.datetime(2025, 9, 2, 8, 59, 38, tzinfo=datetime.timezone.utc), 'age_days': 47}
https://github.com/brainless/brainless.in, {'repo': 'brainless/brainless.in', 'created_at': datetime.datetime(2025, 8, 1, 17, 46, 28, tzinfo=datetime.timezone.utc), 'target_date': datetime.datetime(2025, 8, 12, 7, 42, 29, tzinfo=datetime.timezone.utc), 'age_days': 10}
https://github.com/samuelm2/svraster-webgl, {'repo': 'samuelm2/svraster-webgl', 'created_at': datetime.datetime(2025, 3, 25, 23, 43, 51, tzinfo=datetime.timezone.utc), 'target_date': datetime.datetime(2025, 4, 11, 0, 53, 28, tzinfo=datetime.timezone.utc), 'age_days': 16}
https://github.com/pomazanbohdan/party-for-company, {'repo': 'pomazanbohdan/party-for-company', 'created_at': datetime.datetime(2025, 12, 2, 22, 21, 18, tzinfo=datetime.timezone.utc), 'target_date': datetime.datetime(2025, 12, 3, 18, 0, 14, tzinfo=datetime.timezone.utc), 'age_days': 0}
https://github.com/august25dev/budget-buddy, {'repo': 'august25dev/budget-buddy', 'created_at': datetime.datetime(2025, 3, 7, 6, 52, 51, tzinfo=datetime.timezone.utc), 'target_date': datetime.datetime(2025, 4, 9, 6, 39, 2, tzinfo=datetime.timezone.utc), 'age_days': 32}
https://github.com/quantbuff/playdatepal, {'repo': 'quantbuff/playdatepal', 'created_at': datetime.datetime(2025, 10, 11, 23, 48, 10, tzinfo=datetime.timezone.utc), 'target_date': datetime.datetime(2025, 10, 11, 23, 47, 17, tzinfo=datetime.timezone.utc), 'age_days': -1}
https://github.com/leereilly/copilot-cam, {'repo': 'leereilly/copilot-cam', 'created_at': datetime.datetime(2025, 7, 17, 21, 57, 58, tzinfo=datetime.timezone.utc), 'target_date': datetime.datetime(2025, 10, 19, 5, 32, tzinfo=datetime.timezone.utc), 'age_days': 93}
https://github.com/swarajdhondge/digitalwellbeingpc, {'repo': 'swarajdhondge/digitalwellbeingpc', 'created_at': datetime.datetime(2025, 3, 28, 6, 54, 4, tzinfo=datetime.timezone.utc), 'target_date': datetime.datetime(2026, 1, 31, 7, 35, 1, tzinfo=datetime.timezone.utc), 'age_days': 309}
https://github.com/nairbv/vibecoder, {'repo': 'nairbv/vibecoder', 'created_at': datetime.datetime(2025, 4, 25, 23, 53, 23, tzinfo=datetime.timezone.utc), 'target_date': datetime.datetime(2025, 12, 31, 3, 39, 1, tzinfo=datetime.timezone.utc), 'age_days': 249}
https://github.com/paideia-lms/Paideia, {'repo': 'paideia-lms/Paideia', 'created_at': datetime.datetime(2025, 9, 22, 17, 3, 52, tzinfo=datetime.timezone.utc), 'target_date': datetime.datetime(2026, 3, 3, 23, 11, 41, tzinfo=datetime.timezone.utc), 'age_days': 162}
https://github.com/ClaudiuJitea/NutritionAI, {'repo': 'ClaudiuJitea/NutritionAI', 'created_at': datetime.datetime(2025, 6, 14, 9, 28, 12, tzinfo=datetime.timezone.utc), 'target_date': datetime.datetime(2025, 7, 6, 18, 57, 35, tzinfo=datetime.timezone.utc), 'age_days': 22}
https://github.com/RmaNMetaverse/RmaNDance3D, {'repo': 'RmaNMetaverse/RmaNDance3D', 'created_at': datetime.datetime(2025, 6, 11, 3, 1, 50, tzinfo=datetime.timezone.utc), 'target_date': datetime.datetime(2025, 6, 11, 12, 54, 6, tzinfo=datetime.timezone.utc), 'age_days': 0}
https://github.com/ColinEberhardt/kartlog, {'repo': 'ColinEberhardt/kartlog', 'created_at': datetime.datetime(2025, 10, 9, 16, 30, 34, tzinfo=datetime.timezone.utc), 'target_date': datetime.datetime(2026, 2, 16, 14, 50, 13, tzinfo=datetime.timezone.utc), 'age_days': 129}
https://github.com/adolfousier/keyguard-ai-scan, {'repo': 'adolfousier/keyguard-ai-scan', 'created_at': datetime.datetime(2025, 6, 13, 23, 21, 10, tzinfo=datetime.timezone.utc), 'target_date': datetime.datetime(2025, 10, 4, 21, 6, 22, tzinfo=datetime.timezone.utc), 'age_days': 112}
https://github.com/yagizdas/phi-delta, {'repo': 'yagizdas/phi-delta', 'created_at': datetime.datetime(2025, 7, 6, 10, 31, 26, tzinfo=datetime.timezone.utc), 'target_date': datetime.datetime(2025, 8, 20, 11, 13, 23, tzinfo=datetime.timezone.utc), 'age_days': 45}
https://github.com/openconstruct/llamaedit, {'repo': 'openconstruct/llamaedit', 'created_at': datetime.datetime(2025, 4, 12, 7, 56, 12, tzinfo=datetime.timezone.utc), 'target_date': datetime.datetime(2025, 4, 14, 21, 31, 49, tzinfo=datetime.timezone.utc), 'age_days': 2}
https://github.com/WilliamAvHolmberg/cesium-flight-simulator, {'repo': 'WilliamAvHolmberg/cesium-flight-simulator', 'created_at': datetime.datetime(2025, 10, 21, 9, 52, 48, tzinfo=datetime.timezone.utc), 'target_date': datetime.datetime(2025, 10, 28, 5, 50, 55, tzinfo=datetime.timezone.utc), 'age_days': 6}
https://github.com/RogueCtrl/Descent-Cyber-Wizardry, {'repo': 'RogueCtrl/Descent-Cyber-Wizardry', 'created_at': datetime.datetime(2025, 7, 6, 5, 57, 3, tzinfo=datetime.timezone.utc), 'target_date': datetime.datetime(2026, 2, 21, 14, 21, 1, tzinfo=datetime.timezone.utc), 'age_days': 230}
https://github.com/mopsicus/downloader-tv, {'repo': 'mopsicus/downloader-tv', 'created_at': datetime.datetime(2025, 10, 31, 16, 30, 8, tzinfo=datetime.timezone.utc), 'target_date': datetime.datetime(2025, 10, 31, 16, 37, 8, tzinfo=datetime.timezone.utc), 'age_days': 0}
https://github.com/Gupta-Aniket/file-context, {'repo': 'Gupta-Aniket/file-context', 'created_at': datetime.datetime(2025, 6, 13, 11, 47, 22, tzinfo=datetime.timezone.utc), 'target_date': datetime.datetime(2025, 6, 27, 4, 15, 10, tzinfo=datetime.timezone.utc), 'age_days': 13}
https://github.com/bemmerzaal/garansy-rp, {'repo': 'bemmerzaal/garansy-rp', 'created_at': datetime.datetime(2025, 6, 14, 13, 50, 20, tzinfo=datetime.timezone.utc), 'target_date': datetime.datetime(2025, 6, 14, 13, 51, 47, tzinfo=datetime.timezone.utc), 'age_days': 0}
https://github.com/fwdslsh/dispatch, {'repo': 'fwdslsh/dispatch', 'created_at': datetime.datetime(2025, 8, 25, 2, 44, 35, tzinfo=datetime.timezone.utc), 'target_date': datetime.datetime(2025, 12, 16, 18, 41, 15, tzinfo=datetime.timezone.utc), 'age_days': 113}
https://github.com/Aldhanekaa/ShadcnVaults, {'repo': 'Aldhanekaa/ShadcnVaults', 'created_at': datetime.datetime(2025, 6, 19, 14, 6, 51, tzinfo=datetime.timezone.utc), 'target_date': datetime.datetime(2025, 7, 30, 6, 14, 9, tzinfo=datetime.timezone.utc), 'age_days': 40}
https://github.com/actyra/conversation-viewer, {'repo': 'actyra/conversation-viewer', 'created_at': datetime.datetime(2025, 12, 11, 23, 13, 27, tzinfo=datetime.timezone.utc), 'target_date': datetime.datetime(2025, 12, 12, 0, 32, 14, tzinfo=datetime.timezone.utc), 'age_days': 0}
https://github.com/smalltransfers/ai-starter, {'repo': 'smalltransfers/ai-starter', 'created_at': datetime.datetime(2025, 9, 17, 17, 2, 20, tzinfo=datetime.timezone.utc), 'target_date': datetime.datetime(2025, 12, 7, 3, 3, 2, tzinfo=datetime.timezone.utc), 'age_days': 80}
https://github.com/erencanakyuz/ContextLLM, {'repo': 'erencanakyuz/ContextLLM', 'created_at': datetime.datetime(2025, 7, 11, 19, 25, 55, tzinfo=datetime.timezone.utc), 'target_date': datetime.datetime(2025, 7, 11, 21, 9, 1, tzinfo=datetime.timezone.utc), 'age_days': 0}
https://github.com/stravu/crystal, {'repo': 'stravu/crystal', 'created_at': datetime.datetime(2025, 6, 5, 23, 54, 39, tzinfo=datetime.timezone.utc), 'target_date': datetime.datetime(2026, 2, 26, 21, 44, 9, tzinfo=datetime.timezone.utc), 'age_days': 265}
https://github.com/hooosberg/WitNote, {'repo': 'hooosberg/WitNote', 'created_at': datetime.datetime(2025, 12, 17, 7, 49, 48, tzinfo=datetime.timezone.utc), 'target_date': datetime.datetime(2026, 1, 17, 2, 28, 40, tzinfo=datetime.timezone.utc), 'age_days': 30}
https://github.com/JoeInnsp23/claude-glm-wrapper, {'repo': 'JoeInnsp23/claude-glm-wrapper', 'created_at': datetime.datetime(2025, 9, 29, 22, 0, 10, tzinfo=datetime.timezone.utc), 'target_date': datetime.datetime(2025, 11, 2, 3, 15, 46, tzinfo=datetime.timezone.utc), 'age_days': 33}
https://github.com/theSoberSobber/election-bot, {'repo': 'theSoberSobber/election-bot', 'created_at': datetime.datetime(2025, 8, 25, 5, 39, 46, tzinfo=datetime.timezone.utc), 'target_date': datetime.datetime(2025, 8, 25, 16, 0, 26, tzinfo=datetime.timezone.utc), 'age_days': 0}
https://github.com/kaushikgopal/ff-container-traffic-control, {'repo': 'kaushikgopal/ff-container-traffic-control', 'created_at': datetime.datetime(2025, 9, 18, 17, 14, 38, tzinfo=datetime.timezone.utc), 'target_date': datetime.datetime(2026, 2, 6, 0, 23, 12, tzinfo=datetime.timezone.utc), 'age_days': 140}
https://github.com/Aqualia/Alph, {'repo': 'Aqualia/Alph', 'created_at': datetime.datetime(2025, 8, 28, 20, 12, 23, tzinfo=datetime.timezone.utc), 'target_date': datetime.datetime(2026, 1, 22, 9, 9, 24, tzinfo=datetime.timezone.utc), 'age_days': 146}
https://github.com/Courage-1984/Dataset-Forge, {'repo': 'Courage-1984/Dataset-Forge', 'created_at': datetime.datetime(2025, 5, 30, 11, 13, 9, tzinfo=datetime.timezone.utc), 'target_date': datetime.datetime(2025, 8, 12, 22, 37, 30, tzinfo=datetime.timezone.utc), 'age_days': 74}
https://github.com/kabir-21/sami-vs-moiz, {'repo': 'kabir-21/sami-vs-moiz', 'created_at': datetime.datetime(2025, 11, 26, 10, 8, 19, tzinfo=datetime.timezone.utc), 'target_date': datetime.datetime(2025, 11, 26, 10, 7, 45, tzinfo=datetime.timezone.utc), 'age_days': -1}
https://github.com/skinnerboxentertainment/VibeCodeTrisMVP, {'repo': 'skinnerboxentertainment/VibeCodeTrisMVP', 'created_at': datetime.datetime(2025, 11, 18, 21, 20, 42, tzinfo=datetime.timezone.utc), 'target_date': datetime.datetime(2025, 11, 21, 18, 4, 47, tzinfo=datetime.timezone.utc), 'age_days': 2}
https://github.com/fr4iser90/NoServerConvert, {'repo': 'fr4iser90/NoServerConvert', 'created_at': datetime.datetime(2025, 6, 15, 18, 19, 23, tzinfo=datetime.timezone.utc), 'target_date': datetime.datetime(2025, 6, 19, 18, 55, 3, tzinfo=datetime.timezone.utc), 'age_days': 4}
https://github.com/josharmour/mtga-voice-assistant, {'repo': 'josharmour/mtga-voice-assistant', 'created_at': datetime.datetime(2025, 10, 30, 19, 27, 32, tzinfo=datetime.timezone.utc), 'target_date': datetime.datetime(2026, 2, 20, 21, 23, 50, tzinfo=datetime.timezone.utc), 'age_days': 113}
https://github.com/SamVellaUK/jsonBrowser, {'repo': 'SamVellaUK/jsonBrowser', 'created_at': datetime.datetime(2025, 4, 11, 14, 2, 6, tzinfo=datetime.timezone.utc), 'target_date': datetime.datetime(2025, 10, 8, 20, 2, 19, tzinfo=datetime.timezone.utc), 'age_days': 180}
https://github.com/vsumpi/image-to-pixelgrid, {'repo': 'vsumpi/image-to-pixelgrid', 'created_at': datetime.datetime(2025, 8, 15, 12, 40, 45, tzinfo=datetime.timezone.utc), 'target_date': datetime.datetime(2025, 8, 20, 18, 44, 24, tzinfo=datetime.timezone.utc), 'age_days': 5}
https://github.com/PleasePrompto/notebooklm-mcp, {'repo': 'PleasePrompto/notebooklm-mcp', 'created_at': datetime.datetime(2025, 10, 16, 11, 59, 47, tzinfo=datetime.timezone.utc), 'target_date': datetime.datetime(2025, 12, 27, 3, 47, 29, tzinfo=datetime.timezone.utc), 'age_days': 71}
https://github.com/longtail-labs/slide.code, {'repo': 'longtail-labs/slide.code', 'created_at': datetime.datetime(2025, 7, 3, 3, 48, 45, tzinfo=datetime.timezone.utc), 'target_date': datetime.datetime(2025, 8, 20, 14, 39, 42, tzinfo=datetime.timezone.utc), 'age_days': 48}
https://github.com/RickyHoHo/GPT-Burger, {'repo': 'RickyHoHo/GPT-Burger', 'created_at': datetime.datetime(2025, 8, 17, 17, 13, 14, tzinfo=datetime.timezone.utc), 'target_date': datetime.datetime(2025, 8, 17, 18, 10, 51, tzinfo=datetime.timezone.utc), 'age_days': 0}
https://github.com/breschio/drawbridge, {'repo': 'breschio/drawbridge', 'created_at': datetime.datetime(2025, 7, 8, 14, 57, 32, tzinfo=datetime.timezone.utc), 'target_date': datetime.datetime(2026, 1, 4, 13, 52, 35, tzinfo=datetime.timezone.utc), 'age_days': 179}
https://github.com/Intro0siddiqui/token-counter-server, {'repo': 'Intro0siddiqui/token-counter-server', 'created_at': datetime.datetime(2025, 7, 31, 15, 24, 40, tzinfo=datetime.timezone.utc), 'target_date': datetime.datetime(2025, 10, 7, 14, 29, 3, tzinfo=datetime.timezone.utc), 'age_days': 67}
https://github.com/SohniSwatantra/OpenRepLove, {'repo': 'SohniSwatantra/OpenRepLove', 'created_at': datetime.datetime(2025, 7, 8, 21, 55, 9, tzinfo=datetime.timezone.utc), 'target_date': datetime.datetime(2025, 7, 8, 22, 13, 2, tzinfo=datetime.timezone.utc), 'age_days': 0}
https://github.com/magicink/twine-campfire, {'repo': 'magicink/twine-campfire', 'created_at': datetime.datetime(2025, 7, 30, 23, 24, 45, tzinfo=datetime.timezone.utc), 'target_date': datetime.datetime(2025, 10, 9, 16, 17, 9, tzinfo=datetime.timezone.utc), 'age_days': 70}
https://github.com/yardimli/SmartCodePrompts, {'repo': 'yardimli/SmartCodePrompts', 'created_at': datetime.datetime(2025, 7, 3, 7, 32, 29, tzinfo=datetime.timezone.utc), 'target_date': datetime.datetime(2025, 9, 20, 6, 13, 28, tzinfo=datetime.timezone.utc), 'age_days': 78}
https://github.com/WilliamAvHolmberg/vibecodementor, {'repo': 'WilliamAvHolmberg/vibecodementor', 'created_at': datetime.datetime(2025, 7, 1, 14, 15, 19, tzinfo=datetime.timezone.utc), 'target_date': datetime.datetime(2025, 8, 20, 11, 26, 56, tzinfo=datetime.timezone.utc), 'age_days': 49}
https://github.com/m1rl0k/Context-Engine, {'repo': 'm1rl0k/Context-Engine', 'created_at': datetime.datetime(2025, 10, 8, 22, 34, 56, tzinfo=datetime.timezone.utc), 'target_date': datetime.datetime(2026, 3, 4, 13, 14, 12, tzinfo=datetime.timezone.utc), 'age_days': 146}
https://github.com/edxeth/parakeet-dictation, {'repo': 'edxeth/parakeet-dictation', 'created_at': datetime.datetime(2025, 10, 6, 17, 47, 6, tzinfo=datetime.timezone.utc), 'target_date': datetime.datetime(2025, 10, 6, 20, 4, 59, tzinfo=datetime.timezone.utc), 'age_days': 0}
https://github.com/truegoodcraft/TGC-BUS-Core, {'repo': 'truegoodcraft/TGC-BUS-Core', 'created_at': datetime.datetime(2025, 10, 11, 18, 36, 39, tzinfo=datetime.timezone.utc), 'target_date': datetime.datetime(2026, 3, 10, 19, 12, 58, tzinfo=datetime.timezone.utc), 'age_days': 150}
https://github.com/mhingston/keystone-cli, {'repo': 'mhingston/keystone-cli', 'created_at': datetime.datetime(2025, 12, 18, 12, 1, 58, tzinfo=datetime.timezone.utc), 'target_date': datetime.datetime(2026, 1, 23, 13, 49, 12, tzinfo=datetime.timezone.utc), 'age_days': 36}
https://github.com/brainless/letsorder, {'repo': 'brainless/letsorder', 'created_at': datetime.datetime(2025, 7, 31, 2, 33, 38, tzinfo=datetime.timezone.utc), 'target_date': datetime.datetime(2025, 8, 22, 10, 7, 46, tzinfo=datetime.timezone.utc), 'age_days': 22}
https://github.com/vishnupriyanpr/Terminal-Pal, {'repo': 'vishnupriyanpr/Terminal-Pal', 'created_at': datetime.datetime(2025, 7, 16, 6, 39, 55, tzinfo=datetime.timezone.utc), 'target_date': datetime.datetime(2026, 2, 5, 10, 28, 55, tzinfo=datetime.timezone.utc), 'age_days': 204}
https://github.com/davialabs/davia, {'repo': 'davialabs/davia', 'created_at': datetime.datetime(2025, 11, 5, 2, 56, 20, tzinfo=datetime.timezone.utc), 'target_date': datetime.datetime(2026, 1, 19, 15, 31, 11, tzinfo=datetime.timezone.utc), 'age_days': 75}
https://github.com/menelly/liberation, {'repo': 'menelly/liberation', 'created_at': datetime.datetime(2025, 7, 28, 11, 59, 46, tzinfo=datetime.timezone.utc), 'target_date': datetime.datetime(2026, 2, 23, 21, 47, 35, tzinfo=datetime.timezone.utc), 'age_days': 210}
https://github.com/OlivierKodaii/calendarKodaii, {'repo': 'OlivierKodaii/calendarKodaii', 'created_at': datetime.datetime(2025, 11, 9, 18, 37, 43, tzinfo=datetime.timezone.utc), 'target_date': datetime.datetime(2025, 11, 25, 23, 8, 45, tzinfo=datetime.timezone.utc), 'age_days': 16}
https://github.com/saharmor/simulatedev, {'repo': 'saharmor/simulatedev', 'created_at': datetime.datetime(2025, 3, 24, 22, 51, 22, tzinfo=datetime.timezone.utc), 'target_date': datetime.datetime(2025, 9, 12, 2, 53, 3, tzinfo=datetime.timezone.utc), 'age_days': 171}
https://github.com/bookcard-io/bookcard, {'repo': 'bookcard-io/bookcard', 'created_at': datetime.datetime(2025, 12, 17, 21, 41, 27, tzinfo=datetime.timezone.utc), 'target_date': datetime.datetime(2026, 3, 10, 10, 7, 51, tzinfo=datetime.timezone.utc), 'age_days': 82}
https://github.com/uditk2/multimodalagentframework, {'repo': 'uditk2/multimodalagentframework', 'created_at': datetime.datetime(2025, 9, 16, 5, 27, 29, tzinfo=datetime.timezone.utc), 'target_date': datetime.datetime(2025, 10, 7, 14, 52, 43, tzinfo=datetime.timezone.utc), 'age_days': 21}
https://github.com/jordicor/ai-json-cleanroom-php, {'repo': 'jordicor/ai-json-cleanroom-php', 'created_at': datetime.datetime(2025, 11, 19, 4, 56, 34, tzinfo=datetime.timezone.utc), 'target_date': datetime.datetime(2025, 11, 24, 6, 0, 35, tzinfo=datetime.timezone.utc), 'age_days': 5}
https://github.com/007rudra007/hangar, {'repo': '007rudra007/hangar', 'created_at': datetime.datetime(2025, 12, 19, 13, 47, 39, tzinfo=datetime.timezone.utc), 'target_date': datetime.datetime(2025, 12, 19, 15, 23, 33, tzinfo=datetime.timezone.utc), 'age_days': 0}
https://github.com/Sriram-PR/loci-mobile, {'repo': 'Sriram-PR/loci-mobile', 'created_at': datetime.datetime(2025, 12, 23, 13, 20, 30, tzinfo=datetime.timezone.utc), 'target_date': datetime.datetime(2025, 12, 23, 16, 59, 38, tzinfo=datetime.timezone.utc), 'age_days': 0}
https://github.com/ecappa/ubuntuQuickUserSwitcher, {'repo': 'ecappa/ubuntuQuickUserSwitcher', 'created_at': datetime.datetime(2025, 9, 25, 17, 52, 23, tzinfo=datetime.timezone.utc), 'target_date': datetime.datetime(2025, 10, 2, 21, 42, 30, tzinfo=datetime.timezone.utc), 'age_days': 7}
https://github.com/antifantifa/ds4-midi-converter, {'repo': 'antifantifa/ds4-midi-converter', 'created_at': datetime.datetime(2025, 11, 22, 15, 1, 53, tzinfo=datetime.timezone.utc), 'target_date': datetime.datetime(2025, 11, 23, 12, 35, 52, tzinfo=datetime.timezone.utc), 'age_days': 0}
https://github.com/haramishra/mcp-unsplash, {'repo': 'haramishra/mcp-unsplash', 'created_at': datetime.datetime(2025, 7, 4, 20, 39, 54, tzinfo=datetime.timezone.utc), 'target_date': datetime.datetime(2025, 7, 5, 17, 7, 32, tzinfo=datetime.timezone.utc), 'age_days': 0}
https://github.com/13pathak/AI-Popup-Infopedia, {'repo': '13pathak/AI-Popup-Infopedia', 'created_at': datetime.datetime(2025, 10, 23, 0, 44, 52, tzinfo=datetime.timezone.utc), 'target_date': datetime.datetime(2026, 3, 11, 8, 34, 7, tzinfo=datetime.timezone.utc), 'age_days': 139}
https://github.com/hh54188/ai-assistant-chrome-extension, {'repo': 'hh54188/ai-assistant-chrome-extension', 'created_at': datetime.datetime(2025, 8, 30, 15, 24, 48, tzinfo=datetime.timezone.utc), 'target_date': datetime.datetime(2026, 2, 1, 16, 36, 9, tzinfo=datetime.timezone.utc), 'age_days': 155}
https://github.com/SoumyaEXE/3d-Solar-System-ThreeJS, {'repo': 'SoumyaEXE/3d-Solar-System-ThreeJS', 'created_at': datetime.datetime(2025, 7, 28, 15, 17, 22, tzinfo=datetime.timezone.utc), 'target_date': datetime.datetime(2025, 11, 28, 0, 57, 30, tzinfo=datetime.timezone.utc), 'age_days': 122}
https://github.com/HeroTools/open-wispr, {'repo': 'HeroTools/open-wispr', 'created_at': datetime.datetime(2025, 6, 19, 0, 58, 14, tzinfo=datetime.timezone.utc), 'target_date': datetime.datetime(2026, 3, 5, 19, 38, 56, tzinfo=datetime.timezone.utc), 'age_days': 259}
https://github.com/NinjaBeameR/2ools, {'repo': 'NinjaBeameR/2ools', 'created_at': datetime.datetime(2025, 10, 10, 18, 59, 12, tzinfo=datetime.timezone.utc), 'target_date': datetime.datetime(2025, 12, 27, 18, 42, 4, tzinfo=datetime.timezone.utc), 'age_days': 77}
https://github.com/Shashankss1205/CodeGraphContext, {'repo': 'Shashankss1205/CodeGraphContext', 'created_at': datetime.datetime(2025, 8, 16, 19, 20, 31, tzinfo=datetime.timezone.utc), 'target_date': datetime.datetime(2026, 3, 11, 15, 6, 34, tzinfo=datetime.timezone.utc), 'age_days': 206}
https://github.com/Abhinav1416/coding-platform, {'repo': 'Abhinav1416/coding-platform', 'created_at': datetime.datetime(2025, 9, 7, 14, 3, 50, tzinfo=datetime.timezone.utc), 'target_date': datetime.datetime(2025, 10, 26, 9, 34, 42, tzinfo=datetime.timezone.utc), 'age_days': 48}
https://github.com/PoRiFiRo123/gitread, {'repo': 'PoRiFiRo123/gitread', 'created_at': datetime.datetime(2025, 10, 24, 18, 17, tzinfo=datetime.timezone.utc), 'target_date': datetime.datetime(2025, 10, 28, 14, 43, 51, tzinfo=datetime.timezone.utc), 'age_days': 3}
https://github.com/wonderchatai/labubu-game, {'repo': 'wonderchatai/labubu-game', 'created_at': datetime.datetime(2025, 10, 4, 23, 34, 14, tzinfo=datetime.timezone.utc), 'target_date': datetime.datetime(2025, 10, 19, 15, 28, 25, tzinfo=datetime.timezone.utc), 'age_days': 14}
https://github.com/Abil-Shrestha/tracer, {'repo': 'Abil-Shrestha/tracer', 'created_at': datetime.datetime(2025, 10, 15, 14, 32, 24, tzinfo=datetime.timezone.utc), 'target_date': datetime.datetime(2025, 10, 21, 14, 59, 54, tzinfo=datetime.timezone.utc), 'age_days': 6}
https://github.com/yayoboy/pac-track, {'repo': 'yayoboy/pac-track', 'created_at': datetime.datetime(2025, 10, 11, 14, 17, 25, tzinfo=datetime.timezone.utc), 'target_date': datetime.datetime(2025, 10, 11, 14, 19, 18, tzinfo=datetime.timezone.utc), 'age_days': 0}
https://github.com/AgiFlow/openskill, {'repo': 'AgiFlow/openskill', 'created_at': datetime.datetime(2025, 10, 20, 6, 42, 34, tzinfo=datetime.timezone.utc), 'target_date': datetime.datetime(2025, 11, 19, 11, 42, 23, tzinfo=datetime.timezone.utc), 'age_days': 30}
https://github.com/sjackp/r2-gallery?utm_source=chatgpt.com, {'repo': 'sjackp/r2-gallery?utm_source=chatgpt.com', 'created_at': datetime.datetime(2025, 9, 8, 21, 44, 48, tzinfo=datetime.timezone.utc), 'target_date': datetime.datetime(2025, 9, 9, 23, 28, 31, tzinfo=datetime.timezone.utc), 'age_days': 1}
https://github.com/acroz3n/Ben-s-Software-, {'repo': 'acroz3n/Ben-s-Software-', 'created_at': datetime.datetime(2024, 12, 27, 23, 3, 25, tzinfo=datetime.timezone.utc), 'target_date': datetime.datetime(2026, 2, 25, 17, 57, 18, tzinfo=datetime.timezone.utc), 'age_days': 424}
https://github.com/mobile-next/mobile-mcp, {'repo': 'mobile-next/mobile-mcp', 'created_at': datetime.datetime(2025, 3, 28, 16, 21, 6, tzinfo=datetime.timezone.utc), 'target_date': datetime.datetime(2026, 3, 11, 10, 37, 19, tzinfo=datetime.timezone.utc), 'age_days': 347}
https://github.com/murderszn/riverside, {'repo': 'murderszn/riverside', 'created_at': datetime.datetime(2025, 10, 25, 16, 49, 10, tzinfo=datetime.timezone.utc), 'target_date': datetime.datetime(2025, 10, 28, 0, 22, 46, tzinfo=datetime.timezone.utc), 'age_days': 2}
https://github.com/erluxman/Productive-Browser, {'repo': 'erluxman/Productive-Browser', 'created_at': datetime.datetime(2025, 3, 21, 11, 35, 3, tzinfo=datetime.timezone.utc), 'target_date': datetime.datetime(2025, 3, 21, 17, 2, 25, tzinfo=datetime.timezone.utc), 'age_days': 0}
https://github.com/sdrasco/jobbee, {'repo': 'sdrasco/jobbee', 'created_at': datetime.datetime(2025, 9, 13, 10, 31, 47, tzinfo=datetime.timezone.utc), 'target_date': datetime.datetime(2025, 10, 27, 10, 48, 15, tzinfo=datetime.timezone.utc), 'age_days': 44}
https://github.com/lagduck/AI-protocols, {'repo': 'lagduck/AI-protocols', 'created_at': datetime.datetime(2025, 11, 26, 14, 38, 28, tzinfo=datetime.timezone.utc), 'target_date': datetime.datetime(2025, 11, 26, 15, 3, 37, tzinfo=datetime.timezone.utc), 'age_days': 0}
https://github.com/halfaipg/project-board, {'repo': 'halfaipg/project-board', 'created_at': datetime.datetime(2025, 6, 11, 17, 27, 56, tzinfo=datetime.timezone.utc), 'target_date': datetime.datetime(2025, 6, 12, 14, 21, 58, tzinfo=datetime.timezone.utc), 'age_days': 0}
https://github.com/hellrae/saas-starter, {'repo': 'hellrae/saas-starter', 'created_at': datetime.datetime(2025, 11, 4, 3, 37, 16, tzinfo=datetime.timezone.utc), 'target_date': datetime.datetime(2025, 12, 16, 10, 49, 15, tzinfo=datetime.timezone.utc), 'age_days': 42}
https://github.com/mdrzn/claude-screenshot-uploader, {'repo': 'mdrzn/claude-screenshot-uploader', 'created_at': datetime.datetime(2025, 9, 10, 13, 53, tzinfo=datetime.timezone.utc), 'target_date': datetime.datetime(2025, 9, 10, 13, 57, 2, tzinfo=datetime.timezone.utc), 'age_days': 0}
https://github.com/OptikR/OptikR, {'repo': 'OptikR/OptikR', 'created_at': datetime.datetime(2025, 11, 20, 14, 47, 48, tzinfo=datetime.timezone.utc), 'target_date': datetime.datetime(2026, 2, 19, 15, 21, 52, tzinfo=datetime.timezone.utc), 'age_days': 91}
https://github.com/agileandy/prompt-manager, {'repo': 'agileandy/prompt-manager', 'created_at': datetime.datetime(2025, 5, 28, 8, 43, 25, tzinfo=datetime.timezone.utc), 'target_date': datetime.datetime(2025, 6, 4, 7, 12, 42, tzinfo=datetime.timezone.utc), 'age_days': 6}
https://github.com/KwaminaWhyte/db-hive, {'repo': 'KwaminaWhyte/db-hive', 'created_at': datetime.datetime(2025, 11, 18, 16, 39, 11, tzinfo=datetime.timezone.utc), 'target_date': datetime.datetime(2026, 3, 10, 17, 41, 47, tzinfo=datetime.timezone.utc), 'age_days': 112}
https://github.com/DavidMcKay223/BulkCarnageIQ, {'repo': 'DavidMcKay223/BulkCarnageIQ', 'created_at': datetime.datetime(2025, 4, 16, 21, 43, 36, tzinfo=datetime.timezone.utc), 'target_date': datetime.datetime(2025, 8, 21, 0, 37, 35, tzinfo=datetime.timezone.utc), 'age_days': 126}
https://github.com/BrunoV21/CodeTide, {'repo': 'BrunoV21/CodeTide', 'created_at': datetime.datetime(2025, 5, 11, 15, 17, 49, tzinfo=datetime.timezone.utc), 'target_date': datetime.datetime(2025, 12, 29, 0, 12, 21, tzinfo=datetime.timezone.utc), 'age_days': 231}
https://github.com/recreate-run/mix, {'repo': 'recreate-run/mix', 'created_at': datetime.datetime(2025, 7, 20, 15, 43, 57, tzinfo=datetime.timezone.utc), 'target_date': datetime.datetime(2025, 12, 11, 17, 44, 41, tzinfo=datetime.timezone.utc), 'age_days': 144}
https://github.com/b3p3k0/coords, {'repo': 'b3p3k0/coords', 'created_at': datetime.datetime(2025, 8, 27, 2, 27, 16, tzinfo=datetime.timezone.utc), 'target_date': datetime.datetime(2025, 9, 6, 21, 9, 49, tzinfo=datetime.timezone.utc), 'age_days': 10}
https://github.com/WenheLI/PokerHandEvaluator-wasm, {'repo': 'WenheLI/PokerHandEvaluator-wasm', 'created_at': datetime.datetime(2025, 5, 7, 5, 32, 25, tzinfo=datetime.timezone.utc), 'target_date': datetime.datetime(2025, 5, 8, 2, 37, 36, tzinfo=datetime.timezone.utc), 'age_days': 0}
https://github.com/CodeHappenz/openrouter-claude-chat, {'repo': 'CodeHappenz/openrouter-claude-chat', 'created_at': datetime.datetime(2025, 12, 15, 7, 25, 30, tzinfo=datetime.timezone.utc), 'target_date': datetime.datetime(2025, 12, 15, 7, 26, 5, tzinfo=datetime.timezone.utc), 'age_days': 0}
https://github.com/runkids/PackageFlow, {'repo': 'runkids/PackageFlow', 'created_at': datetime.datetime(2025, 12, 9, 19, 9, 31, tzinfo=datetime.timezone.utc), 'target_date': datetime.datetime(2026, 1, 9, 8, 39, 19, tzinfo=datetime.timezone.utc), 'age_days': 30}
https://github.com/RezaHoque/phosphor-omp-theme, {'repo': 'RezaHoque/phosphor-omp-theme', 'created_at': datetime.datetime(2025, 12, 21, 12, 55, 13, tzinfo=datetime.timezone.utc), 'target_date': datetime.datetime(2025, 12, 24, 9, 16, 16, tzinfo=datetime.timezone.utc), 'age_days': 2}
https://github.com/vaibhav-mattoo/cxt, {'repo': 'vaibhav-mattoo/cxt', 'created_at': datetime.datetime(2025, 7, 2, 22, 20, 10, tzinfo=datetime.timezone.utc), 'target_date': datetime.datetime(2025, 8, 12, 1, 32, 8, tzinfo=datetime.timezone.utc), 'age_days': 40}
https://github.com/arccoxx/topoKEMP, {'repo': 'arccoxx/topoKEMP', 'created_at': datetime.datetime(2025, 8, 27, 22, 53, 26, tzinfo=datetime.timezone.utc), 'target_date': datetime.datetime(2025, 12, 20, 1, 52, 41, tzinfo=datetime.timezone.utc), 'age_days': 114}
https://github.com/srkorwho/cheap-gpt.xyz, {'repo': 'srkorwho/cheap-gpt.xyz', 'created_at': datetime.datetime(2025, 10, 7, 6, 10, 32, tzinfo=datetime.timezone.utc), 'target_date': datetime.datetime(2025, 10, 7, 17, 27, 23, tzinfo=datetime.timezone.utc), 'age_days': 0}
https://github.com/ArtixJP/twitch-plays-claude, {'repo': 'ArtixJP/twitch-plays-claude', 'created_at': datetime.datetime(2025, 12, 21, 15, 50, 58, tzinfo=datetime.timezone.utc), 'target_date': datetime.datetime(2025, 12, 25, 14, 9, 12, tzinfo=datetime.timezone.utc), 'age_days': 3}
https://github.com/rbee-keeper/rbee, {'repo': 'rbee-keeper/rbee', 'created_at': datetime.datetime(2025, 9, 14, 23, 21, 27, tzinfo=datetime.timezone.utc), 'target_date': datetime.datetime(2025, 12, 12, 10, 28, 12, tzinfo=datetime.timezone.utc), 'age_days': 88}
https://github.com/WilliamAvHolmberg/glenn-explore, {'repo': 'WilliamAvHolmberg/glenn-explore', 'created_at': datetime.datetime(2025, 4, 9, 20, 42, 39, tzinfo=datetime.timezone.utc), 'target_date': datetime.datetime(2026, 1, 4, 13, 20, 12, tzinfo=datetime.timezone.utc), 'age_days': 269}
https://github.com/Detrol/quorum-cli, {'repo': 'Detrol/quorum-cli', 'created_at': datetime.datetime(2025, 12, 11, 11, 14, 41, tzinfo=datetime.timezone.utc), 'target_date': datetime.datetime(2026, 1, 1, 20, 25, 56, tzinfo=datetime.timezone.utc), 'age_days': 21}
https://github.com/NomadCoreApp/NomadCore, {'repo': 'NomadCoreApp/NomadCore', 'created_at': datetime.datetime(2025, 8, 15, 5, 11, 56, tzinfo=datetime.timezone.utc), 'target_date': datetime.datetime(2026, 3, 11, 5, 38, 47, tzinfo=datetime.timezone.utc), 'age_days': 208}
https://github.com/open-dev-society/openreadme, {'repo': 'open-dev-society/openreadme', 'created_at': datetime.datetime(2025, 10, 16, 11, 38, 41, tzinfo=datetime.timezone.utc), 'target_date': datetime.datetime(2026, 3, 11, 16, 34, 7, tzinfo=datetime.timezone.utc), 'age_days': 146}
https://github.com/winstonkoh87/Athena-Public, {'repo': 'winstonkoh87/Athena-Public', 'created_at': datetime.datetime(2025, 12, 18, 19, 47, 38, tzinfo=datetime.timezone.utc), 'target_date': datetime.datetime(2026, 3, 11, 5, 6, 28, tzinfo=datetime.timezone.utc), 'age_days': 82}
https://github.com/areu01or00/perf-hints, {'repo': 'areu01or00/perf-hints', 'created_at': datetime.datetime(2025, 12, 22, 14, 46, 15, tzinfo=datetime.timezone.utc), 'target_date': datetime.datetime(2025, 12, 23, 6, 31, 44, tzinfo=datetime.timezone.utc), 'age_days': 0}
https://github.com/DocHatty14/community-research-mcp, {'repo': 'DocHatty14/community-research-mcp', 'created_at': datetime.datetime(2025, 11, 19, 21, 34, 56, tzinfo=datetime.timezone.utc), 'target_date': datetime.datetime(2025, 12, 5, 8, 2, 3, tzinfo=datetime.timezone.utc), 'age_days': 15}
https://github.com/majoraexp/Taskwire, {'repo': 'majoraexp/Taskwire', 'created_at': datetime.datetime(2025, 12, 21, 13, 52, 28, tzinfo=datetime.timezone.utc), 'target_date': datetime.datetime(2026, 1, 15, 4, 40, 19, tzinfo=datetime.timezone.utc), 'age_days': 24}
https://github.com/Danielmelody/ccconfig, {'repo': 'Danielmelody/ccconfig', 'created_at': datetime.datetime(2025, 10, 22, 14, 26, 27, tzinfo=datetime.timezone.utc), 'target_date': datetime.datetime(2026, 2, 6, 10, 12, 19, tzinfo=datetime.timezone.utc), 'age_days': 106}
https://github.com/Wirasm/astro-comp-lib, {'repo': 'Wirasm/astro-comp-lib', 'created_at': datetime.datetime(2025, 7, 9, 14, 34, 15, tzinfo=datetime.timezone.utc), 'target_date': datetime.datetime(2025, 7, 11, 10, 23, 18, tzinfo=datetime.timezone.utc), 'age_days': 1}
https://github.com/harmoneer/taman, {'repo': 'harmoneer/taman', 'created_at': datetime.datetime(2025, 11, 28, 4, 49, 17, tzinfo=datetime.timezone.utc), 'target_date': datetime.datetime(2025, 11, 30, 13, 5, 20, tzinfo=datetime.timezone.utc), 'age_days': 2}
https://github.com/CodeWithCJ/SparkyBudget, {'repo': 'CodeWithCJ/SparkyBudget', 'created_at': datetime.datetime(2024, 3, 3, 2, 41, 27, tzinfo=datetime.timezone.utc), 'target_date': datetime.datetime(2026, 3, 8, 17, 0, 55, tzinfo=datetime.timezone.utc), 'age_days': 735}
https://github.com/nxtg-ai/SynApps-v0.4.0, {'repo': 'nxtg-ai/SynApps-v0.4.0', 'created_at': datetime.datetime(2025, 6, 6, 15, 53, 51, tzinfo=datetime.timezone.utc), 'target_date': datetime.datetime(2026, 3, 10, 0, 43, 40, tzinfo=datetime.timezone.utc), 'age_days': 276}
https://github.com/opspresso/toast-app, {'repo': 'opspresso/toast-app', 'created_at': datetime.datetime(2025, 4, 18, 14, 57, 4, tzinfo=datetime.timezone.utc), 'target_date': datetime.datetime(2026, 3, 8, 7, 31, 16, tzinfo=datetime.timezone.utc), 'age_days': 323}
https://github.com/MehmetMHY/cha, {'repo': 'MehmetMHY/cha', 'created_at': datetime.datetime(2024, 1, 27, 2, 7, 28, tzinfo=datetime.timezone.utc), 'target_date': datetime.datetime(2025, 10, 10, 5, 25, 56, tzinfo=datetime.timezone.utc), 'age_days': 622}
https://github.com/jguida941/CI-CD-BST-Demo-GitHub-Actions, {'repo': 'jguida941/CI-CD-BST-Demo-GitHub-Actions', 'created_at': datetime.datetime(2025, 10, 14, 12, 34, 41, tzinfo=datetime.timezone.utc), 'target_date': datetime.datetime(2026, 1, 20, 6, 43, 5, tzinfo=datetime.timezone.utc), 'age_days': 97}
https://github.com/GAIR-NLP/ASI-Arch, {'repo': 'GAIR-NLP/ASI-Arch', 'created_at': datetime.datetime(2025, 7, 18, 9, 49, 32, tzinfo=datetime.timezone.utc), 'target_date': datetime.datetime(2025, 12, 3, 7, 41, 27, tzinfo=datetime.timezone.utc), 'age_days': 137}
https://github.com/pagaldilz/CodeVisions, {'repo': 'pagaldilz/CodeVisions', 'created_at': datetime.datetime(2025, 10, 18, 5, 17, 14, tzinfo=datetime.timezone.utc), 'target_date': datetime.datetime(2025, 10, 18, 7, 18, 45, tzinfo=datetime.timezone.utc), 'age_days': 0}
https://github.com/antonbelev/claude-owl, {'repo': 'antonbelev/claude-owl', 'created_at': datetime.datetime(2025, 11, 7, 17, 5, 4, tzinfo=datetime.timezone.utc), 'target_date': datetime.datetime(2026, 2, 20, 17, 45, 48, tzinfo=datetime.timezone.utc), 'age_days': 105}
https://github.com/Sharmil001/genz-lang, {'repo': 'Sharmil001/genz-lang', 'created_at': datetime.datetime(2025, 6, 30, 13, 0, 7, tzinfo=datetime.timezone.utc), 'target_date': datetime.datetime(2025, 9, 8, 12, 38, 52, tzinfo=datetime.timezone.utc), 'age_days': 69}
https://github.com/SpynitterMina/StudyBuddy, {'repo': 'SpynitterMina/StudyBuddy', 'created_at': datetime.datetime(2025, 12, 19, 23, 41, 39, tzinfo=datetime.timezone.utc), 'target_date': datetime.datetime(2025, 12, 20, 6, 6, 34, tzinfo=datetime.timezone.utc), 'age_days': 0}
https://github.com/RestDB/codehooks-mcp-server, {'repo': 'RestDB/codehooks-mcp-server', 'created_at': datetime.datetime(2025, 5, 2, 10, 5, 20, tzinfo=datetime.timezone.utc), 'target_date': datetime.datetime(2026, 2, 10, 13, 0, 35, tzinfo=datetime.timezone.utc), 'age_days': 284}
https://github.com/magentic/flowlens-mcp-server, {'repo': 'magentic/flowlens-mcp-server', 'created_at': datetime.datetime(2025, 10, 4, 6, 25, 33, tzinfo=datetime.timezone.utc), 'target_date': datetime.datetime(2025, 12, 4, 17, 1, 19, tzinfo=datetime.timezone.utc), 'age_days': 61}
https://github.com/Ido-Levi/claude-code-tamagotchi, {'repo': 'Ido-Levi/claude-code-tamagotchi', 'created_at': datetime.datetime(2025, 8, 14, 6, 12, 16, tzinfo=datetime.timezone.utc), 'target_date': datetime.datetime(2025, 8, 25, 13, 52, 18, tzinfo=datetime.timezone.utc), 'age_days': 11}
https://github.com/taubut/holy-paladin-raid-healing-simulator, {'repo': 'taubut/holy-paladin-raid-healing-simulator', 'created_at': datetime.datetime(2025, 11, 26, 10, 57, 29, tzinfo=datetime.timezone.utc), 'target_date': datetime.datetime(2025, 12, 31, 14, 53, 52, tzinfo=datetime.timezone.utc), 'age_days': 35}
https://github.com/katanemo/archgw, {'repo': 'katanemo/archgw', 'created_at': datetime.datetime(2024, 7, 9, 20, 25, 56, tzinfo=datetime.timezone.utc), 'target_date': datetime.datetime(2026, 3, 11, 3, 54, 14, tzinfo=datetime.timezone.utc), 'age_days': 609}
https://github.com/GWUDCAP/cc-sessions, {'repo': 'GWUDCAP/cc-sessions', 'created_at': datetime.datetime(2025, 8, 25, 19, 7, 25, tzinfo=datetime.timezone.utc), 'target_date': datetime.datetime(2025, 10, 17, 14, 50, 52, tzinfo=datetime.timezone.utc), 'age_days': 52}
https://github.com/yusufkaraaslan/Skill_Seekers, {'repo': 'yusufkaraaslan/Skill_Seekers', 'created_at': datetime.datetime(2025, 10, 17, 14, 43, 48, tzinfo=datetime.timezone.utc), 'target_date': datetime.datetime(2026, 3, 2, 18, 14, 31, tzinfo=datetime.timezone.utc), 'age_days': 136}
https://github.com/RussellPetty/Rose-CLI-Agent, {'repo': 'RussellPetty/Rose-CLI-Agent', 'created_at': datetime.datetime(2025, 10, 23, 2, 44, 23, tzinfo=datetime.timezone.utc), 'target_date': datetime.datetime(2025, 11, 1, 13, 52, 58, tzinfo=datetime.timezone.utc), 'age_days': 9}
https://github.com/Egham-7/adaptive, {'repo': 'Egham-7/adaptive', 'created_at': datetime.datetime(2025, 1, 30, 21, 6, 26, tzinfo=datetime.timezone.utc), 'target_date': datetime.datetime(2026, 3, 11, 17, 5, 23, tzinfo=datetime.timezone.utc), 'age_days': 404}
https://github.com/joachimBrindeau/domain-mcp, {'repo': 'joachimBrindeau/domain-mcp', 'created_at': datetime.datetime(2025, 12, 5, 11, 59, 49, tzinfo=datetime.timezone.utc), 'target_date': datetime.datetime(2026, 1, 30, 10, 28, 54, tzinfo=datetime.timezone.utc), 'age_days': 55}
https://github.com/cmdaltctr/claude-gemini-mcp-slim, {'repo': 'cmdaltctr/claude-gemini-mcp-slim', 'created_at': datetime.datetime(2025, 7, 11, 13, 32, 36, tzinfo=datetime.timezone.utc), 'target_date': datetime.datetime(2025, 7, 19, 21, 54, 13, tzinfo=datetime.timezone.utc), 'age_days': 8}
https://github.com/sriem/nextjs-contextify, {'repo': 'sriem/nextjs-contextify', 'created_at': datetime.datetime(2024, 7, 26, 10, 42, 30, tzinfo=datetime.timezone.utc), 'target_date': datetime.datetime(2025, 6, 20, 13, 27, 30, tzinfo=datetime.timezone.utc), 'age_days': 329}
https://github.com/Thrasher-Intelligence/sigil, {'repo': 'Thrasher-Intelligence/sigil', 'created_at': datetime.datetime(2025, 4, 11, 19, 9, 4, tzinfo=datetime.timezone.utc), 'target_date': datetime.datetime(2025, 5, 21, 0, 34, 51, tzinfo=datetime.timezone.utc), 'age_days': 39}
https://github.com/Maciek-roboblog/Claude-Code-Usage-Monitor, {'repo': 'Maciek-roboblog/Claude-Code-Usage-Monitor', 'created_at': datetime.datetime(2025, 6, 19, 0, 0, 5, tzinfo=datetime.timezone.utc), 'target_date': datetime.datetime(2025, 7, 23, 22, 16, 11, tzinfo=datetime.timezone.utc), 'age_days': 34}
https://github.com/notch-ai/autosteer, {'repo': 'notch-ai/autosteer', 'created_at': datetime.datetime(2025, 10, 21, 18, 18, 15, tzinfo=datetime.timezone.utc), 'target_date': datetime.datetime(2025, 11, 26, 20, 18, 54, tzinfo=datetime.timezone.utc), 'age_days': 36}
https://github.com/augiefra/PastScreen, {'repo': 'augiefra/PastScreen', 'created_at': datetime.datetime(2025, 11, 14, 8, 31, 3, tzinfo=datetime.timezone.utc), 'target_date': datetime.datetime(2025, 12, 1, 13, 24, 52, tzinfo=datetime.timezone.utc), 'age_days': 17}
https://github.com/mannaandpoem/OpenManus, {'repo': 'mannaandpoem/OpenManus', 'created_at': datetime.datetime(2025, 6, 21, 7, 39, 30, tzinfo=datetime.timezone.utc), 'target_date': datetime.datetime(2025, 6, 21, 7, 39, 8, tzinfo=datetime.timezone.utc), 'age_days': -1}
https://github.com/kimeisele/steward-protocol, {'repo': 'kimeisele/steward-protocol', 'created_at': datetime.datetime(2025, 11, 21, 18, 0, 50, tzinfo=datetime.timezone.utc), 'target_date': datetime.datetime(2026, 3, 11, 6, 18, 31, tzinfo=datetime.timezone.utc), 'age_days': 109}
https://github.com/wilhelmsendk/wake-up-supabase, {'repo': 'wilhelmsendk/wake-up-supabase', 'created_at': datetime.datetime(2025, 11, 20, 8, 49, 5, tzinfo=datetime.timezone.utc), 'target_date': datetime.datetime(2025, 12, 4, 10, 27, 5, tzinfo=datetime.timezone.utc), 'age_days': 14}
https://github.com/wonderchatai/dockge-mcp, {'repo': 'wonderchatai/dockge-mcp', 'created_at': datetime.datetime(2025, 10, 15, 22, 4, 19, tzinfo=datetime.timezone.utc), 'target_date': datetime.datetime(2025, 10, 16, 8, 33, 31, tzinfo=datetime.timezone.utc), 'age_days': 0}
https://github.com/gace-ai/vaac, {'repo': 'gace-ai/vaac', 'created_at': datetime.datetime(2025, 12, 12, 22, 35, 25, tzinfo=datetime.timezone.utc), 'target_date': datetime.datetime(2025, 12, 15, 10, 28, 46, tzinfo=datetime.timezone.utc), 'age_days': 2}
https://github.com/TeemuSo/saas-template-for-ai-lite, {'repo': 'TeemuSo/saas-template-for-ai-lite', 'created_at': datetime.datetime(2025, 7, 8, 17, 27, 11, tzinfo=datetime.timezone.utc), 'target_date': datetime.datetime(2025, 7, 25, 19, 2, 35, tzinfo=datetime.timezone.utc), 'age_days': 17}
https://github.com/Laughingoctopus00/Clean-3d-1.0, {'repo': 'Laughingoctopus00/Clean-3d-1.0', 'created_at': datetime.datetime(2025, 3, 22, 22, 11, 1, tzinfo=datetime.timezone.utc), 'target_date': datetime.datetime(2026, 1, 12, 4, 0, 58, tzinfo=datetime.timezone.utc), 'age_days': 295}
https://github.com/fr4iser90/SimpleSecCheck, {'repo': 'fr4iser90/SimpleSecCheck', 'created_at': datetime.datetime(2025, 5, 10, 8, 27, 45, tzinfo=datetime.timezone.utc), 'target_date': datetime.datetime(2026, 3, 6, 15, 28, 25, tzinfo=datetime.timezone.utc), 'age_days': 300}
https://github.com/realaurora-stw/windows-cursor, {'repo': 'realaurora-stw/windows-cursor', 'created_at': datetime.datetime(2025, 11, 28, 17, 5, 37, tzinfo=datetime.timezone.utc), 'target_date': datetime.datetime(2025, 11, 28, 17, 6, 1, tzinfo=datetime.timezone.utc), 'age_days': 0}
https://github.com/AntoanBG3/crimeandpunishment, {'repo': 'AntoanBG3/crimeandpunishment', 'created_at': datetime.datetime(2025, 5, 17, 19, 9, 58, tzinfo=datetime.timezone.utc), 'target_date': datetime.datetime(2026, 3, 5, 6, 59, 3, tzinfo=datetime.timezone.utc), 'age_days': 291}
https://github.com/richard1912/PasteParty#features, {'repo': 'richard1912/PasteParty#features', 'created_at': datetime.datetime(2025, 11, 5, 5, 7, 27, tzinfo=datetime.timezone.utc), 'target_date': datetime.datetime(2025, 12, 22, 2, 1, 51, tzinfo=datetime.timezone.utc), 'age_days': 46}
https://github.com/Random-Simulation/RandomSimulation, {'repo': 'Random-Simulation/RandomSimulation', 'created_at': datetime.datetime(2025, 8, 26, 12, 33, 37, tzinfo=datetime.timezone.utc), 'target_date': datetime.datetime(2025, 8, 26, 12, 55, 39, tzinfo=datetime.timezone.utc), 'age_days': 0}
https://github.com/DomEscobar/1000prototypes, {'repo': 'DomEscobar/1000prototypes', 'created_at': datetime.datetime(2025, 7, 23, 11, 52, 39, tzinfo=datetime.timezone.utc), 'target_date': datetime.datetime(2025, 11, 14, 15, 47, 34, tzinfo=datetime.timezone.utc), 'age_days': 114}
https://github.com/Ark0N/AI-Code-Executor?utm_source=chatgpt.com, {'repo': 'Ark0N/AI-Code-Executor?utm_source=chatgpt.com', 'created_at': datetime.datetime(2025, 11, 27, 5, 42, 33, tzinfo=datetime.timezone.utc), 'target_date': datetime.datetime(2025, 12, 3, 14, 52, 51, tzinfo=datetime.timezone.utc), 'age_days': 6}
https://github.com/sergeyklay/oar, {'repo': 'sergeyklay/oar', 'created_at': datetime.datetime(2025, 11, 27, 13, 57, 3, tzinfo=datetime.timezone.utc), 'target_date': datetime.datetime(2026, 3, 10, 5, 45, 52, tzinfo=datetime.timezone.utc), 'age_days': 102}
https://github.com/ParallelUniverseProgrammer/MovieBot, {'repo': 'ParallelUniverseProgrammer/MovieBot', 'created_at': datetime.datetime(2025, 8, 26, 16, 52, 9, tzinfo=datetime.timezone.utc), 'target_date': datetime.datetime(2025, 9, 16, 18, 9, 25, tzinfo=datetime.timezone.utc), 'age_days': 21}
https://github.com/rileylemm/chatmind, {'repo': 'rileylemm/chatmind', 'created_at': datetime.datetime(2025, 7, 27, 7, 16, 29, tzinfo=datetime.timezone.utc), 'target_date': datetime.datetime(2025, 8, 10, 18, 24, 4, tzinfo=datetime.timezone.utc), 'age_days': 14}
https://github.com/rpgraffi/convert-compress, {'repo': 'rpgraffi/convert-compress', 'created_at': datetime.datetime(2025, 8, 7, 23, 1, 9, tzinfo=datetime.timezone.utc), 'target_date': datetime.datetime(2025, 12, 8, 15, 19, 46, tzinfo=datetime.timezone.utc), 'age_days': 122}
https://github.com/JavierBaal/KairosFlow, {'repo': 'JavierBaal/KairosFlow', 'created_at': datetime.datetime(2025, 11, 19, 8, 57, 59, tzinfo=datetime.timezone.utc), 'target_date': datetime.datetime(2025, 12, 15, 22, 5, 25, tzinfo=datetime.timezone.utc), 'age_days': 26}
https://github.com/thecodecentral/gshot-copy, {'repo': 'thecodecentral/gshot-copy', 'created_at': datetime.datetime(2025, 6, 10, 4, 29, 6, tzinfo=datetime.timezone.utc), 'target_date': datetime.datetime(2025, 7, 3, 3, 42, 31, tzinfo=datetime.timezone.utc), 'age_days': 22}
https://github.com/andronov04/airena, {'repo': 'andronov04/airena', 'created_at': datetime.datetime(2025, 12, 3, 20, 41, 27, tzinfo=datetime.timezone.utc), 'target_date': datetime.datetime(2025, 12, 18, 17, 29, 55, tzinfo=datetime.timezone.utc), 'age_days': 14}
https://github.com/bpmforge/cortara, {'repo': 'bpmforge/cortara', 'created_at': datetime.datetime(2025, 10, 8, 19, 36, 17, tzinfo=datetime.timezone.utc), 'target_date': datetime.datetime(2025, 10, 10, 0, 39, 52, tzinfo=datetime.timezone.utc), 'age_days': 1}
https://github.com/DubblePumper/jacksmith-weapons-and-warriors-steam-hack, {'repo': 'DubblePumper/jacksmith-weapons-and-warriors-steam-hack', 'created_at': datetime.datetime(2025, 5, 23, 8, 44, 59, tzinfo=datetime.timezone.utc), 'target_date': datetime.datetime(2025, 5, 23, 20, 46, 13, tzinfo=datetime.timezone.utc), 'age_days': 0}
https://github.com/sincerelyyyash/typespeed, {'repo': 'sincerelyyyash/typespeed', 'created_at': datetime.datetime(2025, 11, 9, 19, 54, 43, tzinfo=datetime.timezone.utc), 'target_date': datetime.datetime(2025, 11, 16, 7, 59, 52, tzinfo=datetime.timezone.utc), 'age_days': 6}
https://github.com/CodeBoarding/CodeBoarding, {'repo': 'CodeBoarding/CodeBoarding', 'created_at': datetime.datetime(2025, 4, 8, 19, 57, 56, tzinfo=datetime.timezone.utc), 'target_date': datetime.datetime(2026, 3, 10, 20, 24, 48, tzinfo=datetime.timezone.utc), 'age_days': 336}
https://github.com/SuperThinking/tap-it, {'repo': 'SuperThinking/tap-it', 'created_at': datetime.datetime(2025, 5, 1, 6, 54, 27, tzinfo=datetime.timezone.utc), 'target_date': datetime.datetime(2025, 5, 9, 7, 58, 23, tzinfo=datetime.timezone.utc), 'age_days': 8}
https://github.com/dimitritholen/airules, {'repo': 'dimitritholen/airules', 'created_at': datetime.datetime(2025, 6, 26, 11, 39, 31, tzinfo=datetime.timezone.utc), 'target_date': datetime.datetime(2025, 6, 27, 19, 31, 51, tzinfo=datetime.timezone.utc), 'age_days': 1}
https://github.com/Launchable-AI/agentcontainers-community, {'repo': 'Launchable-AI/agentcontainers-community', 'created_at': datetime.datetime(2025, 12, 1, 18, 34, 52, tzinfo=datetime.timezone.utc), 'target_date': datetime.datetime(2025, 12, 15, 17, 25, 48, tzinfo=datetime.timezone.utc), 'age_days': 13}
https://github.com/safedep/vet, {'repo': 'safedep/vet', 'created_at': datetime.datetime(2022, 12, 30, 3, 39, 3, tzinfo=datetime.timezone.utc), 'target_date': datetime.datetime(2026, 3, 11, 15, 22, 23, tzinfo=datetime.timezone.utc), 'age_days': 1167}
https://github.com/summitsingh/ai-instagram-organizer, {'repo': 'summitsingh/ai-instagram-organizer', 'created_at': datetime.datetime(2025, 9, 18, 14, 43, 4, tzinfo=datetime.timezone.utc), 'target_date': datetime.datetime(2025, 9, 19, 17, 42, 21, tzinfo=datetime.timezone.utc), 'age_days': 1}
https://github.com/naijagamerx/code-prompt-enhancer, {'repo': 'naijagamerx/code-prompt-enhancer', 'created_at': datetime.datetime(2025, 7, 10, 17, 28, 38, tzinfo=datetime.timezone.utc), 'target_date': datetime.datetime(2025, 8, 14, 19, 26, 58, tzinfo=datetime.timezone.utc), 'age_days': 35}
https://github.com/zpix1/windisplay, {'repo': 'zpix1/windisplay', 'created_at': datetime.datetime(2025, 8, 9, 16, 59, tzinfo=datetime.timezone.utc), 'target_date': datetime.datetime(2026, 2, 3, 15, 29, 32, tzinfo=datetime.timezone.utc), 'age_days': 177}
https://github.com/stwok1/LinkedIn-Enhanced-Navigation-Extension, {'repo': 'stwok1/LinkedIn-Enhanced-Navigation-Extension', 'created_at': datetime.datetime(2025, 8, 26, 14, 21, 37, tzinfo=datetime.timezone.utc), 'target_date': datetime.datetime(2025, 8, 29, 11, 22, 58, tzinfo=datetime.timezone.utc), 'age_days': 2}
https://github.com/ermanakar/animaltasksim, {'repo': 'ermanakar/animaltasksim', 'created_at': datetime.datetime(2025, 10, 7, 19, 48, 37, tzinfo=datetime.timezone.utc), 'target_date': datetime.datetime(2026, 3, 2, 21, 23, 8, tzinfo=datetime.timezone.utc), 'age_days': 146}
https://github.com/chris-rands/space-dino, {'repo': 'chris-rands/space-dino', 'created_at': datetime.datetime(2025, 11, 24, 22, 30, 4, tzinfo=datetime.timezone.utc), 'target_date': datetime.datetime(2025, 11, 29, 22, 1, 46, tzinfo=datetime.timezone.utc), 'age_days': 4}
https://github.com/rlajustin/rn-cf-boilerplate, {'repo': 'rlajustin/rn-cf-boilerplate', 'created_at': datetime.datetime(2025, 6, 21, 19, 31, 35, tzinfo=datetime.timezone.utc), 'target_date': datetime.datetime(2025, 9, 21, 16, 14, 36, tzinfo=datetime.timezone.utc), 'age_days': 91}
https://github.com/digitaladaption/ccseva-windows, {'repo': 'digitaladaption/ccseva-windows', 'created_at': datetime.datetime(2025, 6, 29, 14, 22, 19, tzinfo=datetime.timezone.utc), 'target_date': datetime.datetime(2025, 6, 29, 14, 31, 14, tzinfo=datetime.timezone.utc), 'age_days': 0}
https://github.com/rockerritesh/vibe_coder, {'repo': 'rockerritesh/vibe_coder', 'created_at': datetime.datetime(2025, 3, 24, 6, 59, 34, tzinfo=datetime.timezone.utc), 'target_date': datetime.datetime(2025, 8, 7, 5, 50, 18, tzinfo=datetime.timezone.utc), 'age_days': 135}
https://github.com/falktravis/Prompt-Builder, {'repo': 'falktravis/Prompt-Builder', 'created_at': datetime.datetime(2025, 3, 1, 17, 25, 58, tzinfo=datetime.timezone.utc), 'target_date': datetime.datetime(2025, 5, 29, 23, 25, 6, tzinfo=datetime.timezone.utc), 'age_days': 89}
https://github.com/darksidemoney/memorycard, {'repo': 'darksidemoney/memorycard', 'created_at': datetime.datetime(2025, 8, 1, 18, 48, 45, tzinfo=datetime.timezone.utc), 'target_date': datetime.datetime(2025, 8, 1, 18, 52, 53, tzinfo=datetime.timezone.utc), 'age_days': 0}
https://github.com/Pierkstine/CONTXT, {'repo': 'Pierkstine/CONTXT', 'created_at': datetime.datetime(2025, 8, 26, 22, 11, 36, tzinfo=datetime.timezone.utc), 'target_date': datetime.datetime(2025, 8, 27, 1, 59, 20, tzinfo=datetime.timezone.utc), 'age_days': 0}
https://github.com/duke7able/gemini-mcp-desktop-client, {'repo': 'duke7able/gemini-mcp-desktop-client', 'created_at': datetime.datetime(2025, 5, 1, 11, 36, 57, tzinfo=datetime.timezone.utc), 'target_date': datetime.datetime(2025, 6, 9, 10, 32, 53, tzinfo=datetime.timezone.utc), 'age_days': 38}
https://github.com/aniketkarne/ClaudeNightsWatch, {'repo': 'aniketkarne/ClaudeNightsWatch', 'created_at': datetime.datetime(2025, 7, 15, 11, 17, 59, tzinfo=datetime.timezone.utc), 'target_date': datetime.datetime(2026, 1, 14, 14, 2, 2, tzinfo=datetime.timezone.utc), 'age_days': 183}
https://github.com/techdebtgpt/pr-agent, {'repo': 'techdebtgpt/pr-agent', 'created_at': datetime.datetime(2025, 10, 8, 10, 12, 54, tzinfo=datetime.timezone.utc), 'target_date': datetime.datetime(2025, 12, 23, 20, 33, 38, tzinfo=datetime.timezone.utc), 'age_days': 76}
https://github.com/BeffJezos/vasgit, {'repo': 'BeffJezos/vasgit', 'created_at': datetime.datetime(2025, 8, 20, 18, 46, 12, tzinfo=datetime.timezone.utc), 'target_date': datetime.datetime(2026, 3, 5, 22, 3, 13, tzinfo=datetime.timezone.utc), 'age_days': 197}
https://github.com/Raezil/vibe, {'repo': 'Raezil/vibe', 'created_at': datetime.datetime(2025, 5, 1, 9, 54, 7, tzinfo=datetime.timezone.utc), 'target_date': datetime.datetime(2025, 5, 2, 14, 51, 35, tzinfo=datetime.timezone.utc), 'age_days': 1}
https://github.com/mmmbeer/playing-card-builder, {'repo': 'mmmbeer/playing-card-builder', 'created_at': datetime.datetime(2025, 12, 11, 13, 11, 23, tzinfo=datetime.timezone.utc), 'target_date': datetime.datetime(2025, 12, 13, 17, 34, 40, tzinfo=datetime.timezone.utc), 'age_days': 2}
https://github.com/ecurrencyhodler/savegrandma, {'repo': 'ecurrencyhodler/savegrandma', 'created_at': datetime.datetime(2025, 9, 29, 19, 4, 59, tzinfo=datetime.timezone.utc), 'target_date': datetime.datetime(2025, 10, 10, 1, 41, 49, tzinfo=datetime.timezone.utc), 'age_days': 10}
https://github.com/opactorai/Claudable, {'repo': 'opactorai/Claudable', 'created_at': datetime.datetime(2025, 8, 20, 5, 15, 16, tzinfo=datetime.timezone.utc), 'target_date': datetime.datetime(2026, 3, 4, 11, 14, 44, tzinfo=datetime.timezone.utc), 'age_days': 196}
https://github.com/fr4iser90/PIDEA-Spark, {'repo': 'fr4iser90/PIDEA-Spark', 'created_at': datetime.datetime(2025, 8, 3, 12, 32, 42, tzinfo=datetime.timezone.utc), 'target_date': datetime.datetime(2025, 9, 19, 8, 0, 4, tzinfo=datetime.timezone.utc), 'age_days': 46}
https://github.com/lucasfernandoprojects/training-ai-to-learn-chinese, {'repo': 'lucasfernandoprojects/training-ai-to-learn-chinese', 'created_at': datetime.datetime(2025, 7, 3, 20, 20, 47, tzinfo=datetime.timezone.utc), 'target_date': datetime.datetime(2025, 7, 7, 15, 13, tzinfo=datetime.timezone.utc), 'age_days': 3}
https://github.com/bdavidriggins/VoxInput, {'repo': 'bdavidriggins/VoxInput', 'created_at': datetime.datetime(2025, 12, 15, 15, 28, 10, tzinfo=datetime.timezone.utc), 'target_date': datetime.datetime(2026, 2, 27, 11, 20, 45, tzinfo=datetime.timezone.utc), 'age_days': 73}
https://github.com/DreadfulCode/smallest-cookie-banner, {'repo': 'DreadfulCode/smallest-cookie-banner', 'created_at': datetime.datetime(2025, 12, 12, 19, 39, 7, tzinfo=datetime.timezone.utc), 'target_date': datetime.datetime(2025, 12, 19, 16, 39, 59, tzinfo=datetime.timezone.utc), 'age_days': 6}
https://github.com/eiondb/eion, {'repo': 'eiondb/eion', 'created_at': datetime.datetime(2025, 6, 20, 21, 5, tzinfo=datetime.timezone.utc), 'target_date': datetime.datetime(2025, 7, 2, 15, 26, 43, tzinfo=datetime.timezone.utc), 'age_days': 11}
https://github.com/arrold/vibechck, {'repo': 'arrold/vibechck', 'created_at': datetime.datetime(2025, 12, 15, 14, 16, 44, tzinfo=datetime.timezone.utc), 'target_date': datetime.datetime(2025, 12, 22, 10, 43, 43, tzinfo=datetime.timezone.utc), 'age_days': 6}
https://github.com/AvitalTamir/vibecommander, {'repo': 'AvitalTamir/vibecommander', 'created_at': datetime.datetime(2025, 12, 1, 22, 55, 38, tzinfo=datetime.timezone.utc), 'target_date': datetime.datetime(2025, 12, 21, 9, 49, 9, tzinfo=datetime.timezone.utc), 'age_days': 19}
https://github.com/BrandeisPatrick/blank-space, {'repo': 'BrandeisPatrick/blank-space', 'created_at': datetime.datetime(2025, 10, 10, 20, 45, 39, tzinfo=datetime.timezone.utc), 'target_date': datetime.datetime(2026, 2, 25, 18, 44, 13, tzinfo=datetime.timezone.utc), 'age_days': 137}
https://github.com/ZenBerry/Prevent-global-video-unmute-on-Reddit, {'repo': 'ZenBerry/Prevent-global-video-unmute-on-Reddit', 'created_at': datetime.datetime(2025, 12, 25, 2, 4, 20, tzinfo=datetime.timezone.utc), 'target_date': datetime.datetime(2025, 12, 25, 2, 7, 16, tzinfo=datetime.timezone.utc), 'age_days': 0}
https://github.com/fabriziosalmi/aidlp, {'repo': 'fabriziosalmi/aidlp', 'created_at': datetime.datetime(2025, 12, 1, 9, 4, 27, tzinfo=datetime.timezone.utc), 'target_date': datetime.datetime(2026, 1, 11, 17, 25, 35, tzinfo=datetime.timezone.utc), 'age_days': 41}
https://github.com/mertcoder/europayouthscraper, {'repo': 'mertcoder/europayouthscraper', 'created_at': datetime.datetime(2025, 7, 10, 1, 54, 15, tzinfo=datetime.timezone.utc), 'target_date': datetime.datetime(2025, 7, 10, 2, 0, 22, tzinfo=datetime.timezone.utc), 'age_days': 0}
https://github.com/OlegIGalkin/Code-Mind-Map, {'repo': 'OlegIGalkin/Code-Mind-Map', 'created_at': datetime.datetime(2025, 7, 14, 12, 10, 39, tzinfo=datetime.timezone.utc), 'target_date': datetime.datetime(2026, 3, 11, 6, 30, 34, tzinfo=datetime.timezone.utc), 'age_days': 239}
https://github.com/raghavpillai/branchlet, {'repo': 'raghavpillai/branchlet', 'created_at': datetime.datetime(2025, 8, 20, 21, 52, 26, tzinfo=datetime.timezone.utc), 'target_date': datetime.datetime(2026, 3, 11, 16, 35, 3, tzinfo=datetime.timezone.utc), 'age_days': 202}
https://github.com/srbsa/knowledge-graph-gen, {'repo': 'srbsa/knowledge-graph-gen', 'created_at': datetime.datetime(2025, 6, 28, 10, 54, 37, tzinfo=datetime.timezone.utc), 'target_date': datetime.datetime(2025, 6, 28, 11, 0, 8, tzinfo=datetime.timezone.utc), 'age_days': 0}
https://github.com/MarklarMarklar/mudcrawler, {'repo': 'MarklarMarklar/mudcrawler', 'created_at': datetime.datetime(2025, 3, 12, 20, 6, 12, tzinfo=datetime.timezone.utc), 'target_date': datetime.datetime(2025, 4, 22, 14, 39, 27, tzinfo=datetime.timezone.utc), 'age_days': 40}
https://github.com/alejandroSuch/watt-wait, {'repo': 'alejandroSuch/watt-wait', 'created_at': datetime.datetime(2025, 12, 17, 18, 34, 24, tzinfo=datetime.timezone.utc), 'target_date': datetime.datetime(2025, 12, 21, 17, 34, 19, tzinfo=datetime.timezone.utc), 'age_days': 3}
https://github.com/infiniV/GitMind, {'repo': 'infiniV/GitMind', 'created_at': datetime.datetime(2025, 11, 17, 14, 9, 46, tzinfo=datetime.timezone.utc), 'target_date': datetime.datetime(2025, 11, 20, 2, 9, 28, tzinfo=datetime.timezone.utc), 'age_days': 2}
https://github.com/elusznik/mcp-server-code-execution-mode, {'repo': 'elusznik/mcp-server-code-execution-mode', 'created_at': datetime.datetime(2025, 11, 10, 12, 0, 7, tzinfo=datetime.timezone.utc), 'target_date': datetime.datetime(2025, 12, 5, 11, 39, 35, tzinfo=datetime.timezone.utc), 'age_days': 24}
https://github.com/n3s-online/build-roulette, {'repo': 'n3s-online/build-roulette', 'created_at': datetime.datetime(2025, 9, 24, 2, 59, 47, tzinfo=datetime.timezone.utc), 'target_date': datetime.datetime(2025, 12, 25, 5, 8, 54, tzinfo=datetime.timezone.utc), 'age_days': 92}
https://github.com/GoChien/crypto-trading-agent, {'repo': 'GoChien/crypto-trading-agent', 'created_at': datetime.datetime(2025, 10, 22, 21, 3, 59, tzinfo=datetime.timezone.utc), 'target_date': datetime.datetime(2025, 10, 24, 4, 18, 34, tzinfo=datetime.timezone.utc), 'age_days': 1}
https://github.com/majidmanzarpour/vibe-styler, {'repo': 'majidmanzarpour/vibe-styler', 'created_at': datetime.datetime(2025, 4, 2, 3, 34, 38, tzinfo=datetime.timezone.utc), 'target_date': datetime.datetime(2025, 4, 9, 4, 9, 33, tzinfo=datetime.timezone.utc), 'age_days': 7}
https://github.com/4regab/deepterm, {'repo': '4regab/deepterm', 'created_at': datetime.datetime(2025, 4, 15, 16, 19, 1, tzinfo=datetime.timezone.utc), 'target_date': datetime.datetime(2026, 3, 6, 6, 37, 7, tzinfo=datetime.timezone.utc), 'age_days': 324}
https://github.com/SeloSlav/vibe-coding-starter-pack-2d-multiplayer-survival, {'repo': 'SeloSlav/vibe-coding-starter-pack-2d-multiplayer-survival', 'created_at': datetime.datetime(2025, 4, 15, 5, 17, 34, tzinfo=datetime.timezone.utc), 'target_date': datetime.datetime(2026, 3, 8, 23, 44, 47, tzinfo=datetime.timezone.utc), 'age_days': 327}
https://github.com/TaimoorKhan10/AI-Fairness-Explainability-Toolkit, {'repo': 'TaimoorKhan10/AI-Fairness-Explainability-Toolkit', 'created_at': datetime.datetime(2025, 5, 24, 18, 28, 15, tzinfo=datetime.timezone.utc), 'target_date': datetime.datetime(2025, 5, 25, 16, 56, 9, tzinfo=datetime.timezone.utc), 'age_days': 0}
https://github.com/RazBrry/AicodeGuard, {'repo': 'RazBrry/AicodeGuard', 'created_at': datetime.datetime(2025, 8, 8, 19, 23, 37, tzinfo=datetime.timezone.utc), 'target_date': datetime.datetime(2025, 8, 8, 21, 4, 40, tzinfo=datetime.timezone.utc), 'age_days': 0}
https://github.com/Cthomasdesign/ChunkMonk, {'repo': 'Cthomasdesign/ChunkMonk', 'created_at': datetime.datetime(2025, 6, 15, 1, 2, 11, tzinfo=datetime.timezone.utc), 'target_date': datetime.datetime(2025, 6, 28, 21, 13, 49, tzinfo=datetime.timezone.utc), 'age_days': 13}
https://github.com/smallmindsco/MongTap, {'repo': 'smallmindsco/MongTap', 'created_at': datetime.datetime(2025, 9, 15, 22, 43, tzinfo=datetime.timezone.utc), 'target_date': datetime.datetime(2025, 9, 18, 18, 35, 28, tzinfo=datetime.timezone.utc), 'age_days': 2}
https://github.com/josephwaugh312/VibeFlo, {'repo': 'josephwaugh312/VibeFlo', 'created_at': datetime.datetime(2025, 4, 22, 1, 46, 38, tzinfo=datetime.timezone.utc), 'target_date': datetime.datetime(2025, 9, 3, 17, 17, 26, tzinfo=datetime.timezone.utc), 'age_days': 134}
https://github.com/MohamedDjoudir/nova-nextjs, {'repo': 'MohamedDjoudir/nova-nextjs', 'created_at': datetime.datetime(2025, 4, 26, 19, 29, 8, tzinfo=datetime.timezone.utc), 'target_date': datetime.datetime(2025, 12, 14, 17, 26, 51, tzinfo=datetime.timezone.utc), 'age_days': 231}
https://github.com/krumjahn/applehealth, {'repo': 'krumjahn/applehealth', 'created_at': datetime.datetime(2025, 1, 21, 6, 58, 37, tzinfo=datetime.timezone.utc), 'target_date': datetime.datetime(2026, 2, 18, 22, 47, 52, tzinfo=datetime.timezone.utc), 'age_days': 393}
https://github.com/ShayanRas/mcp-vibe-package, {'repo': 'ShayanRas/mcp-vibe-package', 'created_at': datetime.datetime(2025, 9, 7, 22, 28, 22, tzinfo=datetime.timezone.utc), 'target_date': datetime.datetime(2025, 9, 8, 1, 44, 43, tzinfo=datetime.timezone.utc), 'age_days': 0}
https://github.com/omarseyam1729/windows-xp-folio, {'repo': 'omarseyam1729/windows-xp-folio', 'created_at': datetime.datetime(2025, 12, 8, 9, 53, 16, tzinfo=datetime.timezone.utc), 'target_date': datetime.datetime(2025, 12, 8, 17, 51, 8, tzinfo=datetime.timezone.utc), 'age_days': 0}
https://github.com/SUertee/3d-interactive-christmas-tree, {'repo': 'SUertee/3d-interactive-christmas-tree', 'created_at': datetime.datetime(2025, 12, 25, 4, 43, 58, tzinfo=datetime.timezone.utc), 'target_date': datetime.datetime(2025, 12, 26, 2, 53, 25, tzinfo=datetime.timezone.utc), 'age_days': 0}
https://github.com/JinayJain/dictator, {'repo': 'JinayJain/dictator', 'created_at': datetime.datetime(2025, 5, 23, 2, 39, 28, tzinfo=datetime.timezone.utc), 'target_date': datetime.datetime(2025, 5, 25, 15, 1, tzinfo=datetime.timezone.utc), 'age_days': 2}
https://github.com/h8d13/CeleSun, {'repo': 'h8d13/CeleSun', 'created_at': datetime.datetime(2025, 2, 25, 14, 56, 26, tzinfo=datetime.timezone.utc), 'target_date': datetime.datetime(2025, 11, 19, 13, 22, 1, tzinfo=datetime.timezone.utc), 'age_days': 266}
https://github.com/mcgaheypaycen/PikPok, {'repo': 'mcgaheypaycen/PikPok', 'created_at': datetime.datetime(2025, 7, 20, 18, 49, 9, tzinfo=datetime.timezone.utc), 'target_date': datetime.datetime(2025, 7, 20, 21, 31, 23, tzinfo=datetime.timezone.utc), 'age_days': 0}
https://github.com/pixlie/SmartCrawler, {'repo': 'pixlie/SmartCrawler', 'created_at': datetime.datetime(2025, 6, 5, 12, 18, 7, tzinfo=datetime.timezone.utc), 'target_date': datetime.datetime(2025, 7, 9, 6, 25, 47, tzinfo=datetime.timezone.utc), 'age_days': 33}
https://github.com/computerex/bronie, {'repo': 'computerex/bronie', 'created_at': datetime.datetime(2025, 7, 4, 5, 48, 33, tzinfo=datetime.timezone.utc), 'target_date': datetime.datetime(2025, 7, 6, 7, 43, 46, tzinfo=datetime.timezone.utc), 'age_days': 2}
https://github.com/Nickqiaoo/chatcode, {'repo': 'Nickqiaoo/chatcode', 'created_at': datetime.datetime(2025, 7, 31, 10, 59, 22, tzinfo=datetime.timezone.utc), 'target_date': datetime.datetime(2026, 1, 28, 16, 34, 50, tzinfo=datetime.timezone.utc), 'age_days': 181}
https://github.com/andreskull/spec-driven-ai-coding, {'repo': 'andreskull/spec-driven-ai-coding', 'created_at': datetime.datetime(2025, 7, 22, 7, 58, 29, tzinfo=datetime.timezone.utc), 'target_date': datetime.datetime(2026, 1, 25, 16, 52, 37, tzinfo=datetime.timezone.utc), 'age_days': 187}
https://github.com/10xuio/aiseo, {'repo': '10xuio/aiseo', 'created_at': datetime.datetime(2025, 5, 25, 22, 25, 57, tzinfo=datetime.timezone.utc), 'target_date': datetime.datetime(2025, 6, 10, 23, 36, 28, tzinfo=datetime.timezone.utc), 'age_days': 16}
https://github.com/AdarshB7/patcha-engine, {'repo': 'AdarshB7/patcha-engine', 'created_at': datetime.datetime(2025, 4, 15, 1, 26, 28, tzinfo=datetime.timezone.utc), 'target_date': datetime.datetime(2025, 4, 27, 19, 29, 46, tzinfo=datetime.timezone.utc), 'age_days': 12}
https://github.com/jguida941/pysort-visualizer, {'repo': 'jguida941/pysort-visualizer', 'created_at': datetime.datetime(2025, 9, 28, 3, 29, 34, tzinfo=datetime.timezone.utc), 'target_date': datetime.datetime(2026, 1, 26, 7, 17, 56, tzinfo=datetime.timezone.utc), 'age_days': 120}
https://github.com/sokinpui/coder, {'repo': 'sokinpui/coder', 'created_at': datetime.datetime(2025, 9, 5, 13, 24, 16, tzinfo=datetime.timezone.utc), 'target_date': datetime.datetime(2026, 3, 10, 3, 50, 50, tzinfo=datetime.timezone.utc), 'age_days': 185}
https://github.com/InsForge/InsForge, {'repo': 'InsForge/InsForge', 'created_at': datetime.datetime(2025, 7, 29, 5, 56, tzinfo=datetime.timezone.utc), 'target_date': datetime.datetime(2026, 3, 11, 2, 37, 39, tzinfo=datetime.timezone.utc), 'age_days': 224}
https://github.com/hshadab/kinic-api, {'repo': 'hshadab/kinic-api', 'created_at': datetime.datetime(2025, 8, 9, 0, 48, 16, tzinfo=datetime.timezone.utc), 'target_date': datetime.datetime(2025, 9, 18, 3, 6, 56, tzinfo=datetime.timezone.utc), 'age_days': 40}
https://github.com/fireproof-storage/vibes.diy, {'repo': 'fireproof-storage/vibes.diy', 'created_at': datetime.datetime(2025, 2, 20, 18, 21, 17, tzinfo=datetime.timezone.utc), 'target_date': datetime.datetime(2026, 2, 26, 15, 37, 42, tzinfo=datetime.timezone.utc), 'age_days': 370}
https://github.com/depli-ds/L-origine-des-mots, {'repo': 'depli-ds/L-origine-des-mots', 'created_at': datetime.datetime(2025, 7, 24, 13, 15, 2, tzinfo=datetime.timezone.utc), 'target_date': datetime.datetime(2025, 8, 26, 15, 56, 3, tzinfo=datetime.timezone.utc), 'age_days': 33}
https://github.com/Howtoimagine/E8-Kaleidescope-AI, {'repo': 'Howtoimagine/E8-Kaleidescope-AI', 'created_at': datetime.datetime(2025, 8, 28, 21, 13, 55, tzinfo=datetime.timezone.utc), 'target_date': datetime.datetime(2025, 11, 19, 8, 44, 43, tzinfo=datetime.timezone.utc), 'age_days': 82}
https://github.com/rafaelchandane/wikipedia-terminal, {'repo': 'rafaelchandane/wikipedia-terminal', 'created_at': datetime.datetime(2025, 11, 11, 23, 46, 43, tzinfo=datetime.timezone.utc), 'target_date': datetime.datetime(2025, 11, 12, 19, 22, 58, tzinfo=datetime.timezone.utc), 'age_days': 0}
https://github.com/Fennzo/CourtScrapper, {'repo': 'Fennzo/CourtScrapper', 'created_at': datetime.datetime(2025, 11, 27, 9, 20, 34, tzinfo=datetime.timezone.utc), 'target_date': datetime.datetime(2025, 12, 10, 2, 39, 44, tzinfo=datetime.timezone.utc), 'age_days': 12}
https://github.com/rsfutch77/rulette, {'repo': 'rsfutch77/rulette', 'created_at': datetime.datetime(2025, 7, 2, 4, 4, 34, tzinfo=datetime.timezone.utc), 'target_date': datetime.datetime(2025, 8, 31, 7, 54, 17, tzinfo=datetime.timezone.utc), 'age_days': 60}
https://github.com/iamvaar-dev/heybro_chrome, {'repo': 'iamvaar-dev/heybro_chrome', 'created_at': datetime.datetime(2025, 11, 25, 9, 58, 1, tzinfo=datetime.timezone.utc), 'target_date': datetime.datetime(2025, 11, 28, 12, 27, 19, tzinfo=datetime.timezone.utc), 'age_days': 3}
https://github.com/fbrzlarosa/stackbyte-website, {'repo': 'fbrzlarosa/stackbyte-website', 'created_at': datetime.datetime(2025, 11, 27, 7, 21, 48, tzinfo=datetime.timezone.utc), 'target_date': datetime.datetime(2025, 12, 13, 22, 16, 4, tzinfo=datetime.timezone.utc), 'age_days': 16}
https://github.com/jeffkaufman/gcmidi, {'repo': 'jeffkaufman/gcmidi', 'created_at': datetime.datetime(2018, 6, 20, 2, 54, 41, tzinfo=datetime.timezone.utc), 'target_date': datetime.datetime(2018, 6, 20, 11, 33, 51, tzinfo=datetime.timezone.utc), 'age_days': 0}
https://github.com/SSujitX/docklift, {'repo': 'SSujitX/docklift', 'created_at': datetime.datetime(2025, 12, 25, 23, 24, 13, tzinfo=datetime.timezone.utc), 'target_date': datetime.datetime(2026, 2, 28, 10, 46, 42, tzinfo=datetime.timezone.utc), 'age_days': 64}
https://github.com/Chat2AnyLLM/awesome-claude-agents, {'repo': 'Chat2AnyLLM/awesome-claude-agents', 'created_at': datetime.datetime(2025, 12, 24, 2, 30, tzinfo=datetime.timezone.utc), 'target_date': datetime.datetime(2026, 1, 22, 8, 42, 7, tzinfo=datetime.timezone.utc), 'age_days': 29}
https://github.com/juansebsol/supabase-keep-db-live, {'repo': 'juansebsol/supabase-keep-db-live', 'created_at': datetime.datetime(2025, 10, 11, 23, 5, 47, tzinfo=datetime.timezone.utc), 'target_date': datetime.datetime(2025, 10, 12, 3, 28, 53, tzinfo=datetime.timezone.utc), 'age_days': 0}
https://github.com/CyberTron957/viscord, {'repo': 'CyberTron957/viscord', 'created_at': datetime.datetime(2025, 12, 3, 18, 37, 4, tzinfo=datetime.timezone.utc), 'target_date': datetime.datetime(2025, 12, 10, 19, 26, 33, tzinfo=datetime.timezone.utc), 'age_days': 7}
https://github.com/1337hero/yeet, {'repo': '1337hero/yeet', 'created_at': datetime.datetime(2025, 12, 17, 8, 41, 11, tzinfo=datetime.timezone.utc), 'target_date': datetime.datetime(2026, 2, 23, 2, 5, 18, tzinfo=datetime.timezone.utc), 'age_days': 67}
https://github.com/Suwot/mvd-coapp, {'repo': 'Suwot/mvd-coapp', 'created_at': datetime.datetime(2025, 9, 10, 11, 11, 12, tzinfo=datetime.timezone.utc), 'target_date': datetime.datetime(2026, 3, 9, 10, 0, 29, tzinfo=datetime.timezone.utc), 'age_days': 179}
https://github.com/fabriziosalmi/wildbox, {'repo': 'fabriziosalmi/wildbox', 'created_at': datetime.datetime(2025, 6, 15, 22, 14, 52, tzinfo=datetime.timezone.utc), 'target_date': datetime.datetime(2026, 2, 22, 10, 13, 3, tzinfo=datetime.timezone.utc), 'age_days': 251}
https://github.com/EdwardAThomson/Nebula-Rush, {'repo': 'EdwardAThomson/Nebula-Rush', 'created_at': datetime.datetime(2025, 12, 10, 23, 25, 53, tzinfo=datetime.timezone.utc), 'target_date': datetime.datetime(2025, 12, 24, 21, 20, 3, tzinfo=datetime.timezone.utc), 'age_days': 13}
https://github.com/MatiasDesuu/ThinkNote, {'repo': 'MatiasDesuu/ThinkNote', 'created_at': datetime.datetime(2025, 7, 1, 20, 36, 24, tzinfo=datetime.timezone.utc), 'target_date': datetime.datetime(2026, 3, 5, 14, 30, 56, tzinfo=datetime.timezone.utc), 'age_days': 246}
https://github.com/wasp-lang/open-saas, {'repo': 'wasp-lang/open-saas', 'created_at': datetime.datetime(2023, 12, 1, 13, 54, 36, tzinfo=datetime.timezone.utc), 'target_date': datetime.datetime(2026, 3, 5, 13, 30, 57, tzinfo=datetime.timezone.utc), 'age_days': 824}
https://github.com/locagent/locagent.dev, {'repo': 'locagent/locagent.dev', 'created_at': datetime.datetime(2025, 8, 17, 20, 32, 25, tzinfo=datetime.timezone.utc), 'target_date': datetime.datetime(2025, 8, 19, 8, 39, 50, tzinfo=datetime.timezone.utc), 'age_days': 1}
https://github.com/brainless/GroceryNana, {'repo': 'brainless/GroceryNana', 'created_at': datetime.datetime(2025, 7, 7, 4, 0, 47, tzinfo=datetime.timezone.utc), 'target_date': datetime.datetime(2025, 7, 17, 14, 39, 8, tzinfo=datetime.timezone.utc), 'age_days': 10}
https://github.com/jerilseb/context-collector, {'repo': 'jerilseb/context-collector', 'created_at': datetime.datetime(2025, 4, 13, 7, 52, 15, tzinfo=datetime.timezone.utc), 'target_date': datetime.datetime(2025, 10, 3, 8, 39, 56, tzinfo=datetime.timezone.utc), 'age_days': 173}
https://github.com/VoloBuilds/create-volo-app, {'repo': 'VoloBuilds/create-volo-app', 'created_at': datetime.datetime(2025, 5, 24, 18, 44, 1, tzinfo=datetime.timezone.utc), 'target_date': datetime.datetime(2025, 10, 29, 18, 44, 39, tzinfo=datetime.timezone.utc), 'age_days': 158}
https://github.com/Qualia-Li/git-summarizer, {'repo': 'Qualia-Li/git-summarizer', 'created_at': datetime.datetime(2025, 8, 14, 6, 38, 36, tzinfo=datetime.timezone.utc), 'target_date': datetime.datetime(2025, 11, 29, 0, 35, 47, tzinfo=datetime.timezone.utc), 'age_days': 106}
https://github.com/kaithoughtarchitect/noderr, {'repo': 'kaithoughtarchitect/noderr', 'created_at': datetime.datetime(2025, 7, 10, 9, 26, 35, tzinfo=datetime.timezone.utc), 'target_date': datetime.datetime(2025, 8, 16, 10, 27, 4, tzinfo=datetime.timezone.utc), 'age_days': 37}
https://github.com/nothans/clause-code, {'repo': 'nothans/clause-code', 'created_at': datetime.datetime(2025, 11, 6, 1, 29, 49, tzinfo=datetime.timezone.utc), 'target_date': datetime.datetime(2025, 11, 9, 23, 25, 6, tzinfo=datetime.timezone.utc), 'age_days': 3}
https://github.com/JH8676/GitWho2Blame, {'repo': 'JH8676/GitWho2Blame', 'created_at': datetime.datetime(2025, 6, 15, 15, 33, tzinfo=datetime.timezone.utc), 'target_date': datetime.datetime(2025, 7, 24, 18, 39, 2, tzinfo=datetime.timezone.utc), 'age_days': 39}
https://github.com/seegrei/kanv-ai, {'repo': 'seegrei/kanv-ai', 'created_at': datetime.datetime(2025, 11, 2, 16, 57, 16, tzinfo=datetime.timezone.utc), 'target_date': datetime.datetime(2025, 11, 11, 10, 7, 5, tzinfo=datetime.timezone.utc), 'age_days': 8}
https://github.com/szymontex/filharmonia-ai, {'repo': 'szymontex/filharmonia-ai', 'created_at': datetime.datetime(2025, 10, 11, 8, 17, tzinfo=datetime.timezone.utc), 'target_date': datetime.datetime(2026, 3, 10, 0, 24, 16, tzinfo=datetime.timezone.utc), 'age_days': 149}
https://github.com/OptikR/OptikR?utm_source=chatgpt.com, {'repo': 'OptikR/OptikR?utm_source=chatgpt.com', 'created_at': datetime.datetime(2025, 11, 20, 14, 47, 48, tzinfo=datetime.timezone.utc), 'target_date': datetime.datetime(2026, 2, 19, 15, 21, 52, tzinfo=datetime.timezone.utc), 'age_days': 91}
https://github.com/tsylvester/paynless-framework, {'repo': 'tsylvester/paynless-framework', 'created_at': datetime.datetime(2025, 3, 31, 1, 33, 22, tzinfo=datetime.timezone.utc), 'target_date': datetime.datetime(2026, 3, 11, 4, 40, 56, tzinfo=datetime.timezone.utc), 'age_days': 345}
https://github.com/zilliztech/CodeIndexer, {'repo': 'zilliztech/CodeIndexer', 'created_at': datetime.datetime(2025, 6, 6, 2, 12, 47, tzinfo=datetime.timezone.utc), 'target_date': datetime.datetime(2026, 3, 11, 15, 15, 57, tzinfo=datetime.timezone.utc), 'age_days': 278}
https://github.com/rgarth/TidePool, {'repo': 'rgarth/TidePool', 'created_at': datetime.datetime(2025, 12, 1, 0, 58, 32, tzinfo=datetime.timezone.utc), 'target_date': datetime.datetime(2025, 12, 20, 10, 27, 30, tzinfo=datetime.timezone.utc), 'age_days': 19}
https://github.com/zebangeth/rent-or-buy.homes, {'repo': 'zebangeth/rent-or-buy.homes', 'created_at': datetime.datetime(2025, 5, 6, 4, 21, 51, tzinfo=datetime.timezone.utc), 'target_date': datetime.datetime(2026, 2, 21, 22, 29, 25, tzinfo=datetime.timezone.utc), 'age_days': 291}
https://github.com/Mote-Software/the-resistance, {'repo': 'Mote-Software/the-resistance', 'created_at': datetime.datetime(2025, 9, 7, 14, 46, 21, tzinfo=datetime.timezone.utc), 'target_date': datetime.datetime(2025, 11, 8, 21, 38, 57, tzinfo=datetime.timezone.utc), 'age_days': 62}
https://github.com/rocketship-ai/rocketship, {'repo': 'rocketship-ai/rocketship', 'created_at': datetime.datetime(2025, 3, 11, 2, 40, 17, tzinfo=datetime.timezone.utc), 'target_date': datetime.datetime(2026, 3, 10, 0, 25, 57, tzinfo=datetime.timezone.utc), 'age_days': 363}
https://github.com/akshayvkt/aiwrapped, {'repo': 'akshayvkt/aiwrapped', 'created_at': datetime.datetime(2025, 12, 5, 20, 53, 20, tzinfo=datetime.timezone.utc), 'target_date': datetime.datetime(2025, 12, 6, 20, 31, 47, tzinfo=datetime.timezone.utc), 'age_days': 0}
https://github.com/Ami3466/ai-live-log-bridge, {'repo': 'Ami3466/ai-live-log-bridge', 'created_at': datetime.datetime(2025, 11, 22, 8, 27, 14, tzinfo=datetime.timezone.utc), 'target_date': datetime.datetime(2025, 11, 26, 15, 52, 13, tzinfo=datetime.timezone.utc), 'age_days': 4}
https://github.com/imabeastdrew/resybot, {'repo': 'imabeastdrew/resybot', 'created_at': datetime.datetime(2025, 10, 29, 17, 50, 50, tzinfo=datetime.timezone.utc), 'target_date': datetime.datetime(2025, 11, 30, 21, 15, 38, tzinfo=datetime.timezone.utc), 'age_days': 32}
https://github.com/m1rl0k/Context-Engine?tab=readme-ov-file, {'repo': 'm1rl0k/Context-Engine?tab=readme-ov-file', 'created_at': datetime.datetime(2025, 10, 8, 22, 34, 56, tzinfo=datetime.timezone.utc), 'target_date': datetime.datetime(2026, 3, 4, 13, 14, 12, tzinfo=datetime.timezone.utc), 'age_days': 146}
https://github.com/ehabhosam/react-ai-element, {'repo': 'ehabhosam/react-ai-element', 'created_at': datetime.datetime(2025, 11, 6, 15, 44, 42, tzinfo=datetime.timezone.utc), 'target_date': datetime.datetime(2026, 1, 15, 9, 28, 31, tzinfo=datetime.timezone.utc), 'age_days': 69}
https://github.com/BassanioMusic/Random-Melody-Generator, {'repo': 'BassanioMusic/Random-Melody-Generator', 'created_at': datetime.datetime(2025, 4, 25, 12, 52, 54, tzinfo=datetime.timezone.utc), 'target_date': datetime.datetime(2025, 4, 25, 13, 0, 35, tzinfo=datetime.timezone.utc), 'age_days': 0}
https://github.com/empathy0/project_bundler, {'repo': 'empathy0/project_bundler', 'created_at': datetime.datetime(2025, 8, 20, 18, 43, 12, tzinfo=datetime.timezone.utc), 'target_date': datetime.datetime(2025, 9, 30, 20, 12, 10, tzinfo=datetime.timezone.utc), 'age_days': 41}
https://github.com/rm2thaddeus/Pixel_Detective, {'repo': 'rm2thaddeus/Pixel_Detective', 'created_at': datetime.datetime(2025, 3, 10, 15, 18, 20, tzinfo=datetime.timezone.utc), 'target_date': datetime.datetime(2026, 2, 4, 13, 13, 21, tzinfo=datetime.timezone.utc), 'age_days': 330}
https://github.com/TheRealSaiTama/Project-Chimera, {'repo': 'TheRealSaiTama/Project-Chimera', 'created_at': datetime.datetime(2025, 9, 9, 8, 14, 8, tzinfo=datetime.timezone.utc), 'target_date': datetime.datetime(2025, 9, 9, 8, 40, 27, tzinfo=datetime.timezone.utc), 'age_days': 0}
https://github.com/johnhuang316/code-index-mcp, {'repo': 'johnhuang316/code-index-mcp', 'created_at': datetime.datetime(2025, 3, 18, 2, 21, 59, tzinfo=datetime.timezone.utc), 'target_date': datetime.datetime(2026, 3, 2, 10, 48, 8, tzinfo=datetime.timezone.utc), 'age_days': 349}
https://github.com/kof70/coolify-mcp-server, {'repo': 'kof70/coolify-mcp-server', 'created_at': datetime.datetime(2025, 12, 15, 13, 20, 12, tzinfo=datetime.timezone.utc), 'target_date': datetime.datetime(2026, 2, 15, 10, 27, 42, tzinfo=datetime.timezone.utc), 'age_days': 61}
