,url,commit,proj_name,file_path,file_name,new_url,comments,Notes,Code A,m,double check,Why,AI typesetting,syntax error,human-like,Fun Comment
213881,https://github.com/Egham-7/adaptive,03c4439b2429ffe4ebc91812475851091d1c65e3,adaptive,adaptive/nordlys/tests/integration/test_routing.py,test_routing.py,https://github.com/Egham-7/adaptive/blob/03c4439b2429ffe4ebc91812475851091d1c65e3/nordlys/tests/integration/test_routing.py#L74,"        """"""Test that alternatives has reasonable count.""""""
        result = fitted_nordlys.route(""Test prompt"")
        # Should have at most (n_models - 1) alternatives
        assert len(result.alternatives) <= 2  # 3 models - 1 selected
",,Control flow/program logic,Control flow/program logic,FALSE,FALSE,FALSE,FALSE,FALSE,FALSE
214192,https://github.com/Egham-7/adaptive,03c4439b2429ffe4ebc91812475851091d1c65e3,adaptive,adaptive/nordlys/src/nordlys/clustering/spectral.py,spectral.py,https://github.com/Egham-7/adaptive/blob/03c4439b2429ffe4ebc91812475851091d1c65e3/nordlys/src/nordlys/clustering/spectral.py#L112,"
    def predict(self, embeddings: np.ndarray) -> np.ndarray:
        """"""Predict cluster assignments by assigning to nearest centroid.

        Note: Spectral clustering doesn't natively support predict.
        This assigns new samples to their nearest cluster center.

        Args:
            embeddings: Input embeddings of shape (n_samples, n_features)

        Returns:
            Cluster assignments of shape (n_samples,)
        """"""
        if self._cluster_centers is None:
            raise RuntimeError(",,Structured Docstring,,FALSE,FALSE,FALSE,FALSE,FALSE,FALSE
178359,https://github.com/hh54188/ai-assistant-chrome-extension,99df8d7adc5d5d2925bfa3bcbca4e4afbdb1d88e,ai-assistant-chrome-extension,ai-assistant-chrome-extension/agents/adk-agents/src/archived/notion_article_publisher/github_operations.py,github_operations.py,https://github.com/hh54188/ai-assistant-chrome-extension/blob/99df8d7adc5d5d2925bfa3bcbca4e4afbdb1d88e/agents/adk-agents/src/archived/notion_article_publisher/github_operations.py#L44,"        repo = g.get_repo(""hh54188/horace-jekyll-theme-v1.2.0"")
        
        # Create the file
        result = repo.create_file(
            path=file_path,",,1-2 lines no loop direct explainer,,FALSE,FALSE,FALSE,FALSE,FALSE,FALSE
324344,https://github.com/Ark0N/AI-Code-Executor,acdbbd5116a8aa932e71ac18aa90d66144d7123c,AI-Code-Executor,AI-Code-Executor/backend/main.py,main.py,https://github.com/Ark0N/AI-Code-Executor/blob/acdbbd5116a8aa932e71ac18aa90d66144d7123c/backend/main.py#L360,"@app.get(""/api/models/lmstudio"")
async def get_lmstudio_models(db: AsyncSession = Depends(get_session)):
    """"""Get available LM Studio models""""""
    try:
        # Get LM Studio host from settings",,Docstring,,FALSE,FALSE,FALSE,FALSE,FALSE,FALSE
332211,https://github.com/TaimoorKhan10/AI-Fairness-Explainability-Toolkit,74ad5f68c942943abfc85c714bb09c4245c583e4,AI-Fairness-Explainability-Toolkit,AI-Fairness-Explainability-Toolkit/afet/tests/test_model_comparison.py,test_model_comparison.py,https://github.com/TaimoorKhan10/AI-Fairness-Explainability-Toolkit/blob/74ad5f68c942943abfc85c714bb09c4245c583e4/afet/tests/test_model_comparison.py#L11,"from sklearn.model_selection import train_test_split

# Import the class to test
from afet.core.model_comparison import ModelComparator
",,1-2 lines no loop direct explainer,,FALSE,FALSE,FALSE,FALSE,FALSE,FALSE
320878,https://github.com/summitsingh/ai-instagram-organizer,3382a3985c4a814d9d00a5a59c7880928a8ee446,ai-instagram-organizer,ai-instagram-organizer/ai_instagram_organizer.py,ai_instagram_organizer.py,https://github.com/summitsingh/ai-instagram-organizer/blob/3382a3985c4a814d9d00a5a59c7880928a8ee446/ai_instagram_organizer.py#L2995,"
def determine_people_count(analysis: Dict) -> int:
    """"""Determine number of people from analysis""""""
    people_present = analysis.get('people_present', '0')
    category = (analysis.get('category') or '').lower()",,Docstring,,FALSE,FALSE,FALSE,FALSE,FALSE,FALSE
320787,https://github.com/summitsingh/ai-instagram-organizer,3382a3985c4a814d9d00a5a59c7880928a8ee446,ai-instagram-organizer,ai-instagram-organizer/ai_instagram_organizer.py,ai_instagram_organizer.py,https://github.com/summitsingh/ai-instagram-organizer/blob/3382a3985c4a814d9d00a5a59c7880928a8ee446/ai_instagram_organizer.py#L1863,"            
        except requests.exceptions.HTTPError as e:
            if e.response.status_code == 429:  # Rate limit error
                if attempt < max_retries:
                    delay = base_delay * (2 ** attempt) + random.uniform(0, 2)",,human explainability ,,FALSE,FALSE,FALSE,FALSE,FALSE,FALSE
92866,https://github.com/jordicor/ai-json-cleanroom,8f9053345d7858dcf0710028933aea0712b7c7cf,ai-json-cleanroom,ai-json-cleanroom/examples/retry_logic_advanced.py,retry_logic_advanced.py,https://github.com/jordicor/ai-json-cleanroom/blob/8f9053345d7858dcf0710028933aea0712b7c7cf/examples/retry_logic_advanced.py#L320,"
def example_custom_retry_logic():
    """"""Example: Custom retry decision logic.""""""
    print(""\n"" + ""="" * 70)
    print(""Example 5: Custom Retry Logic"")",,Docstring,,FALSE,FALSE,FALSE,FALSE,FALSE,FALSE
325200,https://github.com/fabriziosalmi/aidlp,1967cd6eaad9ff489752f9734ce75aa301490a0a,aidlp,aidlp/verify_dlp.py,verify_dlp.py,https://github.com/fabriziosalmi/aidlp/blob/1967cd6eaad9ff489752f9734ce75aa301490a0a/verify_dlp.py#L5,"sys.path.append(os.getcwd())

from src.dlp_engine import DLPEngine  # noqa: E402

",,Instrumentation for automated tool,,FALSE,FALSE,FALSE,FALSE,FALSE,FALSE
318823,https://github.com/dimitritholen/airules,f3dc77e431a3edef274d11a1645fa0cc62cff4fe,airules,airules/tests/test_auto_command.py,test_auto_command.py,https://github.com/dimitritholen/airules/blob/f3dc77e431a3edef274d11a1645fa0cc62cff4fe/tests/test_auto_command.py#L453,"        assert result.primary_language is None
        tags = analyzer.get_recommended_tags(result)
        assert ""security"" in tags  # Always includes security
        assert ""best-practices"" in tags  # Always includes best-practices",,1-2 lines no loop direct explainer,1-2 lines no loop direct explainer,FALSE,FALSE,FALSE,FALSE,FALSE,FALSE
319184,https://github.com/dimitritholen/airules,f3dc77e431a3edef274d11a1645fa0cc62cff4fe,airules,airules/tests/fixtures/mock_projects.py,mock_projects.py,https://github.com/dimitritholen/airules/blob/f3dc77e431a3edef274d11a1645fa0cc62cff4fe/tests/fixtures/mock_projects.py#L777,"    (tests_dir / ""__init__.py"").write_text("""")

    # Create test_main.py
    test_main = '''""""""Tests for FastAPI application.""""""
",,1-2 lines no loop direct explainer,,FALSE,FALSE,FALSE,FALSE,FALSE,FALSE
50366,https://github.com/alexpovel/ancv,3a233e68309c3db4d3f34282de720641d29dc5f9,ancv,ancv/ancv/__main__.py,__main__.py,https://github.com/alexpovel/ancv/blob/3a233e68309c3db4d3f34282de720641d29dc5f9/ancv/__main__.py#L238,"
    structlog.configure(  # This is global state
        processors=[  # https://www.structlog.org/en/stable/api.html#procs
            TimeStamper(fmt=""iso"", utc=True, key=""ts""),
            add_log_level,",MLE notes it seems like it is a link to relevant documentation., qualitative comment, qualitative comment,FALSE,FALSE,FALSE,FALSE,FALSE,FALSE
321529,https://github.com/ermanakar/animaltasksim,8d08b112ed3d2284fbf27025b4ac7cf6a60ff68a,animaltasksim,animaltasksim/tests/test_wfpt.py,test_wfpt.py,https://github.com/ermanakar/animaltasksim/blob/8d08b112ed3d2284fbf27025b4ac7cf6a60ff68a/tests/test_wfpt.py#L129,"        ""drift, bound, bias, noise"",
        [
            (2.0, 1.5, 0.5, 1.0),   # standard case
            (-1.0, 1.0, 0.5, 1.0),  # negative drift
            (1.5, 1.0, 0.5, 1.0),   # moderate drift",,human explainability ,human explainability ,FALSE,FALSE,FALSE,FALSE,FALSE,FALSE
321609,https://github.com/ermanakar/animaltasksim,8d08b112ed3d2284fbf27025b4ac7cf6a60ff68a,animaltasksim,animaltasksim/agents/hybrid_trainer.py,hybrid_trainer.py,https://github.com/ermanakar/animaltasksim/blob/8d08b112ed3d2284fbf27025b4ac7cf6a60ff68a/agents/hybrid_trainer.py#L496,"                    step_drift = effective_drift * dt
                    
                    # 3. Accumulate evidence starting from bias
                    evidence_trajectory = effective_bias + torch.cumsum(step_drift + step_noise, dim=0)
                    ",,Numbered Step,,FALSE,FALSE,FALSE,FALSE,FALSE,FALSE
30212,https://github.com/carllacan/ankimaker,343b11c204110fe5901b975694f76635afbd610b,ankimaker,ankimaker/ankimaker/loaders/kindleloader.py,kindleloader.py,https://github.com/carllacan/ankimaker/blob/343b11c204110fe5901b975694f76635afbd610b/ankimaker/loaders/kindleloader.py#L69,"        self.parent.add_words(info.keys()) # add new words
        if self.usage_check:
            self.parent.add_info('Usage', info) # add usage of words
        
        ",,1-2 lines no loop direct explainer,1-2 lines no loop direct explainer,FALSE,FALSE,FALSE,FALSE,FALSE,FALSE
119365,https://github.com/TharaneshA/answergit,fedf0e907af1423c227100281dbf175ae533b20b,answergit,answergit/gitingest-api/main.py,main.py,https://github.com/TharaneshA/answergit/blob/fedf0e907af1423c227100281dbf175ae533b20b/gitingest-api/main.py#L19,"app = FastAPI()

# Enable CORS to allow cross-origin requests from the frontend
app.add_middleware(
    CORSMiddleware,",,1-2 lines no loop direct explainer,,FALSE,FALSE,FALSE,FALSE,FALSE,FALSE
930,https://github.com/GusSand/Anubis,dced3375debfbe06362d2da03f71ea80b29fb81b,Anubis,Anubis/api/anubis/lms/courses.py,courses.py,https://github.com/GusSand/Anubis/blob/dced3375debfbe06362d2da03f71ea80b29fb81b/api/anubis/lms/courses.py#L518,"    ).all()

    # Check to see if they are a professor for the course
    prof: list[ProfessorForCourse] = ProfessorForCourse.query.filter(
        ProfessorForCourse.owner_id == user_id,",,1-2 lines no loop direct explainer,,FALSE,FALSE,FALSE,FALSE,FALSE,FALSE
941,https://github.com/GusSand/Anubis,dced3375debfbe06362d2da03f71ea80b29fb81b,Anubis,Anubis/api/anubis/lms/courses.py,courses.py,https://github.com/GusSand/Anubis/blob/dced3375debfbe06362d2da03f71ea80b29fb81b/api/anubis/lms/courses.py#L583,"    course_owner_ids = ta_ids.union(professor_ids)

    # Include all superusers if specified
    if include_superusers:
        # Get all superusers",,1-2 lines no loop direct explainer,,FALSE,FALSE,FALSE,FALSE,FALSE,FALSE
1617,https://github.com/GusSand/Anubis,dced3375debfbe06362d2da03f71ea80b29fb81b,Anubis,Anubis/api/anubis/models/__init__.py,__init__.py,https://github.com/GusSand/Anubis/blob/dced3375debfbe06362d2da03f71ea80b29fb81b/api/anubis/models/__init__.py#L464,"    )

    # Fields
    response = Column(Text(length=2 ** 14), default="""", nullable=False)
",,1-2 lines no loop direct explainer,,FALSE,FALSE,FALSE,FALSE,FALSE,FALSE
1655,https://github.com/GusSand/Anubis,dced3375debfbe06362d2da03f71ea80b29fb81b,Anubis,Anubis/api/anubis/models/__init__.py,__init__.py,https://github.com/GusSand/Anubis/blob/dced3375debfbe06362d2da03f71ea80b29fb81b/api/anubis/models/__init__.py#L1128,"    template_id: str = Column(String(length=128), ForeignKey(EmailTemplate.key))

    # The id of the thing that was referenced (like say an assignment id for
    # a deadline notification)
    reference_id: str = Column(String(length=default_id_length))
",,1-2 lines no loop direct explainer,1-2 lines no loop direct explainer,FALSE,FALSE,FALSE,FALSE,TRUE,FALSE
1763,https://github.com/GusSand/Anubis,dced3375debfbe06362d2da03f71ea80b29fb81b,Anubis,Anubis/api/anubis/jobs/daily_reaper.py,daily_reaper.py,https://github.com/GusSand/Anubis/blob/dced3375debfbe06362d2da03f71ea80b29fb81b/api/anubis/jobs/daily_reaper.py#L109,"            logger.info(f'Adding user to course: user_id={user_id} course_id={course.id}')

            # Create new InCourse row
            in_course = InCourse(
                owner_id=user_id,",,1-2 lines no loop direct explainer,,FALSE,FALSE,FALSE,FALSE,FALSE,FALSE
1879,https://github.com/GusSand/Anubis,dced3375debfbe06362d2da03f71ea80b29fb81b,Anubis,Anubis/api/anubis/views/admin/regrade.py,regrade.py,https://github.com/GusSand/Anubis/blob/dced3375debfbe06362d2da03f71ea80b29fb81b/api/anubis/views/admin/regrade.py#L79,"    ).first()

    # Make sure the submission exists
    req_assert(submission is not None, message=""submission does not exist"")
",,1-2 lines no loop direct explainer,,FALSE,FALSE,FALSE,FALSE,FALSE,FALSE
1972,https://github.com/GusSand/Anubis,dced3375debfbe06362d2da03f71ea80b29fb81b,Anubis,Anubis/api/anubis/views/admin/lectures.py,lectures.py,https://github.com/GusSand/Anubis/blob/dced3375debfbe06362d2da03f71ea80b29fb81b/api/anubis/views/admin/lectures.py#L36,"    lectures = query.all()

    # Pass back the list of files
    return success_response({""lectures"": [lecture.data for lecture in lectures]})
",,1-2 lines no loop direct explainer,,FALSE,FALSE,FALSE,FALSE,FALSE,FALSE
2192,https://github.com/GusSand/Anubis,dced3375debfbe06362d2da03f71ea80b29fb81b,Anubis,Anubis/api/anubis/views/admin/students.py,students.py,https://github.com/GusSand/Anubis/blob/dced3375debfbe06362d2da03f71ea80b29fb81b/api/anubis/views/admin/students.py#L46,"    students = get_students(course_context.id)

    # Pass back the students
    return success_response({""students"": students})
",,1-2 lines no loop direct explainer,,FALSE,FALSE,FALSE,FALSE,FALSE,FALSE
2341,https://github.com/GusSand/Anubis,dced3375debfbe06362d2da03f71ea80b29fb81b,Anubis,Anubis/api/anubis/views/public/repos.py,repos.py,https://github.com/GusSand/Anubis/blob/dced3375debfbe06362d2da03f71ea80b29fb81b/api/anubis/views/public/repos.py#L28,"    """"""

    # Get all repos for the user
    repos = get_repos(current_user.id)
",,1-2 lines no loop direct explainer,,FALSE,FALSE,FALSE,FALSE,FALSE,FALSE
2529,https://github.com/GusSand/Anubis,dced3375debfbe06362d2da03f71ea80b29fb81b,Anubis,Anubis/api/anubis/views/super/playgrounds.py,playgrounds.py,https://github.com/GusSand/Anubis/blob/dced3375debfbe06362d2da03f71ea80b29fb81b/api/anubis/views/super/playgrounds.py#L82,"    rpc_enqueue(reap_theia_playgrounds_all, ""theia"")

    # Hand back status
    return success_response({""status"": ""Reap job enqueued. Session cleanup will take a minute.""})",,1-2 lines no loop direct explainer,,FALSE,FALSE,FALSE,FALSE,FALSE,FALSE
2013,https://github.com/GusSand/Anubis,dced3375debfbe06362d2da03f71ea80b29fb81b,Anubis,Anubis/api/anubis/views/admin/assignments.py,assignments.py,https://github.com/GusSand/Anubis/blob/dced3375debfbe06362d2da03f71ea80b29fb81b/api/anubis/views/admin/assignments.py#L247,"@json_response
def admin_assignments_list():
    """"""
    list all assignments within the course context.

    * The response will be the row2dict of the assignment, not a data prop *

    :return:
    """"""

    # Get all the assignment objects within the course context,",,Docstring,,FALSE,FALSE,FALSE,FALSE,FALSE,FALSE
269,https://github.com/GusSand/Anubis,dced3375debfbe06362d2da03f71ea80b29fb81b,Anubis,Anubis/api/migrations/versions/c87807debbda_add_course_display_visuals_option.py,c87807debbda_add_course_display_visuals_option.py,https://github.com/GusSand/Anubis/blob/dced3375debfbe06362d2da03f71ea80b29fb81b/api/migrations/versions/c87807debbda_add_course_display_visuals_option.py#L1,"""""""ADD course display visuals option

Revision ID: c87807debbda
Revises: 86296424818b
Create Date: 2021-09-19 11:42:56.766233

""""""
import sqlalchemy as sa
from alembic import op",between file descriptor and to-do,file descriptor,,FALSE,FALSE,FALSE,FALSE,FALSE,TRUE
260,https://github.com/GusSand/Anubis,dced3375debfbe06362d2da03f71ea80b29fb81b,Anubis,Anubis/api/migrations/versions/2faa37dff9d0_add_theia_session_docker_column.py,2faa37dff9d0_add_theia_session_docker_column.py,https://github.com/GusSand/Anubis/blob/dced3375debfbe06362d2da03f71ea80b29fb81b/api/migrations/versions/2faa37dff9d0_add_theia_session_docker_column.py#L24,"    conn = op.get_bind()
    conn.execute('UPDATE `theia_session` SET `docker` = 0;')
    # ### end Alembic commands ###

",,section breaker,,FALSE,FALSE,FALSE,FALSE,FALSE,FALSE
542,https://github.com/GusSand/Anubis,dced3375debfbe06362d2da03f71ea80b29fb81b,Anubis,Anubis/api/migrations/versions/2f5a27ffe4ea_chg_repo_url_optional.py,2f5a27ffe4ea_chg_repo_url_optional.py,https://github.com/GusSand/Anubis/blob/dced3375debfbe06362d2da03f71ea80b29fb81b/api/migrations/versions/2f5a27ffe4ea_chg_repo_url_optional.py#L25,"        nullable=True,
    )
    # ### end Alembic commands ###

",,section breaker,,FALSE,FALSE,FALSE,FALSE,FALSE,FALSE
2054,https://github.com/GusSand/Anubis,dced3375debfbe06362d2da03f71ea80b29fb81b,Anubis,Anubis/api/anubis/views/admin/ide.py,ide.py,https://github.com/GusSand/Anubis/blob/dced3375debfbe06362d2da03f71ea80b29fb81b/api/anubis/views/admin/ide.py#L119,"        course_id=course_context.id,
        repo_url=repo_url,
        # Options
        admin=admin,
        network_locked=network_locked,",,section breaker,,FALSE,FALSE,FALSE,FALSE,FALSE,FALSE
2575,https://github.com/GusSand/Anubis,dced3375debfbe06362d2da03f71ea80b29fb81b,Anubis,Anubis/api/tests/test_ide_k8s.py,test_ide_k8s.py,https://github.com/GusSand/Anubis/blob/dced3375debfbe06362d2da03f71ea80b29fb81b/api/tests/test_ide_k8s.py#L183,"        assert pvc is None

        # Assert pod things
        assert pod.metadata.labels['app.kubernetes.io/name'] == 'anubis'
        assert pod.metadata.labels['network-policy'] == 'os-student'",,section breaker,,FALSE,FALSE,FALSE,FALSE,TRUE,FALSE
697,https://github.com/GusSand/Anubis,dced3375debfbe06362d2da03f71ea80b29fb81b,Anubis,Anubis/api/anubis/lms/webhook.py,webhook.py,https://github.com/GusSand/Anubis/blob/dced3375debfbe06362d2da03f71ea80b29fb81b/api/anubis/lms/webhook.py#L56,"
def check_repo(assignment: Assignment, repo_url: str, user=None, netid=None) -> AssignmentRepo:
    """"""
    While processing the webhook, we need to check to see if we have
    record of the repo. This function takes what it needs to create
    the record of the repo if it didn't already exist.

    :param assignment:
    :param repo_url:
    :param user:
    :param netid:
    :return:
    """"""

    # if the user is not None, then the submission is",,Structured Docstring,,FALSE,FALSE,FALSE,FALSE,FALSE,FALSE
333035,https://github.com/krumjahn/applehealth,4487d77250631e894071671f502c1c8e25117bf6,applehealth,applehealth/src/applehealth.py,applehealth.py,https://github.com/krumjahn/applehealth/blob/4487d77250631e894071671f502c1c8e25117bf6/src/applehealth.py#L2301,"            print(content)

        # If nothing was streamed, try a non-stream request once
        if len(collected) == 0:
            _status(""No streamed content received; requesting non-stream response..."")",,Control flow/program logic,Control flow/program logic,FALSE,FALSE,FALSE,FALSE,FALSE,FALSE
36059,https://github.com/caronc/apprise,6fb8fbab1974fe424025a3f1b99532d5339e3ce0,apprise,apprise/test/test_config_base.py,test_config_base.py,https://github.com/caronc/apprise/blob/6fb8fbab1974fe424025a3f1b99532d5339e3ce0/test/test_config_base.py#L235,"        assert result == (list(), list())

    # Valid Configuration
    result, config = ConfigBase.config_parse_text(""""""
    # A completely invalid token on json string (it gets ignored)",, qualitative comment, qualitative comment,FALSE,FALSE,FALSE,FALSE,FALSE,FALSE
37678,https://github.com/caronc/apprise,6fb8fbab1974fe424025a3f1b99532d5339e3ce0,apprise,apprise/test/test_apprise_utils.py,test_apprise_utils.py,https://github.com/caronc/apprise/blob/6fb8fbab1974fe424025a3f1b99532d5339e3ce0/test/test_apprise_utils.py#L1946,"    }
    utils.dict_full_update(dict_1, dict_2)
    # Dictionary 2 is untouched
    assert len(dict_2) == 3
    assert dict_2['c'] == 'updated'",, qualitative comment, qualitative comment,FALSE,FALSE,FALSE,FALSE,FALSE,FALSE
38687,https://github.com/caronc/apprise,6fb8fbab1974fe424025a3f1b99532d5339e3ce0,apprise,apprise/test/test_plugin_flock.py,test_plugin_flock.py,https://github.com/caronc/apprise/blob/6fb8fbab1974fe424025a3f1b99532d5339e3ce0/test/test_plugin_flock.py#L52,"        'instance': NotifyFlock,

        # Our expected url(privacy=True) startswith() response:
        'privacy_url': 'flock://t...t',
    }),",, qualitative comment, qualitative comment,FALSE,FALSE,FALSE,FALSE,FALSE,FALSE
39629,https://github.com/caronc/apprise,6fb8fbab1974fe424025a3f1b99532d5339e3ce0,apprise,apprise/test/test_api.py,test_api.py,https://github.com/caronc/apprise/blob/6fb8fbab1974fe424025a3f1b99532d5339e3ce0/test/test_api.py#L156,"    assert len(a) == 0

    # An invalid schema
    assert a.add('this is not a parseable url at all') is False
    assert len(a) == 0",, qualitative comment,,FALSE,FALSE,FALSE,FALSE,FALSE,FALSE
43107,https://github.com/caronc/apprise,6fb8fbab1974fe424025a3f1b99532d5339e3ce0,apprise,apprise/apprise/plugins/NotifyFlock.py,NotifyFlock.py,https://github.com/caronc/apprise/blob/6fb8fbab1974fe424025a3f1b99532d5339e3ce0/apprise/plugins/NotifyFlock.py#L343,"        results['targets'] = NotifyFlock.split_path(results['fullpath'])

        # The 'to' makes it easier to use yaml configuration
        if 'to' in results['qsd'] and len(results['qsd']['to']):
            results['targets'] += NotifyFlock.parse_list(results['qsd']['to'])",, qualitative comment, qualitative comment,FALSE,TRUE,FALSE,FALSE,FALSE,FALSE
44379,https://github.com/caronc/apprise,6fb8fbab1974fe424025a3f1b99532d5339e3ce0,apprise,apprise/apprise/plugins/NotifyEmby.py,NotifyEmby.py,https://github.com/caronc/apprise/blob/6fb8fbab1974fe424025a3f1b99532d5339e3ce0/apprise/plugins/NotifyEmby.py#L177,"
        if self.password:
            # Source: https://github.com/MediaBrowser/Emby/wiki/Authentication
            # We require the following during our authentication
            #    pw - password in plain text
            #    password - password in Sha1
            #    passwordMd5 - password in MD5
            payload['pw'] = self.password
",, qualitative comment,,FALSE,TRUE,FALSE,FALSE,FALSE,FALSE
46075,https://github.com/caronc/apprise,6fb8fbab1974fe424025a3f1b99532d5339e3ce0,apprise,apprise/apprise/plugins/NotifyDBus.py,NotifyDBus.py,https://github.com/caronc/apprise/blob/6fb8fbab1974fe424025a3f1b99532d5339e3ce0/apprise/plugins/NotifyDBus.py#L211,"        },
        'priority': {
            # Apprise uses 'priority' everywhere; it's just a nice consistent
            # feel to be able to use it here as well. Just map the
            # value back to 'priority'
            'alias_of': 'urgency',
        },",, qualitative comment, qualitative comment,FALSE,TRUE,FALSE,FALSE,FALSE,FALSE
35913,https://github.com/caronc/apprise,6fb8fbab1974fe424025a3f1b99532d5339e3ce0,apprise,apprise/test/test_plugin_glib.py,test_plugin_glib.py,https://github.com/caronc/apprise/blob/6fb8fbab1974fe424025a3f1b99532d5339e3ce0/test/test_plugin_glib.py#L444,"    reload_plugin('NotifyDBus', replace_in=current_module)

    # Create instance.
    obj = apprise.Apprise.instantiate('glib://', suppress_exceptions=False)
    assert isinstance(obj, NotifyDBus) is True",,1-2 lines no loop direct explainer,,FALSE,FALSE,FALSE,FALSE,FALSE,FALSE
36328,https://github.com/caronc/apprise,6fb8fbab1974fe424025a3f1b99532d5339e3ce0,apprise,apprise/test/test_plugin_prowl.py,test_plugin_prowl.py,https://github.com/caronc/apprise/blob/6fb8fbab1974fe424025a3f1b99532d5339e3ce0/test/test_plugin_prowl.py#L89,"        'instance': NotifyProwl,

        # Our expected url(privacy=True) startswith() response:
        'privacy_url': 'prowl://a...a/b...b',
    }),",,1-2 lines no loop direct explainer,,FALSE,TRUE,FALSE,FALSE,FALSE,FALSE
36639,https://github.com/caronc/apprise,6fb8fbab1974fe424025a3f1b99532d5339e3ce0,apprise,apprise/test/test_plugin_reddit.py,test_plugin_reddit.py,https://github.com/caronc/apprise/blob/6fb8fbab1974fe424025a3f1b99532d5339e3ce0/test/test_plugin_reddit.py#L280,"    bad_response.status_code = 401

    # Change our status code and try again
    mock_post.return_value = bad_response
    assert obj.send(body=""test"") is False",,1-2 lines no loop direct explainer,,FALSE,FALSE,FALSE,FALSE,FALSE,FALSE
37042,https://github.com/caronc/apprise,6fb8fbab1974fe424025a3f1b99532d5339e3ce0,apprise,apprise/test/test_apprise_config.py,test_apprise_config.py,https://github.com/caronc/apprise/blob/6fb8fbab1974fe424025a3f1b99532d5339e3ce0/test/test_apprise_config.py#L138,"    assert len(ac) == 1

    # No urls were set
    assert len(ac.servers()) == 0
",,1-2 lines no loop direct explainer,,FALSE,FALSE,FALSE,FALSE,FALSE,FALSE
37125,https://github.com/caronc/apprise,6fb8fbab1974fe424025a3f1b99532d5339e3ce0,apprise,apprise/test/test_apprise_config.py,test_apprise_config.py,https://github.com/caronc/apprise/blob/6fb8fbab1974fe424025a3f1b99532d5339e3ce0/test/test_apprise_config.py#L501,"    CONFIG_SCHEMA_MAP['bad'] = BadConfig

    # temporary file to work with
    t = tmpdir.mkdir(""apprise-bad-obj"").join(""invalid"")
    buf = """"""",,1-2 lines no loop direct explainer,,FALSE,FALSE,FALSE,FALSE,FALSE,FALSE
37714,https://github.com/caronc/apprise,6fb8fbab1974fe424025a3f1b99532d5339e3ce0,apprise,apprise/test/test_apprise_utils.py,test_apprise_utils.py,https://github.com/caronc/apprise/blob/6fb8fbab1974fe424025a3f1b99532d5339e3ce0/test/test_apprise_utils.py#L2172,"    assert len(common.NOTIFY_CUSTOM_MODULE_MAP) == 1

    # Prepare an empty file
    notify_hook_c.write("""")
    utils.module_detection([str(notify_hook_c_base)], cache=False)",,1-2 lines no loop direct explainer,,FALSE,FALSE,FALSE,FALSE,FALSE,FALSE
37748,https://github.com/caronc/apprise,6fb8fbab1974fe424025a3f1b99532d5339e3ce0,apprise,apprise/test/test_apprise_utils.py,test_apprise_utils.py,https://github.com/caronc/apprise/blob/6fb8fbab1974fe424025a3f1b99532d5339e3ce0/test/test_apprise_utils.py#L2404,"    assert utils.is_exclusive_match(logic=['all'], data=data) is True

    # def and abc in data
    assert utils.is_exclusive_match(
        logic=[('abc', 'def')], data=data) is True",,1-2 lines no loop direct explainer,,FALSE,FALSE,FALSE,FALSE,FALSE,FALSE
37922,https://github.com/caronc/apprise,6fb8fbab1974fe424025a3f1b99532d5339e3ce0,apprise,apprise/test/test_plugin_sendgrid.py,test_plugin_sendgrid.py,https://github.com/caronc/apprise/blob/6fb8fbab1974fe424025a3f1b99532d5339e3ce0/test/test_plugin_sendgrid.py#L144,"            apikey='abcd', from_email='!invalid')

    # no email
    with pytest.raises(TypeError):
        NotifySendGrid(apikey='abcd', from_email=None)",,1-2 lines no loop direct explainer,,FALSE,FALSE,FALSE,FALSE,FALSE,FALSE
38085,https://github.com/caronc/apprise,6fb8fbab1974fe424025a3f1b99532d5339e3ce0,apprise,apprise/test/test_plugin_email.py,test_plugin_email.py,https://github.com/caronc/apprise/blob/6fb8fbab1974fe424025a3f1b99532d5339e3ce0/test/test_plugin_email.py#L180,"            'instance': NotifyEmail,
        }),
    # No Password
    ('mailtos://user:@nuxref.com', {
        'instance': NotifyEmail,",,1-2 lines no loop direct explainer,,FALSE,FALSE,FALSE,FALSE,FALSE,FALSE
38497,https://github.com/caronc/apprise,6fb8fbab1974fe424025a3f1b99532d5339e3ce0,apprise,apprise/test/test_decorator_notify.py,test_decorator_notify.py,https://github.com/caronc/apprise/blob/6fb8fbab1974fe424025a3f1b99532d5339e3ce0/test/test_decorator_notify.py#L91,"    assert len(verify_obj['attach']) == 2

    # No format was defined
    assert 'body_format' in verify_obj['kwargs']
    assert verify_obj['kwargs']['body_format'] is None",,1-2 lines no loop direct explainer,1-2 lines no loop direct explainer,FALSE,FALSE,FALSE,FALSE,FALSE,FALSE
38650,https://github.com/caronc/apprise,6fb8fbab1974fe424025a3f1b99532d5339e3ce0,apprise,apprise/test/test_plugin_matrix.py,test_plugin_matrix.py,https://github.com/caronc/apprise/blob/6fb8fbab1974fe424025a3f1b99532d5339e3ce0/test/test_plugin_matrix.py#L561,"        'home_server': 'localhost',

        # For joined_room response
        'joined_rooms': ['!abc123:localhost', '!def456:localhost'],
",,1-2 lines no loop direct explainer,,FALSE,FALSE,FALSE,FALSE,FALSE,FALSE
39201,https://github.com/caronc/apprise,6fb8fbab1974fe424025a3f1b99532d5339e3ce0,apprise,apprise/test/test_plugin_signal.py,test_plugin_signal.py,https://github.com/caronc/apprise/blob/6fb8fbab1974fe424025a3f1b99532d5339e3ce0/test/test_plugin_signal.py#L43,"TEST_VAR_DIR = os.path.join(os.path.dirname(__file__), 'var')

# Our Testing URLs
apprise_url_tests = (
    ('signal://', {",,1-2 lines no loop direct explainer,,FALSE,FALSE,FALSE,FALSE,FALSE,FALSE
39951,https://github.com/caronc/apprise,6fb8fbab1974fe424025a3f1b99532d5339e3ce0,apprise,apprise/test/test_api.py,test_api.py,https://github.com/caronc/apprise/blob/6fb8fbab1974fe424025a3f1b99532d5339e3ce0/test/test_api.py#L1870,"    pass"""""")

    # No class of the same name
    base.join('NotifyBadFile2.py').write(
        """"""",,1-2 lines no loop direct explainer,,FALSE,FALSE,FALSE,FALSE,FALSE,FALSE
40737,https://github.com/caronc/apprise,6fb8fbab1974fe424025a3f1b99532d5339e3ce0,apprise,apprise/test/test_plugin_fcm.py,test_plugin_fcm.py,https://github.com/caronc/apprise/blob/6fb8fbab1974fe424025a3f1b99532d5339e3ce0/test/test_plugin_fcm.py#L660,"    response.status_code = requests.codes.ok

    # No access token
    bad_response_1 = mock.Mock()
    bad_response_1.content = json.dumps({",,1-2 lines no loop direct explainer,,FALSE,FALSE,FALSE,FALSE,FALSE,FALSE
40767,https://github.com/caronc/apprise,6fb8fbab1974fe424025a3f1b99532d5339e3ce0,apprise,apprise/test/test_plugin_fcm.py,test_plugin_fcm.py,https://github.com/caronc/apprise/blob/6fb8fbab1974fe424025a3f1b99532d5339e3ce0/test/test_plugin_fcm.py#L814,"    assert instance.get() == '#a2b3a4'
    assert bool(instance) is True
    # str() response does not include hashtag
    assert str(instance) == 'a2b3a4'
",,1-2 lines no loop direct explainer,,FALSE,TRUE,FALSE,FALSE,FALSE,FALSE
40993,https://github.com/caronc/apprise,6fb8fbab1974fe424025a3f1b99532d5339e3ce0,apprise,apprise/test/test_notify_base.py,test_notify_base.py,https://github.com/caronc/apprise/blob/6fb8fbab1974fe424025a3f1b99532d5339e3ce0/test/test_notify_base.py#L172,"    assert nb.image_raw(notify_type=NotifyType.INFO) is not None

    # But we will not get a response with an invalid notification type
    assert nb.image_url(notify_type='invalid') is None
    assert nb.image_path(notify_type='invalid') is None",,1-2 lines no loop direct explainer,,FALSE,FALSE,FALSE,FALSE,FALSE,FALSE
41036,https://github.com/caronc/apprise,6fb8fbab1974fe424025a3f1b99532d5339e3ce0,apprise,apprise/test/test_plugin_xbmc_kodi.py,test_plugin_xbmc_kodi.py,https://github.com/caronc/apprise/blob/6fb8fbab1974fe424025a3f1b99532d5339e3ce0/test/test_plugin_xbmc_kodi.py#L50,"        # Support IPv6 Addresses
        'instance': NotifyXBMC,
        # Privacy URL
        'privacy_url': 'kodi://[2001:db8:002a:3256:adfe:05c0:0003:0006]',
    }),",,1-2 lines no loop direct explainer,,FALSE,FALSE,FALSE,FALSE,FALSE,FALSE
41103,https://github.com/caronc/apprise,6fb8fbab1974fe424025a3f1b99532d5339e3ce0,apprise,apprise/test/helpers/rest.py,rest.py,https://github.com/caronc/apprise/blob/6fb8fbab1974fe424025a3f1b99532d5339e3ce0/test/helpers/rest.py#L280,"            # object
            for key, val in self.items():
                # Test that our object has the desired key
                assert hasattr(key, obj) is True
                assert getattr(key, obj) == val",,1-2 lines no loop direct explainer,,FALSE,FALSE,FALSE,FALSE,FALSE,FALSE
41152,https://github.com/caronc/apprise,6fb8fbab1974fe424025a3f1b99532d5339e3ce0,apprise,apprise/apprise/AppriseAttachment.py,AppriseAttachment.py,https://github.com/caronc/apprise/blob/6fb8fbab1974fe424025a3f1b99532d5339e3ce0/apprise/AppriseAttachment.py#L83,"        """"""

        # Initialize our attachment listings
        self.attachments = list()
",,1-2 lines no loop direct explainer,,FALSE,FALSE,FALSE,FALSE,FALSE,FALSE
41462,https://github.com/caronc/apprise,6fb8fbab1974fe424025a3f1b99532d5339e3ce0,apprise,apprise/apprise/Apprise.py,Apprise.py,https://github.com/caronc/apprise/blob/6fb8fbab1974fe424025a3f1b99532d5339e3ce0/apprise/Apprise.py#L240,"        """"""

        # Initialize our return status
        return_status = True
",,1-2 lines no loop direct explainer,,FALSE,FALSE,FALSE,FALSE,FALSE,FALSE
41545,https://github.com/caronc/apprise,6fb8fbab1974fe424025a3f1b99532d5339e3ce0,apprise,apprise/apprise/AppriseConfig.py,AppriseConfig.py,https://github.com/caronc/apprise/blob/6fb8fbab1974fe424025a3f1b99532d5339e3ce0/apprise/AppriseConfig.py#L111,"
        if paths is not None:
            # Store our path(s)
            self.add(paths)
",,1-2 lines no loop direct explainer,,FALSE,FALSE,FALSE,FALSE,FALSE,FALSE
41966,https://github.com/caronc/apprise,6fb8fbab1974fe424025a3f1b99532d5339e3ce0,apprise,apprise/apprise/config/ConfigBase.py,ConfigBase.py,https://github.com/caronc/apprise/blob/6fb8fbab1974fe424025a3f1b99532d5339e3ce0/apprise/config/ConfigBase.py#L232,"                        continue

                # CWE-312 (Secure Logging) Handling
                loggable_url = url if not asset.secure_logging \
                    else cwe312_url(url)",,1-2 lines no loop direct explainer,,FALSE,FALSE,FALSE,FALSE,FALSE,FALSE
42477,https://github.com/caronc/apprise,6fb8fbab1974fe424025a3f1b99532d5339e3ce0,apprise,apprise/apprise/plugins/NotifyBase.py,NotifyBase.py,https://github.com/caronc/apprise/blob/6fb8fbab1974fe424025a3f1b99532d5339e3ce0/apprise/plugins/NotifyBase.py#L333,"        response = list()

        # tidy
        title = '' if not title else title.strip()
        body = '' if not body else body.rstrip()",,1-2 lines no loop direct explainer,,FALSE,FALSE,FALSE,FALSE,FALSE,FALSE
42538,https://github.com/caronc/apprise,6fb8fbab1974fe424025a3f1b99532d5339e3ce0,apprise,apprise/apprise/plugins/NotifyMastodon.py,NotifyMastodon.py,https://github.com/caronc/apprise/blob/6fb8fbab1974fe424025a3f1b99532d5339e3ce0/apprise/plugins/NotifyMastodon.py#L294,"        self.spoiler = spoiler if isinstance(spoiler, str) else None

        # Idempotency Key
        self.idempotency_key = key if isinstance(key, str) else None
",,1-2 lines no loop direct explainer,,FALSE,FALSE,FALSE,FALSE,FALSE,FALSE
42889,https://github.com/caronc/apprise,6fb8fbab1974fe424025a3f1b99532d5339e3ce0,apprise,apprise/apprise/plugins/NotifyEmail.py,NotifyEmail.py,https://github.com/caronc/apprise/blob/6fb8fbab1974fe424025a3f1b99532d5339e3ce0/apprise/plugins/NotifyEmail.py#L502,"            smtp_host if isinstance(smtp_host, str) else ''

        # Now detect secure mode
        if secure_mode:
            self.secure_mode = None \",,1-2 lines no loop direct explainer,,FALSE,FALSE,FALSE,FALSE,FALSE,FALSE
42982,https://github.com/caronc/apprise,6fb8fbab1974fe424025a3f1b99532d5339e3ce0,apprise,apprise/apprise/plugins/NotifyNotifico.py,NotifyNotifico.py,https://github.com/caronc/apprise/blob/6fb8fbab1974fe424025a3f1b99532d5339e3ce0/apprise/plugins/NotifyNotifico.py#L88,"    """"""

    # The default descriptive name associated with the Notification
    service_name = 'Notifico'
",,1-2 lines no loop direct explainer,,FALSE,FALSE,FALSE,FALSE,FALSE,FALSE
43069,https://github.com/caronc/apprise,6fb8fbab1974fe424025a3f1b99532d5339e3ce0,apprise,apprise/apprise/plugins/NotifyFlock.py,NotifyFlock.py,https://github.com/caronc/apprise/blob/6fb8fbab1974fe424025a3f1b99532d5339e3ce0/apprise/plugins/NotifyFlock.py#L52,"

# Extend HTTP Error Messages
FLOCK_HTTP_ERROR_MAP = {
    401: 'Unauthorized - Invalid Token.',",,1-2 lines no loop direct explainer,,FALSE,FALSE,FALSE,FALSE,FALSE,FALSE
43190,https://github.com/caronc/apprise,6fb8fbab1974fe424025a3f1b99532d5339e3ce0,apprise,apprise/apprise/plugins/NotifyPushover.py,NotifyPushover.py,https://github.com/caronc/apprise/blob/6fb8fbab1974fe424025a3f1b99532d5339e3ce0/apprise/plugins/NotifyPushover.py#L594,"        results['user_key'] = NotifyPushover.unquote(results['user'])

        # Get the sound
        if 'sound' in results['qsd'] and len(results['qsd']['sound']):
            results['sound'] = \",,1-2 lines no loop direct explainer,,FALSE,FALSE,FALSE,FALSE,FALSE,FALSE
43529,https://github.com/caronc/apprise,6fb8fbab1974fe424025a3f1b99532d5339e3ce0,apprise,apprise/apprise/plugins/NotifySinch.py,NotifySinch.py,https://github.com/caronc/apprise/blob/6fb8fbab1974fe424025a3f1b99532d5339e3ce0/apprise/plugins/NotifySinch.py#L63,"    """"""

    # The default descriptive name associated with the Notification
    service_name = 'Sinch'
",,1-2 lines no loop direct explainer,,FALSE,FALSE,FALSE,FALSE,FALSE,FALSE
43630,https://github.com/caronc/apprise,6fb8fbab1974fe424025a3f1b99532d5339e3ce0,apprise,apprise/apprise/plugins/NotifyMSTeams.py,NotifyMSTeams.py,https://github.com/caronc/apprise/blob/6fb8fbab1974fe424025a3f1b99532d5339e3ce0/apprise/plugins/NotifyMSTeams.py#L340,"        tokens = self.tokens.copy()

        # Apply some defaults template values
        tokens['app_body'] = body
        tokens['app_title'] = title",,1-2 lines no loop direct explainer,,FALSE,FALSE,FALSE,FALSE,FALSE,FALSE
43942,https://github.com/caronc/apprise,6fb8fbab1974fe424025a3f1b99532d5339e3ce0,apprise,apprise/apprise/plugins/NotifyPushSafer.py,NotifyPushSafer.py,https://github.com/caronc/apprise/blob/6fb8fbab1974fe424025a3f1b99532d5339e3ce0/apprise/plugins/NotifyPushSafer.py#L681,"        response = None

        # Initialize our Pushsafer expected responses
        _code = None
        _str = 'Unknown'",,1-2 lines no loop direct explainer,,FALSE,FALSE,FALSE,FALSE,FALSE,FALSE
43971,https://github.com/caronc/apprise,6fb8fbab1974fe424025a3f1b99532d5339e3ce0,apprise,apprise/apprise/plugins/NotifyMailgun.py,NotifyMailgun.py,https://github.com/caronc/apprise/blob/6fb8fbab1974fe424025a3f1b99532d5339e3ce0/apprise/plugins/NotifyMailgun.py#L105,"    service_url = 'https://www.mailgun.com/'

    # All notification requests are secure
    secure_protocol = 'mailgun'
",,1-2 lines no loop direct explainer,,FALSE,FALSE,FALSE,FALSE,FALSE,FALSE
44012,https://github.com/caronc/apprise,6fb8fbab1974fe424025a3f1b99532d5339e3ce0,apprise,apprise/apprise/plugins/NotifyMailgun.py,NotifyMailgun.py,https://github.com/caronc/apprise/blob/6fb8fbab1974fe424025a3f1b99532d5339e3ce0/apprise/plugins/NotifyMailgun.py#L399,"        # Prepare our payload
        payload = {
            # pass skip-verification switch upstream too
            'o:skip-verification': not self.verify_certificate,
",,1-2 lines no loop direct explainer,,FALSE,FALSE,FALSE,FALSE,FALSE,FALSE
44305,https://github.com/caronc/apprise,6fb8fbab1974fe424025a3f1b99532d5339e3ce0,apprise,apprise/apprise/plugins/NotifyGitter.py,NotifyGitter.py,https://github.com/caronc/apprise/blob/6fb8fbab1974fe424025a3f1b99532d5339e3ce0/apprise/plugins/NotifyGitter.py#L368,"        """"""

        # Define any URL parameters
        params = {
            'image': 'yes' if self.include_image else 'no',",,1-2 lines no loop direct explainer,,FALSE,FALSE,FALSE,FALSE,FALSE,FALSE
44686,https://github.com/caronc/apprise,6fb8fbab1974fe424025a3f1b99532d5339e3ce0,apprise,apprise/apprise/plugins/NotifyDingTalk.py,NotifyDingTalk.py,https://github.com/caronc/apprise/blob/6fb8fbab1974fe424025a3f1b99532d5339e3ce0/apprise/plugins/NotifyDingTalk.py#L232,"        self.logger.debug('DingTalk Payload: {}' .format(payload))

        # Always call throttle before any remote server i/o is made
        self.throttle()
",,1-2 lines no loop direct explainer,,FALSE,FALSE,FALSE,FALSE,FALSE,FALSE
44746,https://github.com/caronc/apprise,6fb8fbab1974fe424025a3f1b99532d5339e3ce0,apprise,apprise/apprise/plugins/NotifyDapnet.py,NotifyDapnet.py,https://github.com/caronc/apprise/blob/6fb8fbab1974fe424025a3f1b99532d5339e3ce0/apprise/plugins/NotifyDapnet.py#L380,"                 NotifyDapnet.parse_list(results['qsd']['txgroups'])]

        # Get Batch Mode Flag
        results['batch'] = \
            parse_bool(results['qsd'].get(",,1-2 lines no loop direct explainer,,FALSE,FALSE,FALSE,FALSE,FALSE,FALSE
44782,https://github.com/caronc/apprise,6fb8fbab1974fe424025a3f1b99532d5339e3ce0,apprise,apprise/apprise/plugins/NotifyOpsgenie.py,NotifyOpsgenie.py,https://github.com/caronc/apprise/blob/6fb8fbab1974fe424025a3f1b99532d5339e3ce0/apprise/plugins/NotifyOpsgenie.py#L298,"        self.details = {}
        if details:
            # Store our extra details
            self.details.update(details)
",,1-2 lines no loop direct explainer,,FALSE,FALSE,FALSE,FALSE,FALSE,FALSE
44907,https://github.com/caronc/apprise,6fb8fbab1974fe424025a3f1b99532d5339e3ce0,apprise,apprise/apprise/plugins/NotifySNS.py,NotifySNS.py,https://github.com/caronc/apprise/blob/6fb8fbab1974fe424025a3f1b99532d5339e3ce0/apprise/plugins/NotifySNS.py#L628,"        for i, entry in enumerate(entries):

            # Are we at the region yet?
            result = IS_REGION.match(entry)
            if result:",,1-2 lines no loop direct explainer,,FALSE,FALSE,FALSE,FALSE,FALSE,TRUE
45253,https://github.com/caronc/apprise,6fb8fbab1974fe424025a3f1b99532d5339e3ce0,apprise,apprise/apprise/plugins/NotifyJoin.py,NotifyJoin.py,https://github.com/caronc/apprise/blob/6fb8fbab1974fe424025a3f1b99532d5339e3ce0/apprise/plugins/NotifyJoin.py#L107,"    """"""

    # The default descriptive name associated with the Notification
    service_name = 'Join'
",,1-2 lines no loop direct explainer,,FALSE,FALSE,FALSE,FALSE,FALSE,FALSE
46010,https://github.com/caronc/apprise,6fb8fbab1974fe424025a3f1b99532d5339e3ce0,apprise,apprise/apprise/plugins/NotifyProwl.py,NotifyProwl.py,https://github.com/caronc/apprise/blob/6fb8fbab1974fe424025a3f1b99532d5339e3ce0/apprise/plugins/NotifyProwl.py#L101,"    request_rate_per_sec = 0

    # The maximum allowable characters allowed in the body per message
    body_maxlen = 10000
",,1-2 lines no loop direct explainer,,FALSE,FALSE,FALSE,FALSE,FALSE,FALSE
46672,https://github.com/caronc/apprise,6fb8fbab1974fe424025a3f1b99532d5339e3ce0,apprise,apprise/apprise/plugins/NotifyPushed.py,NotifyPushed.py,https://github.com/caronc/apprise/blob/6fb8fbab1974fe424025a3f1b99532d5339e3ce0/apprise/plugins/NotifyPushed.py#L339,"
        entries = NotifyPushed.split_path(results['fullpath'])
        # Now fetch the remaining tokens
        try:
            app_secret = entries.pop(0)",,1-2 lines no loop direct explainer,,FALSE,FALSE,FALSE,FALSE,FALSE,FALSE
47119,https://github.com/caronc/apprise,6fb8fbab1974fe424025a3f1b99532d5339e3ce0,apprise,apprise/apprise/plugins/NotifyVonage.py,NotifyVonage.py,https://github.com/caronc/apprise/blob/6fb8fbab1974fe424025a3f1b99532d5339e3ce0/apprise/plugins/NotifyVonage.py#L344,"        results['targets'] = NotifyVonage.split_path(results['fullpath'])

        # The hostname is our source number
        results['source'] = NotifyVonage.unquote(results['host'])
",,1-2 lines no loop direct explainer,,FALSE,FALSE,FALSE,FALSE,FALSE,FALSE
47342,https://github.com/caronc/apprise,6fb8fbab1974fe424025a3f1b99532d5339e3ce0,apprise,apprise/apprise/plugins/NotifyOffice365.py,NotifyOffice365.py,https://github.com/caronc/apprise/blob/6fb8fbab1974fe424025a3f1b99532d5339e3ce0/apprise/plugins/NotifyOffice365.py#L560,"
        if self.cc:
            # Handle our Carbon Copy Addresses
            params['cc'] = ','.join(
                ['{}{}'.format(",,1-2 lines no loop direct explainer,1-2 lines no loop direct explainer,FALSE,FALSE,FALSE,FALSE,FALSE,FALSE
47377,https://github.com/caronc/apprise,6fb8fbab1974fe424025a3f1b99532d5339e3ce0,apprise,apprise/apprise/plugins/NotifyGuilded.py,NotifyGuilded.py,https://github.com/caronc/apprise/blob/6fb8fbab1974fe424025a3f1b99532d5339e3ce0/apprise/plugins/NotifyGuilded.py#L61,"    setup_url = 'https://github.com/caronc/apprise/wiki/Notify_guilded'

    # The default secure protocol
    secure_protocol = 'guilded'
",,1-2 lines no loop direct explainer,,FALSE,FALSE,FALSE,FALSE,FALSE,FALSE
47848,https://github.com/caronc/apprise,6fb8fbab1974fe424025a3f1b99532d5339e3ce0,apprise,apprise/apprise/plugins/NotifyRyver.py,NotifyRyver.py,https://github.com/caronc/apprise/blob/6fb8fbab1974fe424025a3f1b99532d5339e3ce0/apprise/plugins/NotifyRyver.py#L274,"        """"""

        # Define any URL parameters
        params = {
            'image': 'yes' if self.include_image else 'no',",,1-2 lines no loop direct explainer,,FALSE,FALSE,FALSE,FALSE,FALSE,FALSE
47886,https://github.com/caronc/apprise,6fb8fbab1974fe424025a3f1b99532d5339e3ce0,apprise,apprise/apprise/plugins/NotifyFCM/__init__.py,__init__.py,https://github.com/caronc/apprise/blob/6fb8fbab1974fe424025a3f1b99532d5339e3ce0/apprise/plugins/NotifyFCM/__init__.py#L91,"    """"""

    # Set our global enabled flag
    enabled = NOTIFY_FCM_SUPPORT_ENABLED
",,1-2 lines no loop direct explainer,,FALSE,FALSE,FALSE,FALSE,FALSE,FALSE
47943,https://github.com/caronc/apprise,6fb8fbab1974fe424025a3f1b99532d5339e3ce0,apprise,apprise/apprise/plugins/NotifyFCM/__init__.py,__init__.py,https://github.com/caronc/apprise/blob/6fb8fbab1974fe424025a3f1b99532d5339e3ce0/apprise/plugins/NotifyFCM/__init__.py#L527,"
        if self.image_src:
            # Include our image path as part of our URL payload
            params['image_url'] = self.image_src
",,1-2 lines no loop direct explainer,,FALSE,FALSE,FALSE,FALSE,FALSE,FALSE
48060,https://github.com/caronc/apprise,6fb8fbab1974fe424025a3f1b99532d5339e3ce0,apprise,apprise/apprise/attachment/AttachHTTP.py,AttachHTTP.py,https://github.com/caronc/apprise/blob/6fb8fbab1974fe424025a3f1b99532d5339e3ce0/apprise/attachment/AttachHTTP.py#L149,"                if self.max_file_size > 0 and file_size > self.max_file_size:

                    # The content retrieved is to large
                    self.logger.error(
                        'HTTP response exceeds allowable maximum file length '",,1-2 lines no loop direct explainer,,FALSE,FALSE,FALSE,FALSE,FALSE,FALSE
48120,https://github.com/caronc/apprise,6fb8fbab1974fe424025a3f1b99532d5339e3ce0,apprise,apprise/apprise/attachment/AttachBase.py,AttachBase.py,https://github.com/caronc/apprise/blob/6fb8fbab1974fe424025a3f1b99532d5339e3ce0/apprise/attachment/AttachBase.py#L48,"    unknown_filename = 'apprise-attachment'

    # Our filename extension when we can't otherwise determine one
    unknown_filename_extension = '.obj'
",,1-2 lines no loop direct explainer,,FALSE,FALSE,FALSE,FALSE,FALSE,FALSE
47497,https://github.com/caronc/apprise,6fb8fbab1974fe424025a3f1b99532d5339e3ce0,apprise,apprise/apprise/plugins/NotifyXML.py,NotifyXML.py,https://github.com/caronc/apprise/blob/6fb8fbab1974fe424025a3f1b99532d5339e3ce0/apprise/plugins/NotifyXML.py#L326,"        }

        # Iterate over above list and store content accordingly
        re_table = re.compile(
            r'(' + '|'.join(re_map.keys()) + r')',",,2-5 or loop DE,,FALSE,FALSE,FALSE,FALSE,FALSE,FALSE
36003,https://github.com/caronc/apprise,6fb8fbab1974fe424025a3f1b99532d5339e3ce0,apprise,apprise/test/test_locale.py,test_locale.py,https://github.com/caronc/apprise/blob/6fb8fbab1974fe424025a3f1b99532d5339e3ce0/test/test_locale.py#L151,"        .detect_language(detect_fallback=False) is None

    # 0 = IndexError
    windll.kernel32.GetUserDefaultUILanguage.return_value = 0
    setattr(ctypes, 'windll', windll)",,Commented out code,,FALSE,FALSE,FALSE,FALSE,FALSE,FALSE
36174,https://github.com/caronc/apprise,6fb8fbab1974fe424025a3f1b99532d5339e3ce0,apprise,apprise/test/test_config_base.py,test_config_base.py,https://github.com/caronc/apprise/blob/6fb8fbab1974fe424025a3f1b99532d5339e3ce0/test/test_config_base.py#L1072,""""""", asset=asset)

    # Invalid data gets us an empty result set
    assert isinstance(result, list)
    assert len(result) == 0",,Control flow/program logic,Control flow/program logic,FALSE,TRUE,FALSE,FALSE,FALSE,FALSE
36442,https://github.com/caronc/apprise,6fb8fbab1974fe424025a3f1b99532d5339e3ce0,apprise,apprise/test/test_plugin_smseagle.py,test_plugin_smseagle.py,https://github.com/caronc/apprise/blob/6fb8fbab1974fe424025a3f1b99532d5339e3ce0/test/test_plugin_smseagle.py#L184,"        # Our failed response (bad json)
        'requests_response_text': '{',
        # as a result, we expect a failed notification
        'response': False,
    }),",,Control flow/program logic,,FALSE,FALSE,FALSE,FALSE,FALSE,FALSE
38463,https://github.com/caronc/apprise,6fb8fbab1974fe424025a3f1b99532d5339e3ce0,apprise,apprise/test/test_plugin_mastodon.py,test_plugin_mastodon.py,https://github.com/caronc/apprise/blob/6fb8fbab1974fe424025a3f1b99532d5339e3ce0/test/test_plugin_mastodon.py#L610,"    #

    # Try several bad responses so we can capture the block of code where
    # we try to help the end user to remind them what scope they're missing
    for response in bad_responses:
        mock_post.side_effect = [good_media_response, bad_response]",,Control flow/program logic,,FALSE,TRUE,FALSE,FALSE,FALSE,FALSE
39776,https://github.com/caronc/apprise,6fb8fbab1974fe424025a3f1b99532d5339e3ce0,apprise,apprise/test/test_api.py,test_api.py,https://github.com/caronc/apprise/blob/6fb8fbab1974fe424025a3f1b99532d5339e3ce0/test/test_api.py#L1032,"
    plugin = a.instantiate('na02://localhost')
    # Object isn't disabled until the __init__() call.  But this is still
    # enough to not instantiate the object:
    assert plugin is None
",,Control flow/program logic,,FALSE,TRUE,FALSE,FALSE,FALSE,FALSE
40058,https://github.com/caronc/apprise,6fb8fbab1974fe424025a3f1b99532d5339e3ce0,apprise,apprise/test/test_plugin_line.py,test_plugin_line.py,https://github.com/caronc/apprise/blob/6fb8fbab1974fe424025a3f1b99532d5339e3ce0/test/test_plugin_line.py#L37,"    }),
    ('line://%20/', {
        # invalid Access Token; no Integration/Routing Key
        'instance': TypeError,
    }),",,Control flow/program logic,,FALSE,FALSE,FALSE,FALSE,FALSE,FALSE
40221,https://github.com/caronc/apprise,6fb8fbab1974fe424025a3f1b99532d5339e3ce0,apprise,apprise/test/test_cli.py,test_cli.py,https://github.com/caronc/apprise/blob/6fb8fbab1974fe424025a3f1b99532d5339e3ce0/test/test_cli.py#L979,"    assert NOTIFY_CUSTOM_MODULE_MAP[key]['notify']['clihook']['fn_name'] \
        == 'mywrapper'
    # What we parsed from the `on` keyword in the @notify decorator
    assert NOTIFY_CUSTOM_MODULE_MAP[key]['notify']['clihook']['url'] \
        == 'clihook://'",,Control flow/program logic,,FALSE,TRUE,FALSE,FALSE,FALSE,FALSE
40510,https://github.com/caronc/apprise,6fb8fbab1974fe424025a3f1b99532d5339e3ce0,apprise,apprise/test/test_logger.py,test_logger.py,https://github.com/caronc/apprise/blob/6fb8fbab1974fe424025a3f1b99532d5339e3ce0/test/test_logger.py#L54,"    URLBase.logger.setLevel(logging.DEPRECATE + 1)

    # Deprication will definitely not trigger
    URLBase.logger.deprecate('test')
",,Control flow/program logic,Control flow/program logic,FALSE,TRUE,FALSE,FALSE,FALSE,FALSE
40597,https://github.com/caronc/apprise,6fb8fbab1974fe424025a3f1b99532d5339e3ce0,apprise,apprise/test/test_plugin_bulksms.py,test_plugin_bulksms.py,https://github.com/caronc/apprise/blob/6fb8fbab1974fe424025a3f1b99532d5339e3ce0/test/test_plugin_bulksms.py#L148,"        # A garbage entry
        '12',
        # NOw a valid one because a group was implicit
        '@12',
    ]",,Control flow/program logic,Control flow/program logic,FALSE,FALSE,FALSE,FALSE,FALSE,FALSE
40699,https://github.com/caronc/apprise,6fb8fbab1974fe424025a3f1b99532d5339e3ce0,apprise,apprise/test/test_plugin_fcm.py,test_plugin_fcm.py,https://github.com/caronc/apprise/blob/6fb8fbab1974fe424025a3f1b99532d5339e3ce0/test/test_plugin_fcm.py#L366,"
    with mock.patch('builtins.open', side_effect=OSError):
        # we'll fail as a result
        assert obj.notify(""test"") is False
",,Control flow/program logic,,FALSE,FALSE,FALSE,FALSE,FALSE,FALSE
40766,https://github.com/caronc/apprise,6fb8fbab1974fe424025a3f1b99532d5339e3ce0,apprise,apprise/test/test_plugin_fcm.py,test_plugin_fcm.py,https://github.com/caronc/apprise/blob/6fb8fbab1974fe424025a3f1b99532d5339e3ce0/test/test_plugin_fcm.py#L811,"    instance = FCMColorManager('A2B3A4')
    assert isinstance(instance.get(), str)
    # Hashtag is always part of output
    assert instance.get() == '#a2b3a4'
    assert bool(instance) is True",,Control flow/program logic,Control flow/program logic,FALSE,FALSE,FALSE,FALSE,FALSE,FALSE
40793,https://github.com/caronc/apprise,6fb8fbab1974fe424025a3f1b99532d5339e3ce0,apprise,apprise/test/test_plugin_vonage.py,test_plugin_vonage.py,https://github.com/caronc/apprise/blob/6fb8fbab1974fe424025a3f1b99532d5339e3ce0/test/test_plugin_vonage.py#L92,"    ('vonage://AC{}:{}@{}'.format('a' * 8, 'b' * 16, '6' * 11), {
        'instance': NotifyVonage,
        # throw a bizzare code forcing us to fail to look it up
        'response': False,
        'requests_response_code': 999,",,Control flow/program logic,,FALSE,TRUE,FALSE,FALSE,FALSE,TRUE
42381,https://github.com/caronc/apprise,6fb8fbab1974fe424025a3f1b99532d5339e3ce0,apprise,apprise/apprise/plugins/NotifySparkPost.py,NotifySparkPost.py,https://github.com/caronc/apprise/blob/6fb8fbab1974fe424025a3f1b99532d5339e3ce0/apprise/plugins/NotifySparkPost.py#L484,"            return status_code, json_response

        # Our code will never reach here (outside of infinite while loop above)

    def send(self, body, title='', notify_type=NotifyType.INFO, attach=None,",,Control flow/program logic,,FALSE,TRUE,FALSE,FALSE,FALSE,FALSE
44030,https://github.com/caronc/apprise,6fb8fbab1974fe424025a3f1b99532d5339e3ce0,apprise,apprise/apprise/plugins/NotifyMailgun.py,NotifyMailgun.py,https://github.com/caronc/apprise/blob/6fb8fbab1974fe424025a3f1b99532d5339e3ce0/apprise/plugins/NotifyMailgun.py#L496,"            self.logger.debug('Mailgun Payload: {}' .format(payload))

            # For logging output of success and errors; we get a head count
            # of our outbound details:
            verbose_dest = ', '.join(
                [x[1] for x in self.targets[index:index + batch_size]]) \",,Control flow/program logic,Control flow/program logic,FALSE,TRUE,FALSE,FALSE,FALSE,FALSE
45019,https://github.com/caronc/apprise,6fb8fbab1974fe424025a3f1b99532d5339e3ce0,apprise,apprise/apprise/plugins/NotifyTwilio.py,NotifyTwilio.py,https://github.com/caronc/apprise/blob/6fb8fbab1974fe424025a3f1b99532d5339e3ce0/apprise/plugins/NotifyTwilio.py#L389,"
        if not results:
            # We're done early as we couldn't load the results
            return results
",,Control flow/program logic,,FALSE,TRUE,FALSE,FALSE,FALSE,FALSE
45103,https://github.com/caronc/apprise,6fb8fbab1974fe424025a3f1b99532d5339e3ce0,apprise,apprise/apprise/plugins/NotifyTwitter.py,NotifyTwitter.py,https://github.com/caronc/apprise/blob/6fb8fbab1974fe424025a3f1b99532d5339e3ce0/apprise/plugins/NotifyTwitter.py#L609,"
            if not postokay or not isinstance(response, list):
                # Track our error
                continue
",Saying what the continue means for the program,Control flow/program logic,Control flow/program logic,FALSE,TRUE,FALSE,FALSE,FALSE,FALSE
46732,https://github.com/caronc/apprise,6fb8fbab1974fe424025a3f1b99532d5339e3ce0,apprise,apprise/apprise/plugins/NotifyD7Networks.py,NotifyD7Networks.py,https://github.com/caronc/apprise/blob/6fb8fbab1974fe424025a3f1b99532d5339e3ce0/apprise/plugins/NotifyD7Networks.py#L428,"        results['targets'].append(NotifyD7Networks.unquote(results['host']))

        # Get our entries; split_path() looks after unquoting content for us
        # by default
        results['targets'].extend(
            NotifyD7Networks.split_path(results['fullpath']))",,Control flow/program logic,Control flow/program logic,FALSE,FALSE,FALSE,FALSE,FALSE,FALSE
47446,https://github.com/caronc/apprise,6fb8fbab1974fe424025a3f1b99532d5339e3ce0,apprise,apprise/apprise/plugins/NotifyKavenegar.py,NotifyKavenegar.py,https://github.com/caronc/apprise/blob/6fb8fbab1974fe424025a3f1b99532d5339e3ce0/apprise/plugins/NotifyKavenegar.py#L255,"
                    try:
                        # Update our status response if we can
                        json_response = loads(r.content)
                        status_str = json_response.get('message', status_str)",,Control flow/program logic,Control flow/program logic,FALSE,FALSE,FALSE,FALSE,FALSE,FALSE
47450,https://github.com/caronc/apprise,6fb8fbab1974fe424025a3f1b99532d5339e3ce0,apprise,apprise/apprise/plugins/NotifyKavenegar.py,NotifyKavenegar.py,https://github.com/caronc/apprise/blob/6fb8fbab1974fe424025a3f1b99532d5339e3ce0/apprise/plugins/NotifyKavenegar.py#L283,"                    continue

                # If we reach here; the message was sent
                self.logger.info(
                    'Sent Kavenegar SMS notification to {}.'.format(target))",,Control flow/program logic,Control flow/program logic,FALSE,FALSE,FALSE,FALSE,FALSE,FALSE
47616,https://github.com/caronc/apprise,6fb8fbab1974fe424025a3f1b99532d5339e3ce0,apprise,apprise/apprise/plugins/NotifyNtfy.py,NotifyNtfy.py,https://github.com/caronc/apprise/blob/6fb8fbab1974fe424025a3f1b99532d5339e3ce0/apprise/plugins/NotifyNtfy.py#L376,"
        else:  # NotifyNtfy.PRVATE
            # Allow more settings to be applied now
            if self.user:
                auth = (self.user, self.password)",,Control flow/program logic,,FALSE,FALSE,FALSE,FALSE,FALSE,FALSE
35579,https://github.com/caronc/apprise,6fb8fbab1974fe424025a3f1b99532d5339e3ce0,apprise,apprise/test/test_plugin_msteams.py,test_plugin_msteams.py,https://github.com/caronc/apprise/blob/6fb8fbab1974fe424025a3f1b99532d5339e3ce0/test/test_plugin_msteams.py#L181,"@mock.patch('requests.post')
def test_plugin_msteams_templating(mock_post, tmpdir):
    """"""
    NotifyMSTeams() Templating

    """"""

    # Prepare Mock",,Docstring,,FALSE,FALSE,FALSE,FALSE,FALSE,FALSE
36877,https://github.com/caronc/apprise,6fb8fbab1974fe424025a3f1b99532d5339e3ce0,apprise,apprise/test/test_plugin_twitter.py,test_plugin_twitter.py,https://github.com/caronc/apprise/blob/6fb8fbab1974fe424025a3f1b99532d5339e3ce0/test/test_plugin_twitter.py#L378,"
def test_plugin_twitter_edge_cases():
    """"""
    NotifyTwitter() Edge Cases

    """"""

    with pytest.raises(TypeError):",,Docstring,,FALSE,FALSE,FALSE,FALSE,FALSE,FALSE
37645,https://github.com/caronc/apprise,6fb8fbab1974fe424025a3f1b99532d5339e3ce0,apprise,apprise/test/test_apprise_utils.py,test_apprise_utils.py,https://github.com/caronc/apprise/blob/6fb8fbab1974fe424025a3f1b99532d5339e3ce0/test/test_apprise_utils.py#L1604,"def test_parse_phone_no():
    """"""utils: parse_phone_no() testing """"""
    # A simple single array entry (As str)
    results = utils.parse_phone_no('')
    assert isinstance(results, list)",,Docstring,,FALSE,FALSE,FALSE,FALSE,FALSE,FALSE
41067,https://github.com/caronc/apprise,6fb8fbab1974fe424025a3f1b99532d5339e3ce0,apprise,apprise/test/helpers/rest.py,rest.py,https://github.com/caronc/apprise/blob/6fb8fbab1974fe424025a3f1b99532d5339e3ce0/test/helpers/rest.py#L103,"
    def run_all(self):
        """"""
        Run all of our tests
        """"""
        # iterate over our dictionary and test it out
        for (url, meta) in self.__tests:",,Docstring,,FALSE,FALSE,FALSE,FALSE,FALSE,FALSE
43104,https://github.com/caronc/apprise,6fb8fbab1974fe424025a3f1b99532d5339e3ce0,apprise,apprise/apprise/plugins/NotifyFlock.py,NotifyFlock.py,https://github.com/caronc/apprise/blob/6fb8fbab1974fe424025a3f1b99532d5339e3ce0/apprise/plugins/NotifyFlock.py#L330,"    @staticmethod
    def parse_url(url):
        """"""
        Parses the URL and returns enough arguments that can allow
        us to re-instantiate this object.
        """"""
        results = NotifyBase.parse_url(url, verify_host=False)
        if not results:",,Docstring,,FALSE,FALSE,FALSE,FALSE,FALSE,FALSE
36592,https://github.com/caronc/apprise,6fb8fbab1974fe424025a3f1b99532d5339e3ce0,apprise,apprise/test/test_plugin_reddit.py,test_plugin_reddit.py,https://github.com/caronc/apprise/blob/6fb8fbab1974fe424025a3f1b99532d5339e3ce0/test/test_plugin_reddit.py#L41,"apprise_url_tests = (
    ('reddit://', {
        # Missing all credentials
        'instance': TypeError,
    }),",,human explainability ,human explainability ,FALSE,TRUE,FALSE,FALSE,FALSE,FALSE
39272,https://github.com/caronc/apprise,6fb8fbab1974fe424025a3f1b99532d5339e3ce0,apprise,apprise/test/test_plugin_msg91.py,test_plugin_msg91.py,https://github.com/caronc/apprise/blob/6fb8fbab1974fe424025a3f1b99532d5339e3ce0/test/test_plugin_msg91.py#L83,"    }),
    ('msg91://{}/15551232000'.format('a' * 23), {
        # a valid message
        'instance': NotifyMSG91,
",,human explainability ,,FALSE,FALSE,FALSE,FALSE,FALSE,FALSE
42938,https://github.com/caronc/apprise,6fb8fbab1974fe424025a3f1b99532d5339e3ce0,apprise,apprise/apprise/plugins/NotifyEmail.py,NotifyEmail.py,https://github.com/caronc/apprise/blob/6fb8fbab1974fe424025a3f1b99532d5339e3ce0/apprise/plugins/NotifyEmail.py#L879,"        finally:
            # Gracefully terminate the connection with the server
            if socket is not None:  # pragma: no branch
                socket.quit()
",,Instrumentation for automated tool,,FALSE,FALSE,FALSE,FALSE,FALSE,FALSE
40017,https://github.com/caronc/apprise,6fb8fbab1974fe424025a3f1b99532d5339e3ce0,apprise,apprise/test/test_plugin_pushed.py,test_plugin_pushed.py,https://github.com/caronc/apprise/blob/6fb8fbab1974fe424025a3f1b99532d5339e3ce0/test/test_plugin_pushed.py#L92,"    ('pushed://%s/%s' % ('a' * 32, 'a' * 64), {
        'instance': NotifyPushed,
        # throw a bizzare code forcing us to fail to look it up
        'response': False,
        'requests_response_code': 999,",,Note to self,Note to self,FALSE,TRUE,FALSE,FALSE,TRUE,FALSE
44639,https://github.com/caronc/apprise,6fb8fbab1974fe424025a3f1b99532d5339e3ce0,apprise,apprise/apprise/plugins/__init__.py,__init__.py,https://github.com/caronc/apprise/blob/6fb8fbab1974fe424025a3f1b99532d5339e3ce0/apprise/plugins/__init__.py#L427,"        # full functionality (that might otherwise be limited).

        # Similar to `packages_required`, you would identify each entry in
        # the array as you would in a `requirements.txt` file.
        #
        #   - Do not re-provide entries already in the `packages_required`
        'packages_recommended': [],
    }","between control flow, qualatitive, and note to self - MLE thinks fits better there",Note to self,Note to self,FALSE,TRUE,FALSE,FALSE,FALSE,FALSE
44887,https://github.com/caronc/apprise,6fb8fbab1974fe424025a3f1b99532d5339e3ce0,apprise,apprise/apprise/plugins/NotifySNS.py,NotifySNS.py,https://github.com/caronc/apprise/blob/6fb8fbab1974fe424025a3f1b99532d5339e3ce0/apprise/plugins/NotifySNS.py#L493,"    @staticmethod
    def aws_response_to_dict(aws_response):
        """"""
        Takes an AWS Response object as input and returns it as a dictionary
        but not befor extracting out what is useful to us first.

        eg:
          IN:
            <CreateTopicResponse
                  xmlns=""http://sns.amazonaws.com/doc/2010-03-31/"">
              <CreateTopicResult>
                <TopicArn>arn:aws:sns:us-east-1:000000000000:abcd</TopicArn>
                   </CreateTopicResult>
               <ResponseMetadata>
               <RequestId>604bef0f-369c-50c5-a7a4-bbd474c83d6a</RequestId>
               </ResponseMetadata>
           </CreateTopicResponse>

          OUT:
           {
              type: 'CreateTopicResponse',
              request_id: '604bef0f-369c-50c5-a7a4-bbd474c83d6a',
              topic_arn: 'arn:aws:sns:us-east-1:000000000000:abcd',
           }
        """"""

        # Define ourselves a set of directives we want to keep if found and",,Structured Docstring,,FALSE,FALSE,FALSE,FALSE,FALSE,FALSE
3333,https://github.com/caronc/apprise-api,9493fddf165ba862876052de5c740c5ab75bf2c6,apprise-api,apprise-api/apprise_api/api/tests/test_add.py,test_add.py,https://github.com/caronc/apprise-api/blob/9493fddf165ba862876052de5c740c5ab75bf2c6/apprise_api/api/tests/test_add.py#L106,"        assert response.status_code == 400

        # Test with JSON
        response = self.client.post(
            '/add/{}'.format(key),",,1-2 lines no loop direct explainer,,FALSE,FALSE,FALSE,FALSE,FALSE,FALSE
3429,https://github.com/caronc/apprise-api,9493fddf165ba862876052de5c740c5ab75bf2c6,apprise-api,apprise-api/apprise_api/api/tests/test_stateless_notify.py,test_stateless_notify.py,https://github.com/caronc/apprise-api/blob/9493fddf165ba862876052de5c740c5ab75bf2c6/apprise_api/api/tests/test_stateless_notify.py#L370,"        mock_send.reset_mock()

        # Send our service with the `json://` denied
        with override_settings(APPRISE_ALLOW_SERVICES=""""):
            with override_settings(APPRISE_DENY_SERVICES=""json""):",,2-5 or loop DE,,FALSE,FALSE,FALSE,FALSE,FALSE,FALSE
3195,https://github.com/caronc/apprise-api,9493fddf165ba862876052de5c740c5ab75bf2c6,apprise-api,apprise-api/apprise_api/api/views.py,views.py,https://github.com/caronc/apprise-api/blob/9493fddf165ba862876052de5c740c5ab75bf2c6/apprise_api/api/views.py#L504,"            )

        #
        # Allow 'tag' value to be specified as part of the URL parameters
        # if not found otherwise defined.
        #
        if not content.get('tag') and 'tag' in request.GET:
            content['tag'] = request.GET['tag']",,Control flow/program logic,Control flow/program logic,FALSE,TRUE,FALSE,FALSE,FALSE,FALSE
3523,https://github.com/caronc/apprise-api,9493fddf165ba862876052de5c740c5ab75bf2c6,apprise-api,apprise-api/apprise_api/api/tests/test_config_cache.py,test_config_cache.py,https://github.com/caronc/apprise-api/blob/9493fddf165ba862876052de5c740c5ab75bf2c6/apprise_api/api/tests/test_config_cache.py#L97,"    """"""

    # Write our content assigned to our key
    # This should gracefully clear the TEXT entry that was
    # previously in the spot
    assert acc_obj.put(key, content, ConfigFormat.YAML)
",,Control flow/program logic,Control flow/program logic,FALSE,TRUE,FALSE,FALSE,FALSE,FALSE
3461,https://github.com/caronc/apprise-api,9493fddf165ba862876052de5c740c5ab75bf2c6,apprise-api,apprise-api/apprise_api/api/tests/test_json_urls.py,test_json_urls.py,https://github.com/caronc/apprise-api/blob/9493fddf165ba862876052de5c740c5ab75bf2c6/apprise_api/api/tests/test_json_urls.py#L31,"
    def test_get_invalid_key_status_code(self):
        """"""
        Test GET requests to invalid key
        """"""
        response = self.client.get('/get/**invalid-key**')
        assert response.status_code == 404",,Docstring,,FALSE,FALSE,FALSE,FALSE,FALSE,FALSE
196973,https://github.com/katanemo/archgw,66100976590bff14c1a4b66f6a090c950a0aad3d,archgw,archgw/docs/source/resources/includes/agents/flights.py,flights.py,https://github.com/katanemo/archgw/blob/66100976590bff14c1a4b66f6a090c950a0aad3d/docs/source/resources/includes/agents/flights.py#L215,"        for idx, flight_group in enumerate(
            data.get(""flights"", [])[:5]
        ):  # Limit to 5 flights
            # FlightAware API nests data in segments array
            segments = flight_group.get(""segments"", [])",,1-2 lines no loop direct explainer,1-2 lines no loop direct explainer,FALSE,TRUE,FALSE,FALSE,FALSE,FALSE
196949,https://github.com/katanemo/archgw,66100976590bff14c1a4b66f6a090c950a0aad3d,archgw,archgw/docs/source/conf.py,conf.py,https://github.com/katanemo/archgw/blob/66100976590bff14c1a4b66f6a090c950a0aad3d/docs/source/conf.py#L53,"

# -- Options for HTML output -------------------------------------------------
html_theme = ""sphinxawesome_theme""  # You can change the theme to 'sphinx_rtd_theme' or another of your choice.
html_title = project + release",,section breaker,,FALSE,FALSE,FALSE,FALSE,FALSE,FALSE
195777,https://github.com/GAIR-NLP/ASI-Arch,3113c51b04a1d4a7520a3b0238c6a08d3194d58f,ASI-Arch,ASI-Arch/database/mongodb_database.py,mongodb_database.py,https://github.com/GAIR-NLP/ASI-Arch/blob/3113c51b04a1d4a7520a3b0238c6a08d3194d58f/database/mongodb_database.py#L789,"        self.close()
    def search_similar_motivations(self, query_motivation: str, k: int = 5) -> List[tuple]:
        """"""
        Searches for the k most similar elements given a motivation (using FAISS acceleration)
        
        Args:
            query_motivation: The motivation text to query with.
            k: The number of results to return.
            
        Returns:
            List[tuple]: A list of (DataElement, similarity_score) tuples, sorted in descending order
                         of similarity.
        """"""
        with self.lock:
            try:",,Structured Docstring,,FALSE,FALSE,FALSE,FALSE,FALSE,FALSE
125486,https://github.com/ObservedObserver/async-code,a3f259537e3492b8b0960c4116da5b3b564e60cd,async-code,async-code/server/tasks.py,tasks.py,https://github.com/ObservedObserver/async-code/blob/a3f259537e3492b8b0960c4116da5b3b564e60cd/server/tasks.py#L270,"                repo = g.get_repo(repo_parts)
                
                # Test various permissions
                permissions = {
                    'read': True,  # If we got here, we can read",,1-2 lines no loop direct explainer,,FALSE,FALSE,FALSE,FALSE,FALSE,FALSE
189954,https://github.com/winstonkoh87/Athena-Public,e9d12ae154d215b0bbb3ef544707c80ec48e0b60,Athena-Public,Athena-Public/src/athena/auditors/audit_runner.py,audit_runner.py,https://github.com/winstonkoh87/Athena-Public/blob/e9d12ae154d215b0bbb3ef544707c80ec48e0b60/src/athena/auditors/audit_runner.py#L64,"
def matches_no_touch(filepath: str) -> bool:
    """"""Check if a file matches any No-Touch pattern.""""""
    from fnmatch import fnmatch
    ",,Docstring,,FALSE,FALSE,FALSE,FALSE,FALSE,FALSE
190757,https://github.com/winstonkoh87/Athena-Public,e9d12ae154d215b0bbb3ef544707c80ec48e0b60,Athena-Public,Athena-Public/src/athena/cli/doctor.py,doctor.py,https://github.com/winstonkoh87/Athena-Public/blob/e9d12ae154d215b0bbb3ef544707c80ec48e0b60/src/athena/cli/doctor.py#L290,"
def check_05_session_integrity(root: Path, fix: bool = False) -> list[CheckResult]:
    """"""Check session log health.""""""
    results = []
    logs_dir = root / "".context"" / ""memories"" / ""session_logs""",,Docstring,,FALSE,FALSE,FALSE,FALSE,FALSE,FALSE
187437,https://github.com/winstonkoh87/Athena-Public,e9d12ae154d215b0bbb3ef544707c80ec48e0b60,Athena-Public,Athena-Public/examples/scripts/dspy_optimizer.py,dspy_optimizer.py,https://github.com/winstonkoh87/Athena-Public/blob/e9d12ae154d215b0bbb3ef544707c80ec48e0b60/examples/scripts/dspy_optimizer.py#L61,"

# 4. Define the Metric (How do we judge quality?)
# For now, we use a simple ""Similarity"" metric or LLM-based judge.
# Here we define a simple metric function.
def validate_strategy(example, pred, trace=None):
    # Check if the response is non-empty and reasonably long",is both numbered step and other thing,Numbered Step,Numbered Step,FALSE,TRUE,FALSE,FALSE,FALSE,FALSE
188370,https://github.com/winstonkoh87/Athena-Public,e9d12ae154d215b0bbb3ef544707c80ec48e0b60,Athena-Public,Athena-Public/examples/scripts/slurp_url.py,slurp_url.py,https://github.com/winstonkoh87/Athena-Public/blob/e9d12ae154d215b0bbb3ef544707c80ec48e0b60/examples/scripts/slurp_url.py#L21,"        soup = BeautifulSoup(response.text, 'html.parser')

        # 1. Extract Title
        title = ""Unknown Title""
        # Try metadata first",,Numbered Step,,FALSE,FALSE,FALSE,FALSE,FALSE,FALSE
190041,https://github.com/winstonkoh87/Athena-Public,e9d12ae154d215b0bbb3ef544707c80ec48e0b60,Athena-Public,Athena-Public/src/athena/tools/agentic_search.py,agentic_search.py,https://github.com/winstonkoh87/Athena-Public/blob/e9d12ae154d215b0bbb3ef544707c80ec48e0b60/src/athena/tools/agentic_search.py#L337,"    debug: bool = False,
) -> Dict[str, Any]:
    """"""
    Agentic RAG v2 — Full pipeline.

    Args:
        query: The complex search query
        limit: Maximum results to return
        validate: Whether to run cosine validation
        debug: Show debug information

    Returns:
        dict with 'results', 'sub_queries', 'meta'
    """"""
    # Phase 1: Decompose
    sub_queries = decompose_query(query)",,Structured Docstring,,FALSE,FALSE,FALSE,FALSE,FALSE,FALSE
51441,https://github.com/Adam-Jimenez/auddit,619052f358439c4b6d578cbc5fbdae2961bb9e16,auddit,auddit/src/tasks/generate_thumbnail/task.py,task.py,https://github.com/Adam-Jimenez/auddit/blob/619052f358439c4b6d578cbc5fbdae2961bb9e16/src/tasks/generate_thumbnail/task.py#L5,"THUMBNAIL_DIMENSION = (640, 360)
CLICKBAIT_GIRL = Image.open('./assets/clickbait.png')
CLICKBAIT_GIRL.thumbnail((THUMBNAIL_DIMENSION[0]/2, THUMBNAIL_DIMENSION[1]/2), Image.ANTIALIAS) # aspect ratio resize to fit thumbnail
GOLD = Image.open(""./assets/gold_32.png"")
PLATINUM = Image.open(""./assets/platinum_32.png"")",,1-2 lines no loop direct explainer,,FALSE,TRUE,FALSE,FALSE,FALSE,FALSE
64808,https://github.com/NeptuneHub/AudioMuse-AI,4a1634bbefdca066455dedfb54f5f389feb869f8,AudioMuse-AI,AudioMuse-AI/tasks/clap_text_search.py,clap_text_search.py,https://github.com/NeptuneHub/AudioMuse-AI/blob/4a1634bbefdca066455dedfb54f5f389feb869f8/tasks/clap_text_search.py#L29,"}

# Warm cache timer for text search (keeps model loaded)
_WARM_CACHE_TIMER = {
    'expiry_time': None,  # Unix timestamp when model should unload",,1-2 lines no loop direct explainer,,FALSE,TRUE,FALSE,FALSE,FALSE,FALSE
65308,https://github.com/NeptuneHub/AudioMuse-AI,4a1634bbefdca066455dedfb54f5f389feb869f8,AudioMuse-AI,AudioMuse-AI/tasks/memory_utils.py,memory_utils.py,https://github.com/NeptuneHub/AudioMuse-AI/blob/4a1634bbefdca066455dedfb54f5f389feb869f8/tasks/memory_utils.py#L288,"    }
    
    # CUDA cleanup (no-op on CPU-only systems)
    if force_cuda:
        results['cuda'] = cleanup_cuda_memory(force=True)",could be de1 or instrumentation,1-2 lines no loop direct explainer,1-2 lines no loop direct explainer,FALSE,FALSE,FALSE,FALSE,FALSE,FALSE
65742,https://github.com/NeptuneHub/AudioMuse-AI,4a1634bbefdca066455dedfb54f5f389feb869f8,AudioMuse-AI,AudioMuse-AI/tests/unit/test_app_analysis.py,test_app_analysis.py,https://github.com/NeptuneHub/AudioMuse-AI/blob/4a1634bbefdca066455dedfb54f5f389feb869f8/tests/unit/test_app_analysis.py#L171,"        mock_queue.enqueue.return_value = mock_job

        # Send request with empty JSON body (minimum required)
        response = client.post(
            '/api/analysis/start',",,1-2 lines no loop direct explainer,,FALSE,TRUE,FALSE,FALSE,FALSE,FALSE
63791,https://github.com/NeptuneHub/AudioMuse-AI,4a1634bbefdca066455dedfb54f5f389feb869f8,AudioMuse-AI,AudioMuse-AI/tasks/mediaserver_navidrome.py,mediaserver_navidrome.py,https://github.com/NeptuneHub/AudioMuse-AI/blob/4a1634bbefdca066455dedfb54f5f389feb869f8/tasks/mediaserver_navidrome.py#L415,"
def get_all_playlists():
    """"""Fetches all playlists from Navidrome using admin credentials.""""""
    response = _navidrome_request(""getPlaylists"")
    if response and ""playlists"" in response and ""playlist"" in response[""playlists""]:",,Docstring,,FALSE,FALSE,FALSE,FALSE,FALSE,FALSE
66261,https://github.com/NeptuneHub/AudioMuse-AI,4a1634bbefdca066455dedfb54f5f389feb869f8,AudioMuse-AI,AudioMuse-AI/tests/unit/test_voyager_manager.py,test_voyager_manager.py,https://github.com/NeptuneHub/AudioMuse-AI/blob/4a1634bbefdca066455dedfb54f5f389feb869f8/tests/unit/test_voyager_manager.py#L70,"
class TestDirectCosineDistance:
    """"""Test Cosine distance calculation (1 - cosine_similarity)""""""

    def test_identical_vectors_return_zero(self):",,Docstring,,FALSE,FALSE,FALSE,FALSE,FALSE,FALSE
66328,https://github.com/NeptuneHub/AudioMuse-AI,4a1634bbefdca066455dedfb54f5f389feb869f8,AudioMuse-AI,AudioMuse-AI/tests/unit/test_voyager_manager.py,test_voyager_manager.py,https://github.com/NeptuneHub/AudioMuse-AI/blob/4a1634bbefdca066455dedfb54f5f389feb869f8/tests/unit/test_voyager_manager.py#L483,"    @patch('tasks.voyager_manager.create_instant_playlist')
    def test_calls_mediaserver_create_playlist(self, mock_create):
        """"""Should call mediaserver create_instant_playlist""""""
        from tasks.voyager_manager import create_playlist_from_ids
        ",,Docstring,,FALSE,FALSE,FALSE,FALSE,FALSE,FALSE
55546,https://github.com/pandeyarjun242/automatedyolo,49d21cbe48a75fb9af7c342286ecd08a13702d69,automatedyolo,automatedyolo/yolo_vid.py,yolo_vid.py,https://github.com/pandeyarjun242/automatedyolo/blob/49d21cbe48a75fb9af7c342286ecd08a13702d69/yolo_vid.py#L31,"        t = 0
        while True:
            # Capturing frame-by-frame
            ret, frame = video.read()
",,1-2 lines no loop direct explainer,,FALSE,FALSE,FALSE,FALSE,FALSE,FALSE
123000,https://github.com/quadracollision/automatic_shallot2,8e95498be6809c129618f4513dd3b1e6af2cf768,automatic_shallot2,automatic_shallot2/main.py,main.py,https://github.com/quadracollision/automatic_shallot2/blob/8e95498be6809c129618f4513dd3b1e6af2cf768/main.py#L985,"    
    def update_sequence_display(self):
        """"""Update the sequence display text""""""
        self.sequencer_ui_instance.update_sequence_display()
    ",,Docstring,,FALSE,FALSE,FALSE,FALSE,FALSE,FALSE
26981,https://github.com/vihdutta/autosort,a9bd0b96bf84bc5c78bf25e6658f228881405923,autosort,autosort/autosort.py,autosort.py,https://github.com/vihdutta/autosort/blob/a9bd0b96bf84bc5c78bf25e6658f228881405923/autosort.py#L15,"    if fcmethod == ""Single-folder creation"":
        folder = folder_create(dstdir)
    for srcdir in srcdirs: # for each source directory
        yield f'{RICH_TEXTFORE_NL}In directory {srcdir}{TEXTBACK}'
        if fcmethod == ""Multi-folder creation"":",,1-2 lines no loop direct explainer,,FALSE,FALSE,FALSE,FALSE,FALSE,FALSE
217598,https://github.com/notch-ai/autosteer,7876658fa8a8ed32e2c2669cb65fb4cbc11c50f1,autosteer,autosteer/resources/python-bridge/test_runtime.py,test_runtime.py,https://github.com/notch-ai/autosteer/blob/7876658fa8a8ed32e2c2669cb65fb4cbc11c50f1/resources/python-bridge/test_runtime.py#L1,"#!/usr/bin/env python3
""""""
Python Runtime Test Script

Tests the Python runtime environment and claude-code-sdk import capability.
Outputs JSON-formatted test results to stdout for consumption by PythonRuntimeService.

Output Format:
{
  ""success"": bool,
  ""pythonVersion"": str,
  ""sdkVersion"": str,
  ""importStatus"": ""SUCCESS"" | ""FAILURE"",
  ""error"": str | null,
  ""timestamp"": int
}
""""""

import json",,file descriptor,,FALSE,FALSE,FALSE,FALSE,FALSE,FALSE
392914,https://github.com/Chat2AnyLLM/awesome-claude-agents,25999b59f10d70c3a27284ae1cdcb65cbd1faec2,awesome-claude-agents,awesome-claude-agents/scripts/generators/readme_generator.py,readme_generator.py,https://github.com/Chat2AnyLLM/awesome-claude-agents/blob/25999b59f10d70c3a27284ae1cdcb65cbd1faec2/scripts/generators/readme_generator.py#L26,"
    def generate_readme(self) -> str:
        """"""Generate the complete README content.""""""
        content = []
",,Docstring,,FALSE,FALSE,FALSE,FALSE,FALSE,FALSE
180901,https://github.com/acroz3n/Ben-s-Software-,73b4b1f1b9ce5d23f9ddbb2ab07b77589efb04f8,Ben-s-Software-,Ben-s-Software-/search/narbe_scan_browser.py,narbe_scan_browser.py,https://github.com/acroz3n/Ben-s-Software-/blob/73b4b1f1b9ce5d23f9ddbb2ab07b77589efb04f8/search/narbe_scan_browser.py#L441,"
            # Search history functionality
            self.search_history_mode = False  # Toggle between keyboard and history
            self.search_history = []  # List of search terms
            self.frequent_searches = {}  # Dict to track search frequency",,1-2 lines no loop direct explainer,1-2 lines no loop direct explainer,FALSE,FALSE,FALSE,FALSE,FALSE,FALSE
180963,https://github.com/acroz3n/Ben-s-Software-,73b4b1f1b9ce5d23f9ddbb2ab07b77589efb04f8,Ben-s-Software-,Ben-s-Software-/search/narbe_scan_browser.py,narbe_scan_browser.py,https://github.com/acroz3n/Ben-s-Software-/blob/73b4b1f1b9ce5d23f9ddbb2ab07b77589efb04f8/search/narbe_scan_browser.py#L742,"        v.addWidget(pill)

        # Text row
        text_wrap = QtWidgets.QFrame(); text_wrap.setStyleSheet(""QFrame{border-radius:12px;}""); text_wrap.setAttribute(Qt.WA_StyledBackground, True)
        twv = QtWidgets.QVBoxLayout(text_wrap); twv.setContentsMargins(6,6,6,6)",,1-2 lines no loop direct explainer,,FALSE,FALSE,FALSE,FALSE,FALSE,FALSE
181755,https://github.com/acroz3n/Ben-s-Software-,73b4b1f1b9ce5d23f9ddbb2ab07b77589efb04f8,Ben-s-Software-,Ben-s-Software-/new keyboard/server.py,server.py,https://github.com/acroz3n/Ben-s-Software-/blob/73b4b1f1b9ce5d23f9ddbb2ab07b77589efb04f8/new keyboard/server.py#L356,"                print(f""DEBUG: Built bigram: '{bigram_key}' count={data['bigrams'][bigram_key]['count']}"")
            
            # Build trigrams from the last two words in context
            if len(ctx_words) >= 2:
                second_last = ctx_words[-2].upper()",,1-2 lines no loop direct explainer,,FALSE,FALSE,FALSE,FALSE,FALSE,FALSE
150632,https://github.com/bookcard-io/bookcard,c8b8ecb2e3490f6f4e2ad46ab1295f5ab8786498,bookcard,bookcard/tests/repositories/test_author_repository.py,test_author_repository.py,https://github.com/bookcard-io/bookcard/blob/c8b8ecb2e3490f6f4e2ad46ab1295f5ab8786498/tests/repositories/test_author_repository.py#L564,"                (4, 0.7),
                (2, 0.6),
            ])  # 2 appears twice

        author_repo._session.exec = mock_exec  # type: ignore[assignment]",, qualitative comment, qualitative comment,FALSE,FALSE,FALSE,FALSE,FALSE,FALSE
152050,https://github.com/bookcard-io/bookcard,c8b8ecb2e3490f6f4e2ad46ab1295f5ab8786498,bookcard,bookcard/tests/api/routes/test_shelves.py,test_shelves.py,https://github.com/bookcard-io/bookcard/blob/c8b8ecb2e3490f6f4e2ad46ab1295f5ab8786498/tests/api/routes/test_shelves.py#L1385,"    mock_magic_service = MagicMock()

    # The route should rely on SQL ordering, so the exec() result order is preserved.
    session.set_exec_result([(101, 1), (100, 1), (102, 1)])
",,1-2 lines no loop direct explainer,,FALSE,TRUE,FALSE,FALSE,FALSE,FALSE
157518,https://github.com/bookcard-io/bookcard,c8b8ecb2e3490f6f4e2ad46ab1295f5ab8786498,bookcard,bookcard/tests/services/test_opf_service.py,test_opf_service.py,https://github.com/bookcard-io/bookcard/blob/c8b8ecb2e3490f6f4e2ad46ab1295f5ab8786498/tests/services/test_opf_service.py#L661,"
    structured = MetadataBuilder.build(book_with_timestamp)
    # Mock timestamp without Z
    structured.timestamp = ""2020-01-01T12:00:00""
    service._add_modified_date(metadata, structured)",,1-2 lines no loop direct explainer,,FALSE,FALSE,FALSE,FALSE,FALSE,FALSE
160194,https://github.com/bookcard-io/bookcard,c8b8ecb2e3490f6f4e2ad46ab1295f5ab8786498,bookcard,bookcard/tests/services/tasks/test_epub_fix_task.py,test_epub_fix_task.py,https://github.com/bookcard-io/bookcard/blob/c8b8ecb2e3490f6f4e2ad46ab1295f5ab8786498/tests/services/tasks/test_epub_fix_task.py#L681,"                nonlocal call_count
                call_count += 1
                # Cancel after fix (after 0.7 progress)
                return call_count > 5
",,1-2 lines no loop direct explainer,,FALSE,FALSE,FALSE,FALSE,FALSE,FALSE
164927,https://github.com/bookcard-io/bookcard,c8b8ecb2e3490f6f4e2ad46ab1295f5ab8786498,bookcard,bookcard/tests/services/kobo/test_sync_service.py,test_sync_service.py,https://github.com/bookcard-io/bookcard/blob/c8b8ecb2e3490f6f4e2ad46ab1295f5ab8786498/tests/services/kobo/test_sync_service.py#L526,"    )

    assert len(results) == 100  # Limited to SYNC_ITEM_LIMIT
    assert continue_sync is True
",,1-2 lines no loop direct explainer,,FALSE,FALSE,FALSE,FALSE,FALSE,FALSE
169840,https://github.com/bookcard-io/bookcard,c8b8ecb2e3490f6f4e2ad46ab1295f5ab8786498,bookcard,bookcard/bookcard/api/routes/tasks.py,tasks.py,https://github.com/bookcard-io/bookcard/blob/c8b8ecb2e3490f6f4e2ad46ab1295f5ab8786498/bookcard/api/routes/tasks.py#L276,"    user_id = current_user.id if not current_user.is_admin else None

    # Check if task exists and user has permission
    task = task_service.get_task(task_id, user_id=user_id)
    if task is None:",,1-2 lines no loop direct explainer,,FALSE,FALSE,FALSE,FALSE,FALSE,FALSE
172118,https://github.com/bookcard-io/bookcard,c8b8ecb2e3490f6f4e2ad46ab1295f5ab8786498,bookcard,bookcard/bookcard/services/book_service.py,book_service.py,https://github.com/bookcard-io/bookcard/blob/c8b8ecb2e3490f6f4e2ad46ab1295f5ab8786498/bookcard/services/book_service.py#L1694,"
        except SQLAlchemyError:
            # Rollback on DB error
            self._session.rollback()
            logger.exception(",,1-2 lines no loop direct explainer,,FALSE,FALSE,FALSE,FALSE,FALSE,FALSE
175544,https://github.com/bookcard-io/bookcard,c8b8ecb2e3490f6f4e2ad46ab1295f5ab8786498,bookcard,bookcard/bookcard/services/readlist/import_service.py,import_service.py,https://github.com/bookcard-io/bookcard/blob/c8b8ecb2e3490f6f4e2ad46ab1295f5ab8786498/bookcard/services/readlist/import_service.py#L141,"        importer = self._importers[importer_name]

        # Verify file can be imported
        if not importer.can_import(file_path):
            msg = f""File {file_path} cannot be imported by {importer.get_format_name()}""",,1-2 lines no loop direct explainer,,FALSE,FALSE,FALSE,FALSE,FALSE,FALSE
162667,https://github.com/bookcard-io/bookcard,c8b8ecb2e3490f6f4e2ad46ab1295f5ab8786498,bookcard,bookcard/tests/services/magic_shelf/test_evaluator.py,test_evaluator.py,https://github.com/bookcard-io/bookcard/blob/c8b8ecb2e3490f6f4e2ad46ab1295f5ab8786498/tests/services/magic_shelf/test_evaluator.py#L197,"            mock_exists.assert_called_once()
            mock_registry.apply.assert_called_once()
            # Verify we are applying operator to the target column (Author.name)
            # Again, hard to verify exact column object, but we check flow.

    def test_unknown_field_returns_false(",,Control flow/program logic,,FALSE,TRUE,FALSE,FALSE,FALSE,FALSE
148424,https://github.com/bookcard-io/bookcard,c8b8ecb2e3490f6f4e2ad46ab1295f5ab8786498,bookcard,bookcard/tests/pvr/download_clients/test_base_proxy.py,test_base_proxy.py,https://github.com/bookcard-io/bookcard/blob/c8b8ecb2e3490f6f4e2ad46ab1295f5ab8786498/tests/pvr/download_clients/test_base_proxy.py#L50,"
class ConcreteProxyNoRedirects(ConcreteProxy):
    """"""Concrete proxy that disables redirect following.""""""

    @property",,Docstring,,FALSE,FALSE,FALSE,FALSE,FALSE,FALSE
149205,https://github.com/bookcard-io/bookcard,c8b8ecb2e3490f6f4e2ad46ab1295f5ab8786498,bookcard,bookcard/tests/pvr/download_clients/test_freebox_download.py,test_freebox_download.py,https://github.com/bookcard-io/bookcard/blob/c8b8ecb2e3490f6f4e2ad46ab1295f5ab8786498/tests/pvr/download_clients/test_freebox_download.py#L966,"        url_router: UrlRouterProtocol,
    ) -> None:
        """"""Test get_items error.""""""
        mock_get_tasks.side_effect = Exception(""API Error"")
        client = FreeboxDownloadClient(",,Docstring,,FALSE,FALSE,FALSE,FALSE,FALSE,FALSE
149875,https://github.com/bookcard-io/bookcard,c8b8ecb2e3490f6f4e2ad46ab1295f5ab8786498,bookcard,bookcard/tests/pvr/factory/test_indexer_factory.py,test_indexer_factory.py,https://github.com/bookcard-io/bookcard/blob/c8b8ecb2e3490f6f4e2ad46ab1295f5ab8786498/tests/pvr/factory/test_indexer_factory.py#L309,"        self, indexer_definition: IndexerDefinition
    ) -> None:
        """"""Test create_indexer with CUSTOM indexer type (fallback path).""""""
        indexer_definition.indexer_type = IndexerType.CUSTOM
        register_indexer(IndexerType.CUSTOM, MockIndexer)",,Docstring,,FALSE,FALSE,FALSE,FALSE,FALSE,FALSE
150190,https://github.com/bookcard-io/bookcard,c8b8ecb2e3490f6f4e2ad46ab1295f5ab8786498,bookcard,bookcard/tests/repositories/test_epub_fixer_repository.py,test_epub_fixer_repository.py,https://github.com/bookcard-io/bookcard/blob/c8b8ecb2e3490f6f4e2ad46ab1295f5ab8786498/tests/repositories/test_epub_fixer_repository.py#L598,"        book_id: int | None,
    ) -> None:
        """"""Test get_fix_statistics_by_type with run_id and/or book_id filters.""""""
        mock_result = MagicMock()
        mock_result.fix_type = EPUBFixType.LANGUAGE_TAG",,Docstring,,FALSE,FALSE,FALSE,FALSE,FALSE,FALSE
152160,https://github.com/bookcard-io/bookcard,c8b8ecb2e3490f6f4e2ad46ab1295f5ab8786498,bookcard,bookcard/tests/api/routes/test_auth.py,test_auth.py,https://github.com/bookcard-io/bookcard/blob/c8b8ecb2e3490f6f4e2ad46ab1295f5ab8786498/tests/api/routes/test_auth.py#L1707,"    monkeypatch: pytest.MonkeyPatch,
) -> None:
    """"""Test upsert_email_server_config raises 500 when retrieval fails (covers lines 710-714).""""""
    from datetime import UTC, datetime
",,Docstring,,FALSE,FALSE,FALSE,FALSE,FALSE,FALSE
152483,https://github.com/bookcard-io/bookcard,c8b8ecb2e3490f6f4e2ad46ab1295f5ab8786498,bookcard,bookcard/tests/api/routes/test_fs.py,test_fs.py,https://github.com/bookcard-io/bookcard/blob/c8b8ecb2e3490f6f4e2ad46ab1295f5ab8786498/tests/api/routes/test_fs.py#L677,"    temp_dir: Path, monkeypatch: pytest.MonkeyPatch
) -> None:
    """"""Test _list_files returns empty when no read/execute permissions (line 135).""""""
    with patch(""os.access"", return_value=False):
        result = list(_list_files(temp_dir))",,Docstring,,FALSE,FALSE,FALSE,FALSE,FALSE,FALSE
152553,https://github.com/bookcard-io/bookcard,c8b8ecb2e3490f6f4e2ad46ab1295f5ab8786498,bookcard,bookcard/tests/api/routes/test_authors.py,test_authors.py,https://github.com/bookcard-io/bookcard/blob/c8b8ecb2e3490f6f4e2ad46ab1295f5ab8786498/tests/api/routes/test_authors.py#L171,"
    def recommend_keep_author(self, author_ids: list[str]) -> dict[str, object]:
        """"""Mock recommend_keep_author.""""""
        return {""recommended_keep_author_id"": author_ids[0], ""authors"": []}
",,Docstring,,FALSE,FALSE,FALSE,FALSE,FALSE,FALSE
154168,https://github.com/bookcard-io/bookcard,c8b8ecb2e3490f6f4e2ad46ab1295f5ab8786498,bookcard,bookcard/tests/metadata/providers/test_google.py,test_google.py,https://github.com/bookcard-io/bookcard/blob/c8b8ecb2e3490f6f4e2ad46ab1295f5ab8786498/tests/metadata/providers/test_google.py#L355,"    google_provider: GoogleBooksProvider,
) -> None:
    """"""Test search respects API max results limit (covers line 138).""""""
    mock_response = MagicMock()
    mock_response.json.return_value = {""items"": []}",,Docstring,,FALSE,FALSE,FALSE,FALSE,FALSE,FALSE
154241,https://github.com/bookcard-io/bookcard,c8b8ecb2e3490f6f4e2ad46ab1295f5ab8786498,bookcard,bookcard/tests/metadata/providers/_hardcover/test_parser.py,test_parser.py,https://github.com/bookcard-io/bookcard/blob/c8b8ecb2e3490f6f4e2ad46ab1295f5ab8786498/tests/metadata/providers/_hardcover/test_parser.py#L151,"
def test_extract_search_data_no_results() -> None:
    """"""Test extracting search data with no results key (covers lines 100-102).""""""
    data = {""data"": {""search"": {}}}
    result = HardcoverResponseParser.extract_search_data(data)",,Docstring,,FALSE,FALSE,FALSE,FALSE,FALSE,FALSE
159213,https://github.com/bookcard-io/bookcard,c8b8ecb2e3490f6f4e2ad46ab1295f5ab8786498,bookcard,bookcard/tests/services/metadata_extractors/test_rtf.py,test_rtf.py,https://github.com/bookcard-io/bookcard/blob/c8b8ecb2e3490f6f4e2ad46ab1295f5ab8786498/tests/services/metadata_extractors/test_rtf.py#L117,"def test_extract_os_error(extractor: RtfMetadataExtractor) -> None:
    """"""Test extract handles OSError (covers lines 81-90).""""""
    # Create a non-existent file path
    file_path = Path(""/nonexistent/path/test.rtf"")
",,Docstring,,FALSE,FALSE,FALSE,FALSE,FALSE,FALSE
160067,https://github.com/bookcard-io/bookcard,c8b8ecb2e3490f6f4e2ad46ab1295f5ab8786498,bookcard,bookcard/tests/services/tasks/test_exceptions.py,test_exceptions.py,https://github.com/bookcard-io/bookcard/blob/c8b8ecb2e3490f6f4e2ad46ab1295f5ab8786498/tests/services/tasks/test_exceptions.py#L81,"
    def test_email_server_not_configured_error_raises(self) -> None:
        """"""Test EmailServerNotConfiguredError can be raised.""""""
        with pytest.raises(EmailServerNotConfiguredError):
            raise EmailServerNotConfiguredError",,Docstring,,FALSE,FALSE,FALSE,FALSE,FALSE,FALSE
163315,https://github.com/bookcard-io/bookcard,c8b8ecb2e3490f6f4e2ad46ab1295f5ab8786498,bookcard,bookcard/tests/services/library_scanning/pipeline/test_link.py,test_link.py,https://github.com/bookcard-io/bookcard/blob/c8b8ecb2e3490f6f4e2ad46ab1295f5ab8786498/tests/services/library_scanning/pipeline/test_link.py#L110,"@pytest.fixture
def link_stage(mock_mapping_service: MagicMock) -> LinkStage:
    """"""Create a link stage instance.""""""
    return LinkStage(mapping_service=mock_mapping_service)
",,Docstring,,FALSE,FALSE,FALSE,FALSE,FALSE,FALSE
166607,https://github.com/bookcard-io/bookcard,c8b8ecb2e3490f6f4e2ad46ab1295f5ab8786498,bookcard,bookcard/bookcard/pvr/download_clients/utorrent.py,utorrent.py,https://github.com/bookcard-io/bookcard/blob/c8b8ecb2e3490f6f4e2ad46ab1295f5ab8786498/bookcard/pvr/download_clients/utorrent.py#L75,"
    def __init__(self, settings: UTorrentSettings) -> None:
        """"""Initialize uTorrent proxy.""""""
        self.settings = settings
        self.base_url = build_base_url(",,Docstring,,FALSE,FALSE,FALSE,FALSE,FALSE,FALSE
166872,https://github.com/bookcard-io/bookcard,c8b8ecb2e3490f6f4e2ad46ab1295f5ab8786498,bookcard,bookcard/bookcard/pvr/download_clients/direct_http/bypass/selenium/driver_factory.py,driver_factory.py,https://github.com/bookcard-io/bookcard/blob/c8b8ecb2e3490f6f4e2ad46ab1295f5ab8786498/bookcard/pvr/download_clients/direct_http/bypass/selenium/driver_factory.py#L87,"
    def _is_docker(self) -> bool:
        """"""Check if running in Docker environment.""""""
        return Path(""/.dockerenv"").exists() or os.environ.get(""DOCKERMODE"") == ""true""
",,Docstring,,FALSE,FALSE,FALSE,FALSE,FALSE,FALSE
167210,https://github.com/bookcard-io/bookcard,c8b8ecb2e3490f6f4e2ad46ab1295f5ab8786498,bookcard,bookcard/bookcard/pvr/sync/exceptions.py,exceptions.py,https://github.com/bookcard-io/bookcard/blob/c8b8ecb2e3490f6f4e2ad46ab1295f5ab8786498/bookcard/pvr/sync/exceptions.py#L22,"
class ProwlarrConfigurationError(ProwlarrSyncError):
    """"""Raised when Prowlarr is misconfigured.""""""

",,Docstring,,FALSE,FALSE,FALSE,FALSE,FALSE,FALSE
172004,https://github.com/bookcard-io/bookcard,c8b8ecb2e3490f6f4e2ad46ab1295f5ab8786498,bookcard,bookcard/bookcard/services/user_settings_service.py,user_settings_service.py,https://github.com/bookcard-io/bookcard/blob/c8b8ecb2e3490f6f4e2ad46ab1295f5ab8786498/bookcard/services/user_settings_service.py#L33,"
class UserSettingsService:
    """"""Handles user settings.""""""

    def __init__(",,Docstring,,FALSE,FALSE,FALSE,FALSE,FALSE,FALSE
161244,https://github.com/bookcard-io/bookcard,c8b8ecb2e3490f6f4e2ad46ab1295f5ab8786498,bookcard,bookcard/tests/services/epub_fixer/test_services_backup_edge.py,test_services_backup_edge.py,https://github.com/bookcard-io/bookcard/blob/c8b8ecb2e3490f6f4e2ad46ab1295f5ab8786498/tests/services/epub_fixer/test_services_backup_edge.py#L14,"# along with this program.  If not, see <https://www.gnu.org/licenses/>.

""""""Additional edge case tests for backup service to reach 100% coverage.""""""

from pathlib import Path",,file descriptor,,FALSE,FALSE,FALSE,FALSE,FALSE,FALSE
162158,https://github.com/bookcard-io/bookcard,c8b8ecb2e3490f6f4e2ad46ab1295f5ab8786498,bookcard,bookcard/tests/services/readlist/test_comicrack_importer.py,test_comicrack_importer.py,https://github.com/bookcard-io/bookcard/blob/c8b8ecb2e3490f6f4e2ad46ab1295f5ab8786498/tests/services/readlist/test_comicrack_importer.py#L14,"# along with this program.  If not, see <https://www.gnu.org/licenses/>.

""""""Tests for ComicRack importer.""""""

from pathlib import Path",,file descriptor,,FALSE,FALSE,FALSE,FALSE,FALSE,FALSE
169469,https://github.com/bookcard-io/bookcard,c8b8ecb2e3490f6f4e2ad46ab1295f5ab8786498,bookcard,bookcard/bookcard/api/schemas/config.py,config.py,https://github.com/bookcard-io/bookcard/blob/c8b8ecb2e3490f6f4e2ad46ab1295f5ab8786498/bookcard/api/schemas/config.py#L15,"# along with this program.  If not, see <https://www.gnu.org/licenses/>.
#
""""""Schemas for basic system configuration.""""""

from __future__ import annotations",,file descriptor,file descriptor,FALSE,FALSE,FALSE,FALSE,FALSE,FALSE
170181,https://github.com/bookcard-io/bookcard,c8b8ecb2e3490f6f4e2ad46ab1295f5ab8786498,bookcard,bookcard/bookcard/api/routes/opds.py,opds.py,https://github.com/bookcard-io/bookcard/blob/c8b8ecb2e3490f6f4e2ad46ab1295f5ab8786498/bookcard/api/routes/opds.py#L1374,"

# Ratings routes
@router.get(""/ratings"", response_class=FastAPIResponse)
def feed_rating_index(",,section breaker,,FALSE,FALSE,FALSE,FALSE,FALSE,FALSE
165050,https://github.com/bookcard-io/bookcard,c8b8ecb2e3490f6f4e2ad46ab1295f5ab8786498,bookcard,bookcard/tests/services/kobo/test_reading_state_service.py,test_reading_state_service.py,https://github.com/bookcard-io/bookcard/blob/c8b8ecb2e3490f6f4e2ad46ab1295f5ab8786498/tests/services/kobo/test_reading_state_service.py#L336,"    mock_reading_service: MagicMock,
) -> None:
    """"""Test updating bookmark when bookmark doesn't exist.

    Parameters
    ----------
    reading_state_service : KoboReadingStateService
        Service instance.
    reading_state : KoboReadingState
        Test reading state.
    mock_reading_service : MagicMock
        Mock reading service.
    """"""
    reading_state.current_bookmark = None
    bookmark_data = {",,Structured Docstring,,FALSE,FALSE,FALSE,FALSE,FALSE,FALSE
167949,https://github.com/bookcard-io/bookcard,c8b8ecb2e3490f6f4e2ad46ab1295f5ab8786498,bookcard,bookcard/bookcard/repositories/author_repository.py,author_repository.py,https://github.com/bookcard-io/bookcard/blob/c8b8ecb2e3490f6f4e2ad46ab1295f5ab8786498/bookcard/repositories/author_repository.py#L68,"        **_kwargs: object,
    ) -> tuple[list[AuthorMetadata], int]:
        """"""List authors mapped to one or more libraries with pagination.

        Parameters
        ----------
        library_ids : int | list[int]
            Single library ID or list of library IDs to query across.
        page : int
            Page number (1-indexed, default: 1).
        page_size : int
            Number of items per page (default: 20).
        **_kwargs
            Unused kwargs (calibre_db_path, calibre_db_file) for backward compatibility.

        Returns
        -------
        tuple[list[AuthorMetadata], int]
            Authors (ordered by name, deduplicated) and total count.
        """"""
        query_builder = MatchedAuthorQueryBuilder()
",,Structured Docstring,,FALSE,FALSE,FALSE,FALSE,FALSE,FALSE
168196,https://github.com/bookcard-io/bookcard,c8b8ecb2e3490f6f4e2ad46ab1295f5ab8786498,bookcard,bookcard/bookcard/repositories/calibre/enrichment.py,enrichment.py,https://github.com/bookcard-io/bookcard/blob/c8b8ecb2e3490f6f4e2ad46ab1295f5ab8786498/bookcard/repositories/calibre/enrichment.py#L452,"        books: list[BookWithRelations],
    ) -> list[BookWithFullRelations]:
        """"""Enrich a list of `BookWithRelations` with full details.

        Parameters
        ----------
        session : Session
            Database session.
        books : list[BookWithRelations]
            Base books.

        Returns
        -------
        list[BookWithFullRelations]
            Enriched books.
        """"""
        if not books:
            return []",,Structured Docstring,,FALSE,FALSE,FALSE,FALSE,FALSE,FALSE
168592,https://github.com/bookcard-io/bookcard,c8b8ecb2e3490f6f4e2ad46ab1295f5ab8786498,bookcard,bookcard/bookcard/models/pvr.py,pvr.py,https://github.com/bookcard-io/bookcard/blob/c8b8ecb2e3490f6f4e2ad46ab1295f5ab8786498/bookcard/models/pvr.py#L394,"
class TrackedBookFile(SQLModel, table=True):
    """"""File associated with a tracked book.

    Tracks files that were downloaded/imported for a tracked book,
    including main book files, extra formats, covers, and other artifacts.

    Attributes
    ----------
    id : int | None
        Primary key identifier.
    tracked_book_id : int
        Foreign key to tracked book.
    path : str
        Absolute path to the file.
    filename : str
        Name of the file.
    size_bytes : int
        Size of the file in bytes.
    file_type : str
        Type of file (e.g., 'main', 'format', 'cover', 'playlist', 'artifact').
    created_at : datetime
        Timestamp when file was recorded.
    """"""

    __tablename__ = ""tracked_book_files""",,Structured Docstring,,FALSE,FALSE,FALSE,FALSE,FALSE,FALSE
172011,https://github.com/bookcard-io/bookcard,c8b8ecb2e3490f6f4e2ad46ab1295f5ab8786498,bookcard,bookcard/bookcard/services/book_service.py,book_service.py,https://github.com/bookcard-io/bookcard/blob/c8b8ecb2e3490f6f4e2ad46ab1295f5ab8786498/bookcard/services/book_service.py#L92,"    @property
    def library(self) -> Library:
        """"""Get the active library configuration.

        Returns
        -------
        Library
            Active library configuration.
        """"""
        return self._library
",,Structured Docstring,,FALSE,FALSE,FALSE,FALSE,FALSE,FALSE
49798,https://github.com/marcojrfurtado/bookweave,e60cf3ef4808daa54ee2623c98587a61dbdfd886,bookweave,bookweave/publisher/entities/entity.py,entity.py,https://github.com/marcojrfurtado/bookweave/blob/e60cf3ef4808daa54ee2623c98587a61dbdfd886/publisher/entities/entity.py#L53,"    @abstractmethod
    def type(self) -> str:
        """"""A string indicating the type of entity this is.""""""

    @property",,Docstring,,FALSE,FALSE,FALSE,FALSE,FALSE,FALSE
132031,https://github.com/brainless/brainless.in,095bf1267d8553e5a6074327b7a002508d765e5d,brainless.in,brainless.in/scripts/fetch_youtube_videos.py,fetch_youtube_videos.py,https://github.com/brainless/brainless.in/blob/095bf1267d8553e5a6074327b7a002508d765e5d/scripts/fetch_youtube_videos.py#L121,"        videos = process_video_data(video_items)
        
        # Save to JSON file
        save_videos_data(videos, OUTPUT_FILE)
        ",,1-2 lines no loop direct explainer,,FALSE,FALSE,FALSE,FALSE,FALSE,FALSE
333468,https://github.com/computerex/bronie,323c2f3d0887ad8616bbcee09c25d8bb2916a9cd,bronie,bronie/bronie/ui/commands.py,commands.py,https://github.com/computerex/bronie/blob/323c2f3d0887ad8616bbcee09c25d8bb2916a9cd/bronie/ui/commands.py#L45,"
def handle_image_command(context):
    """"""Handle :image command - paste image from clipboard""""""
    if is_image_in_clipboard():
        base64_data, mime_type = get_clipboard_image()",,Docstring,,FALSE,FALSE,FALSE,FALSE,FALSE,FALSE
87435,https://github.com/Helo3301/budget-automation,8634ef81e420e3f1caaa2908ceb5c7cb07e0c7a5,budget-automation,budget-automation/web/api.py,api.py,https://github.com/Helo3301/budget-automation/blob/8634ef81e420e3f1caaa2908ceb5c7cb07e0c7a5/web/api.py#L1948,"            results[""categories_created""] += 1
        except Exception:
            # Category might already exist - update it instead
            existing = service.store.get_category_by_name(cat[""name""])
            if existing:",,Control flow/program logic,Control flow/program logic,FALSE,FALSE,FALSE,FALSE,FALSE,FALSE
87852,https://github.com/Helo3301/budget-automation,8634ef81e420e3f1caaa2908ceb5c7cb07e0c7a5,budget-automation,budget-automation/tests/e2e/test_web_ui.py,test_web_ui.py,https://github.com/Helo3301/budget-automation/blob/8634ef81e420e3f1caaa2908ceb5c7cb07e0c7a5/tests/e2e/test_web_ui.py#L172,"
class TestAnomaliesTab:
    """"""Tests for the Anomalies tab.""""""

    def test_anomalies_tab_accessible(self, page: Page, web_server: str):",,Docstring,,FALSE,FALSE,FALSE,FALSE,FALSE,FALSE
144734,https://github.com/OlivierKodaii/calendarKodaii,d1c423c20972b88bf338d9347f8b2c738a0c5983,calendarKodaii,calendarKodaii/src/app/core/db/crudadmin/session/backends/hybrid.py,hybrid.py,https://github.com/OlivierKodaii/calendarKodaii/blob/d1c423c20972b88bf338d9347f8b2c738a0c5983/src/app/core/db/crudadmin/session/backends/hybrid.py#L22,"
class HybridSessionStorage(AbstractSessionStorage[T]):
    """"""Hybrid storage: Redis for active sessions + Database for audit trail.""""""

    def __init__(",,Docstring,,FALSE,FALSE,FALSE,FALSE,FALSE,FALSE
198122,https://github.com/GWUDCAP/cc-sessions,c9818256769a911406362af55eae078186ee0fba,cc-sessions,cc-sessions/cc_sessions/python/hooks/user_messages.py,user_messages.py,https://github.com/GWUDCAP/cc-sessions/blob/c9818256769a911406362af55eae078186ee0fba/cc_sessions/python/hooks/user_messages.py#L464,"    }

    # Format protocol with template variables
    if protocol_content: protocol_content = protocol_content.format(**template_vars)
",,1-2 lines no loop direct explainer,,FALSE,FALSE,FALSE,FALSE,FALSE,FALSE
197638,https://github.com/GWUDCAP/cc-sessions,c9818256769a911406362af55eae078186ee0fba,cc-sessions,cc-sessions/cc_sessions/__init__.py,__init__.py,https://github.com/GWUDCAP/cc-sessions/blob/c9818256769a911406362af55eae078186ee0fba/cc_sessions/__init__.py#L1,"""""""cc-sessions: an opinionated approach to productive work in Claude Code.""""""

__version__ = ""0.2.9""",,file descriptor,,FALSE,FALSE,FALSE,FALSE,FALSE,FALSE
333381,https://github.com/h8d13/CeleSun,a8ea809a254725b918218e2e984c65d195a02fc5,CeleSun,CeleSun/celesun_gtk.py,celesun_gtk.py,https://github.com/h8d13/CeleSun/blob/a8ea809a254725b918218e2e984c65d195a02fc5/celesun_gtk.py#L529,"        # Reserve space for bottom text (about 30px)
        available_height = height - 30
        # Use the smaller dimension to fit the compass
        size = min(width, available_height)
        # Compass radius is 37.5% of available size",,1-2 lines no loop direct explainer,,FALSE,TRUE,FALSE,FALSE,FALSE,FALSE
195137,https://github.com/MehmetMHY/cha,64e2caef72cdaf1b0f2fb3d28928b23ad87c1e6a,cha,cha/cha/utils.py,utils.py,https://github.com/MehmetMHY/cha/blob/64e2caef72cdaf1b0f2fb3d28928b23ad87c1e6a/cha/utils.py#L976,"    text = ""\n"".join(processed_lines)

    # compress runs of 4 or more identical characters down to 3 (e.g., ""----"" -> ""---"")
    # this avoids changing things like the ""==="" operator in javascript.
    text = re.sub(r""(.)\1{3,}"", r""\1\1\1"", text)
",,1-2 lines no loop direct explainer,,FALSE,TRUE,FALSE,FALSE,FALSE,FALSE
333732,https://github.com/Nickqiaoo/chatcode,4b6e774d2f108e0f144ce5258691285fcdfc0049,chatcode,chatcode/asr-service/tools/cn_tn.py,cn_tn.py,https://github.com/Nickqiaoo/chatcode/blob/4b6e774d2f108e0f144ce5258691285fcdfc0049/asr-service/tools/cn_tn.py#L732,"            return []

        # record one digits
        elif len(striped_string) == 1:
            if use_zeros and len(value_string) != len(striped_string):",,1-2 lines no loop direct explainer,1-2 lines no loop direct explainer,FALSE,FALSE,FALSE,FALSE,FALSE,FALSE
312901,https://github.com/rileylemm/chatmind,810b5a57b5ab4be7263974c77b7d62463b496af1,chatmind,chatmind/chatmind/pipeline/positioning/position_clusters.py,position_clusters.py,https://github.com/rileylemm/chatmind/blob/810b5a57b5ab4be7263974c77b7d62463b496af1/chatmind/pipeline/positioning/position_clusters.py#L341,"        existing_positions = self._load_existing_positions(positions_file)
        
        # Load processed hashes
        processed_hashes = set()
        if not force_reprocess:",,1-2 lines no loop direct explainer,,FALSE,FALSE,FALSE,FALSE,FALSE,FALSE
312944,https://github.com/rileylemm/chatmind,810b5a57b5ab4be7263974c77b7d62463b496af1,chatmind,chatmind/chatmind/pipeline/embedding/local/embed_chunks.py,embed_chunks.py,https://github.com/rileylemm/chatmind/blob/810b5a57b5ab4be7263974c77b7d62463b496af1/chatmind/pipeline/embedding/local/embed_chunks.py#L96,"    
    def _identify_new_chunks(self, all_chunks: List[Dict], processed_hashes: Set[str]) -> List[Dict]:
        """"""Identify chunks that haven't been embedded yet.""""""
        new_chunks = []
        for chunk in all_chunks:",,Docstring,,FALSE,FALSE,FALSE,FALSE,FALSE,FALSE
313643,https://github.com/rileylemm/chatmind,810b5a57b5ab4be7263974c77b7d62463b496af1,chatmind,chatmind/chatmind/api/services/retrieval.py,retrieval.py,https://github.com/rileylemm/chatmind/blob/810b5a57b5ab4be7263974c77b7d62463b496af1/chatmind/api/services/retrieval.py#L41,"
def ensure_bm25_index() -> bool:
    """"""Create/refresh the FTS5 index over turn summaries if input changed.""""""
    _, index_db, turns_path = _get_paths()
    hash_file = index_db.parent / INDEX_HASH_NAME",,Docstring,,FALSE,FALSE,FALSE,FALSE,FALSE,FALSE
100380,https://github.com/chunkhound/chunkhound,e47bc312cf8a2c0d7d90f942871901d16016557b,chunkhound,chunkhound/tests/test_database_consistency.py,test_database_consistency.py,https://github.com/chunkhound/chunkhound/blob/e47bc312cf8a2c0d7d90f942871901d16016557b/tests/test_database_consistency.py#L310,"
if __name__ == ""__main__"":
    # Run consistency tests
    import subprocess
    subprocess.run([""python"", ""-m"", ""pytest"", __file__, ""-v"", ""--tb=short""])",,1-2 lines no loop direct explainer,,FALSE,FALSE,FALSE,FALSE,FALSE,FALSE
100725,https://github.com/chunkhound/chunkhound,e47bc312cf8a2c0d7d90f942871901d16016557b,chunkhound,chunkhound/tests/test_embeddings.py,test_embeddings.py,https://github.com/chunkhound/chunkhound/blob/e47bc312cf8a2c0d7d90f942871901d16016557b/tests/test_embeddings.py#L155,"async def test_ollama_with_reranking_configuration():
    """"""Test OpenAI provider configured for Ollama with dual-endpoint reranking.""""""
    # Test configuration using OpenAI provider for Ollama embeddings and separate reranking endpoint
    provider = OpenAIEmbeddingProvider(
        base_url=""http://localhost:11434/v1"",  # Ollama's OpenAI-compatible endpoint",,1-2 lines no loop direct explainer,,FALSE,FALSE,FALSE,FALSE,FALSE,FALSE
100834,https://github.com/chunkhound/chunkhound,e47bc312cf8a2c0d7d90f942871901d16016557b,chunkhound,chunkhound/tests/test_embeddings.py,test_embeddings.py,https://github.com/chunkhound/chunkhound/blob/e47bc312cf8a2c0d7d90f942871901d16016557b/tests/test_embeddings.py#L878,"    import time

    # Start mock server
    server_process = None
    try:",,1-2 lines no loop direct explainer,,FALSE,FALSE,FALSE,FALSE,FALSE,FALSE
101833,https://github.com/chunkhound/chunkhound,e47bc312cf8a2c0d7d90f942871901d16016557b,chunkhound,chunkhound/tests/test_parallel_discovery.py,test_parallel_discovery.py,https://github.com/chunkhound/chunkhound/blob/e47bc312cf8a2c0d7d90f942871901d16016557b/tests/test_parallel_discovery.py#L295,"    )

    # Sequential discovery
    sequential_files = await coordinator._discover_files(
        tmp_path, patterns, exclude_patterns, parallel_discovery=False",,1-2 lines no loop direct explainer,,FALSE,FALSE,FALSE,FALSE,FALSE,FALSE
104855,https://github.com/chunkhound/chunkhound,e47bc312cf8a2c0d7d90f942871901d16016557b,chunkhound,chunkhound/tests/ignore/test_git_parity.py,test_git_parity.py,https://github.com/chunkhound/chunkhound/blob/e47bc312cf8a2c0d7d90f942871901d16016557b/tests/ignore/test_git_parity.py#L59,"    )

    # Create files/dirs
    (repo / ""a.log"").write_text(""x"")
    (repo / ""src"").mkdir(parents=True, exist_ok=True)",,1-2 lines no loop direct explainer,1-2 lines no loop direct explainer,FALSE,FALSE,FALSE,FALSE,FALSE,FALSE
110142,https://github.com/chunkhound/chunkhound,e47bc312cf8a2c0d7d90f942871901d16016557b,chunkhound,chunkhound/chunkhound/providers/database/duckdb_provider.py,duckdb_provider.py,https://github.com/chunkhound/chunkhound/blob/e47bc312cf8a2c0d7d90f942871901d16016557b/chunkhound/providers/database/duckdb_provider.py#L1157,"
        if as_model:
            # Convert DuckDB TIMESTAMP to epoch seconds (float)
            mval = file_dict[""modified_time""]
            try:",,1-2 lines no loop direct explainer,,FALSE,FALSE,FALSE,FALSE,FALSE,FALSE
111091,https://github.com/chunkhound/chunkhound,e47bc312cf8a2c0d7d90f942871901d16016557b,chunkhound,chunkhound/chunkhound/providers/embeddings/voyageai_provider.py,voyageai_provider.py,https://github.com/chunkhound/chunkhound/blob/e47bc312cf8a2c0d7d90f942871901d16016557b/chunkhound/providers/embeddings/voyageai_provider.py#L105,"    """"""VoyageAI embedding provider using voyage-3.5 by default.""""""

    # Recommended concurrent batches for VoyageAI API
    # Aggressive value (40) leverages VoyageAI's high rate limits:
    # - 2000 RPM (requests per minute) for paid accounts
    # - 1M+ TPM (tokens per minute) for voyage-3.5-lite
    # With ~50ms per request and large batch sizes, 40 concurrent
    # batches saturate the API without hitting rate limits
    RECOMMENDED_CONCURRENCY = 40
",,1-2 lines no loop direct explainer,1-2 lines no loop direct explainer,FALSE,TRUE,FALSE,FALSE,FALSE,TRUE
111186,https://github.com/chunkhound/chunkhound,e47bc312cf8a2c0d7d90f942871901d16016557b,chunkhound,chunkhound/chunkhound/providers/embeddings/openai_provider.py,openai_provider.py,https://github.com/chunkhound/chunkhound/blob/e47bc312cf8a2c0d7d90f942871901d16016557b/chunkhound/providers/embeddings/openai_provider.py#L37,"# Rerank limits: 32-128 per batch based on model size to prevent OOM
QWEN_MODEL_CONFIG = {
    # Qwen3 Embedding Models (via Ollama)
    # Batch sizes balanced for GPU memory and throughput
    ""dengcao/Qwen3-Embedding-0.6B:Q5_K_M"": {
        ""max_tokens_per_batch"": 200000,  # Conservative for Q5_K_M quantization",,1-2 lines no loop direct explainer,1-2 lines no loop direct explainer,FALSE,TRUE,FALSE,FALSE,FALSE,FALSE
114632,https://github.com/chunkhound/chunkhound,e47bc312cf8a2c0d7d90f942871901d16016557b,chunkhound,chunkhound/chunkhound/services/research/shared/evidence_ledger/ledger.py,ledger.py,https://github.com/chunkhound/chunkhound/blob/e47bc312cf8a2c0d7d90f942871901d16016557b/chunkhound/services/research/shared/evidence_ledger/ledger.py#L62,"
    facts: dict[str, FactEntry] = field(default_factory=dict)
    # Key: fact_id -> FactEntry

    entity_index: dict[str, EntityLink] = field(default_factory=dict)",,1-2 lines no loop direct explainer,1-2 lines no loop direct explainer,FALSE,FALSE,FALSE,FALSE,FALSE,FALSE
110116,https://github.com/chunkhound/chunkhound,e47bc312cf8a2c0d7d90f942871901d16016557b,chunkhound,chunkhound/chunkhound/providers/database/duckdb_provider.py,duckdb_provider.py,https://github.com/chunkhound/chunkhound/blob/e47bc312cf8a2c0d7d90f942871901d16016557b/chunkhound/providers/database/duckdb_provider.py#L944,"        # PERFORMANCE: 10-20x speedup for large batches
        """"""
        # Delegate to executor for proper thread safety
        return self._execute_in_db_thread_sync(
            ""bulk_operation_with_index_management_executor"",",,Control flow/program logic,Control flow/program logic,FALSE,TRUE,FALSE,FALSE,FALSE,FALSE
100276,https://github.com/chunkhound/chunkhound,e47bc312cf8a2c0d7d90f942871901d16016557b,chunkhound,chunkhound/tests/test_qwen_batch_configuration.py,test_qwen_batch_configuration.py,https://github.com/chunkhound/chunkhound/blob/e47bc312cf8a2c0d7d90f942871901d16016557b/tests/test_qwen_batch_configuration.py#L389,"
    async def test_error_json_response_http_200(self):
        """"""Test that error JSON with HTTP 200 is caught and raised as ValueError.""""""
        from unittest.mock import AsyncMock, MagicMock, patch
",,Docstring,,FALSE,FALSE,FALSE,FALSE,FALSE,FALSE
100981,https://github.com/chunkhound/chunkhound,e47bc312cf8a2c0d7d90f942871901d16016557b,chunkhound,chunkhound/tests/test_embedded_sql_parameterized.py,test_embedded_sql_parameterized.py,https://github.com/chunkhound/chunkhound/blob/e47bc312cf8a2c0d7d90f942871901d16016557b/tests/test_embedded_sql_parameterized.py#L11,"
    def test_python_mysqldb_percent_s(self):
        """"""Test Python MySQLdb/MySQL Connector style (%s placeholders).""""""
        code = '''
import mysql.connector",,Docstring,,FALSE,FALSE,FALSE,FALSE,FALSE,FALSE
104174,https://github.com/chunkhound/chunkhound,e47bc312cf8a2c0d7d90f942871901d16016557b,chunkhound,chunkhound/tests/unit/test_disk_usage_limit.py,test_disk_usage_limit.py,https://github.com/chunkhound/chunkhound/blob/e47bc312cf8a2c0d7d90f942871901d16016557b/tests/unit/test_disk_usage_limit.py#L135,"
    def test_check_disk_usage_limit_under_limit(self, tmp_path):
        """"""Test that no exception is raised when under the limit.""""""
        db_path = tmp_path / ""test.db""
        # Create the actual database file with small content",,Docstring,,FALSE,FALSE,FALSE,FALSE,FALSE,FALSE
104750,https://github.com/chunkhound/chunkhound,e47bc312cf8a2c0d7d90f942871901d16016557b,chunkhound,chunkhound/tests/unit/core/utils/test_token_utils.py,test_token_utils.py,https://github.com/chunkhound/chunkhound/blob/e47bc312cf8a2c0d7d90f942871901d16016557b/tests/unit/core/utils/test_token_utils.py#L10,"
class TestEstimateTokensLLM:
    """"""Tests for LLM token estimation.""""""

    def test_basic_ratio(self):",,Docstring,,FALSE,FALSE,FALSE,FALSE,FALSE,FALSE
106363,https://github.com/chunkhound/chunkhound,e47bc312cf8a2c0d7d90f942871901d16016557b,chunkhound,chunkhound/chunkhound/parsers/chunk_splitter.py,chunk_splitter.py,https://github.com/chunkhound/chunkhound/blob/e47bc312cf8a2c0d7d90f942871901d16016557b/chunkhound/parsers/chunk_splitter.py#L220,"        self, chunk: UniversalChunk, lines: list[str]
    ) -> list[UniversalChunk]:
        """"""Split chunk by lines for regular code with short lines.""""""
        if len(lines) <= 2:
            return [chunk]",,Docstring,,FALSE,FALSE,FALSE,FALSE,FALSE,FALSE
112183,https://github.com/chunkhound/chunkhound,e47bc312cf8a2c0d7d90f942871901d16016557b,chunkhound,chunkhound/chunkhound/api/cli/keyboard.py,keyboard.py,https://github.com/chunkhound/chunkhound/blob/e47bc312cf8a2c0d7d90f942871901d16016557b/chunkhound/api/cli/keyboard.py#L137,"
    def cleanup(self) -> None:
        """"""Clean up terminal state.

        This should be called when the application exits to restore
        normal terminal behavior.
        """"""
        if self._setup_done:
            self._terminal.cleanup()",,Docstring,,FALSE,FALSE,FALSE,FALSE,FALSE,FALSE
112603,https://github.com/chunkhound/chunkhound,e47bc312cf8a2c0d7d90f942871901d16016557b,chunkhound,chunkhound/chunkhound/api/cli/utils/validation.py,validation.py,https://github.com/chunkhound/chunkhound/blob/e47bc312cf8a2c0d7d90f942871901d16016557b/chunkhound/api/cli/utils/validation.py#L51,"    if not provider:
        logger.error(
            """"""
            No embedding provider configured. Choose from: openai, voyageai.
            To fix this, you can:
            1) Set via --provider flag
            2) Set CHUNKHOUND_EMBEDDING__PROVIDER environment variable
            3) Add provider to .chunkhound.json config file
            4) Use --no-embeddings to skip embeddings entirely.
            
            For more information, see: https://ofriw.github.io/chunkhound/configuration/
            """"""
        )
        return False",,Multi-line string,,FALSE,FALSE,FALSE,FALSE,FALSE,FALSE
108677,https://github.com/chunkhound/chunkhound,e47bc312cf8a2c0d7d90f942871901d16016557b,chunkhound,chunkhound/chunkhound/parsers/mappings/base.py,base.py,https://github.com/chunkhound/chunkhound/blob/e47bc312cf8a2c0d7d90f942871901d16016557b/chunkhound/parsers/mappings/base.py#L95,"        pass

    # Common helper methods with default implementations

    def get_node_text(self, node: TSNode | None, source: str) -> str:",,section breaker,,FALSE,FALSE,FALSE,FALSE,FALSE,FALSE
332750,https://github.com/Cthomasdesign/ChunkMonk,1ebfbce9c824bb9e70bbb5dc665d7c3f4eb365a8,ChunkMonk,ChunkMonk/web_ui.py,web_ui.py,https://github.com/Cthomasdesign/ChunkMonk/blob/1ebfbce9c824bb9e70bbb5dc665d7c3f4eb365a8/web_ui.py#L307,"        print(""✅ Cleared all local chunk and metadata files"")
        
        # Optionally, clear chunk log
        if os.path.exists(""chunklog.db""):
            os.remove(""chunklog.db"")",,1-2 lines no loop direct explainer,,FALSE,FALSE,TRUE,FALSE,FALSE,FALSE
195319,https://github.com/jguida941/CI-CD-BST-Demo-GitHub-Actions,d3487484361519cc238a4039975ba33c784e5c8c,CI-CD-BST-Demo-GitHub-Actions,CI-CD-BST-Demo-GitHub-Actions/bst/binary_search.py,binary_search.py,https://github.com/jguida941/CI-CD-BST-Demo-GitHub-Actions/blob/d3487484361519cc238a4039975ba33c784e5c8c/bst/binary_search.py#L122,"

# ===== demo usage =====
if __name__ == ""__main__"":  # pragma: no cover
    bst = BinarySearchTree()",,section breaker,,FALSE,FALSE,FALSE,FALSE,FALSE,FALSE
91205,https://github.com/benbasha/Claude-Autopilot,eaeea24d49bc9ccdeb63faee181fab99619d7a3f,Claude-Autopilot,Claude-Autopilot/src/claude_pty_wrapper.py,claude_pty_wrapper.py,https://github.com/benbasha/Claude-Autopilot/blob/eaeea24d49bc9ccdeb63faee181fab99619d7a3f/src/claude_pty_wrapper.py#L48,"    try:
        while claude_process.poll() is None:
            # Use select to handle both reading from master and stdin
            ready, _, _ = select.select([master, sys.stdin], [], [])
            ",,1-2 lines no loop direct explainer,,FALSE,FALSE,FALSE,FALSE,FALSE,FALSE
216217,https://github.com/Maciek-roboblog/Claude-Code-Usage-Monitor,06f0fe11e694b8619f63f8b0db10dbdc5e7e5a44,Claude-Code-Usage-Monitor,Claude-Code-Usage-Monitor/src/tests/test_timezone.py,test_timezone.py,https://github.com/Maciek-roboblog/Claude-Code-Usage-Monitor/blob/06f0fe11e694b8619f63f8b0db10dbdc5e7e5a44/src/tests/test_timezone.py#L134,"    ) -> None:
        """"""Test parsing unix timestamp with milliseconds - not supported by current implementation.""""""
        # Current implementation doesn't parse unix timestamps
        timestamp_str = ""1705316645123""
        result = handler.parse_timestamp(timestamp_str)",, qualitative comment, qualitative comment,FALSE,FALSE,FALSE,FALSE,FALSE,FALSE
217127,https://github.com/Maciek-roboblog/Claude-Code-Usage-Monitor,06f0fe11e694b8619f63f8b0db10dbdc5e7e5a44,Claude-Code-Usage-Monitor,Claude-Code-Usage-Monitor/src/claude_monitor/core/settings.py,settings.py,https://github.com/Maciek-roboblog/Claude-Code-Usage-Monitor/blob/06f0fe11e694b8619f63f8b0db10dbdc5e7e5a44/src/claude_monitor/core/settings.py#L18,"
class LastUsedParams:
    """"""Manages last used parameters persistence (moved from last_used.py).""""""

    def __init__(self, config_dir: Optional[Path] = None) -> None:",,Docstring,,FALSE,FALSE,FALSE,FALSE,FALSE,FALSE
216300,https://github.com/Maciek-roboblog/Claude-Code-Usage-Monitor,06f0fe11e694b8619f63f8b0db10dbdc5e7e5a44,Claude-Code-Usage-Monitor,Claude-Code-Usage-Monitor/src/tests/test_aggregator.py,test_aggregator.py,https://github.com/Maciek-roboblog/Claude-Code-Usage-Monitor/blob/06f0fe11e694b8619f63f8b0db10dbdc5e7e5a44/src/tests/test_aggregator.py#L338,"        jan1 = result[0]
        assert jan1[""date""] == ""2024-01-01""
        assert jan1[""input_tokens""] == 400  # 4 entries * 100
        assert jan1[""output_tokens""] == 200  # 4 entries * 50
        assert jan1[""total_cost""] == 0.004  # 4 entries * 0.001",What did we decide to call notes to self,human explainability ,,FALSE,TRUE,FALSE,FALSE,FALSE,FALSE
214720,https://github.com/cmdaltctr/claude-gemini-mcp-slim,79f2303f1cc875853853755cd3659f0f71a4dc3f,claude-gemini-mcp-slim,claude-gemini-mcp-slim/tests/unit/test_gemini_helper.py,test_gemini_helper.py,https://github.com/cmdaltctr/claude-gemini-mcp-slim/blob/79f2303f1cc875853853755cd3659f0f71a4dc3f/tests/unit/test_gemini_helper.py#L30,"
    def test_sanitize_for_prompt_non_string_input(self):
        """"""Test handling of non-string input""""""
        inputs = [None, 123, [], {}]
        for input_val in inputs:",,Docstring,,FALSE,FALSE,FALSE,FALSE,FALSE,FALSE
62473,https://github.com/AizenvoltPrime/claude-setup,d6e4b9b9bf6229a6bfdce5b6ee3840421b12bf97,claude-setup,claude-setup/.claude/hooks/tool_validator.py,tool_validator.py,https://github.com/AizenvoltPrime/claude-setup/blob/d6e4b9b9bf6229a6bfdce5b6ee3840421b12bf97/.claude/hooks/tool_validator.py#L195,"                print(f""💡 {required_tool['tips']}"", file=sys.stderr)
                print(""💡 This follows your CLAUDE.md preference for specialized tools."", file=sys.stderr)
                # Don't exit - this is just a suggestion

            # Check markdown-specific manipulation patterns",,Control flow/program logic,Control flow/program logic,FALSE,TRUE,TRUE,FALSE,FALSE,FALSE
88876,https://github.com/benbasha/claudeloop,eaeea24d49bc9ccdeb63faee181fab99619d7a3f,claudeloop,claudeloop/src/claude_pty_wrapper.py,claude_pty_wrapper.py,https://github.com/benbasha/claudeloop/blob/eaeea24d49bc9ccdeb63faee181fab99619d7a3f/src/claude_pty_wrapper.py#L63,"            if sys.stdin in ready:
                try:
                    # Read from stdin and write to Claude
                    # Read more data at once for better performance
                    data = sys.stdin.buffer.read(1024)
                    if data:",,1-2 lines no loop direct explainer,,FALSE,FALSE,FALSE,FALSE,FALSE,FALSE
402507,https://github.com/nothans/clause-code,8e053f5628677f8e0ef5c875f817b0dead7be9ed,clause-code,clause-code/src/clause_code/commands/config.py,config.py,https://github.com/nothans/clause-code/blob/8e053f5628677f8e0ef5c875f817b0dead7be9ed/src/clause_code/commands/config.py#L223,"
    async def execute(self, args: str = """", **kwargs) -> None:
        """"""Execute the command.""""""
        self.agent.set_festive_mode(True)
        self.config_manager.set_festive_mode(True)",,Docstring,,FALSE,FALSE,FALSE,FALSE,FALSE,FALSE
127004,https://github.com/SaharCarmel/cline-metrics,d46a44a8a1f11e63f583c0c6aa9e9675f690043d,cline-metrics,cline-metrics/analyze_cline_sessions.py,analyze_cline_sessions.py,https://github.com/SaharCarmel/cline-metrics/blob/d46a44a8a1f11e63f583c0c6aa9e9675f690043d/analyze_cline_sessions.py#L941,"            else:
                # Fill gaps with interpolated data or reasonable defaults
                avg_productivity = 50 + (i % 3) * 20  # Sample pattern
            efficiency_pattern.append({
                'time': time_labels[i],",,1-2 lines no loop direct explainer,,FALSE,FALSE,FALSE,FALSE,FALSE,FALSE
121028,https://github.com/prateekjain24/clipdrop,79bc3f797098dd28e039f621e3a8ff052c302a07,clipdrop,clipdrop/tests/test_pdf.py,test_pdf.py,https://github.com/prateekjain24/clipdrop/blob/79bc3f797098dd28e039f621e3a8ff052c302a07/tests/test_pdf.py#L264,"        assert pdf._is_code(""function test() {\n  return true;\n}"")

        # Plain text
        assert not pdf._is_code(""This is just plain text."")
",,1-2 lines no loop direct explainer,,FALSE,FALSE,FALSE,FALSE,FALSE,FALSE
121372,https://github.com/prateekjain24/clipdrop,79bc3f797098dd28e039f621e3a8ff052c302a07,clipdrop,clipdrop/src/clipdrop/error_helpers.py,error_helpers.py,https://github.com/prateekjain24/clipdrop/blob/79bc3f797098dd28e039f621e3a8ff052c302a07/src/clipdrop/error_helpers.py#L9,"

# Error message templates with suggestions
ERROR_MESSAGES = {
    'empty_clipboard': {",,section breaker,,FALSE,FALSE,FALSE,FALSE,FALSE,FALSE
407176,https://github.com/johnhuang316/code-index-mcp,1a1407b6d594d682545b245ee7108c5b35546a90,code-index-mcp,code-index-mcp/tests/test_server_config.py,test_server_config.py,https://github.com/johnhuang316/code-index-mcp/blob/1a1407b6d594d682545b245ee7108c5b35546a90/tests/test_server_config.py#L127,"            self.assertIn(""myctx:test_tool"", new_registry)
            self.assertIn(""myctx:other_tool"", new_registry)
            self.assertNotIn(""test_tool"", new_registry)  # old keys gone

            # Check names",,1-2 lines no loop direct explainer,,FALSE,FALSE,FALSE,FALSE,FALSE,FALSE
408122,https://github.com/johnhuang316/code-index-mcp,1a1407b6d594d682545b245ee7108c5b35546a90,code-index-mcp,code-index-mcp/src/code_index_mcp/indexing/strategies/objective_c_strategy.py,objective_c_strategy.py,https://github.com/johnhuang316/code-index-mcp/blob/1a1407b6d594d682545b245ee7108c5b35546a90/src/code_index_mcp/indexing/strategies/objective_c_strategy.py#L142,"        called_functions = []

        # Find patterns like: [obj methodName] or functionName(
        patterns = [
            r'\[\s*\w+\s+(\w+)\s*[\]:]',  # [obj methodName]",,1-2 lines no loop direct explainer,,FALSE,FALSE,FALSE,FALSE,FALSE,FALSE
321292,https://github.com/naijagamerx/code-prompt-enhancer,4ea40dee3c9641da455039240d380ca0b8d15732,code-prompt-enhancer,code-prompt-enhancer/prompt_enhancer.py,prompt_enhancer.py,https://github.com/naijagamerx/code-prompt-enhancer/blob/4ea40dee3c9641da455039240d380ca0b8d15732/prompt_enhancer.py#L102,"                config = self._config_cache
            else:
                # Load fresh config
                with open(self._config_file, 'r', encoding='utf-8') as f:
                    config = json.load(f)",,1-2 lines no loop direct explainer,,FALSE,FALSE,FALSE,FALSE,FALSE,FALSE
122603,https://github.com/codebeaver-ai/codebeaver-ai,f5e2c2ac077bbc2dff9847a8cf4b8e489ab09414,codebeaver-ai,codebeaver-ai/src/codebeaver/TestFilePattern.py,TestFilePattern.py,https://github.com/codebeaver-ai/codebeaver-ai/blob/f5e2c2ac077bbc2dff9847a8cf4b8e489ab09414/src/codebeaver/TestFilePattern.py#L267,"
        for pattern in source_patterns:
            # Direct path check
            direct_path = rootpath / pattern
            if direct_path.exists():",,1-2 lines no loop direct explainer,,FALSE,FALSE,FALSE,FALSE,FALSE,FALSE
316522,https://github.com/CodeBoarding/CodeBoarding,cea82364bd868597075d79a613a05013ced31391,CodeBoarding,CodeBoarding/tests/static_analyzer/test_reference_resolve_mixin.py,test_reference_resolve_mixin.py,https://github.com/CodeBoarding/CodeBoarding/blob/cea82364bd868597075d79a613a05013ced31391/tests/static_analyzer/test_reference_resolve_mixin.py#L452,"        result = self.resolver.fix_source_code_reference_lines(analysis)

        # Only the good reference should remain (converted to relative path)
        self.assertEqual(len(component.key_entities), 1)
        self.assertEqual(component.key_entities[0].qualified_name, ""test.TestClass"")",,1-2 lines no loop direct explainer,,FALSE,FALSE,FALSE,FALSE,FALSE,FALSE
316605,https://github.com/CodeBoarding/CodeBoarding,cea82364bd868597075d79a613a05013ced31391,CodeBoarding,CodeBoarding/tests/static_analyzer/test_java_config_scanner.py,test_java_config_scanner.py,https://github.com/CodeBoarding/CodeBoarding/blob/cea82364bd868597075d79a613a05013ced31391/tests/static_analyzer/test_java_config_scanner.py#L480,"        projects = scanner.scan()

        # Should only detect the Gradle root, Maven sub-projects removed
        self.assertEqual(len(projects), 1)
        self.assertEqual(projects[0].root, self.repo_path)",,1-2 lines no loop direct explainer,1-2 lines no loop direct explainer,FALSE,FALSE,FALSE,FALSE,FALSE,FALSE
316980,https://github.com/CodeBoarding/CodeBoarding,cea82364bd868597075d79a613a05013ced31391,CodeBoarding,CodeBoarding/tests/static_analyzer/lsp_client/test_lsp_client.py,test_lsp_client.py,https://github.com/CodeBoarding/CodeBoarding/blob/cea82364bd868597075d79a613a05013ced31391/tests/static_analyzer/lsp_client/test_lsp_client.py#L1199,"        client._get_all_classes_in_workspace = Mock(return_value=[])  # type: ignore[method-assign]

        # Create mock results
        result1 = FileAnalysisResult(
            file_path=test_file1,",,1-2 lines no loop direct explainer,,FALSE,FALSE,FALSE,FALSE,FALSE,FALSE
318304,https://github.com/CodeBoarding/CodeBoarding,cea82364bd868597075d79a613a05013ced31391,CodeBoarding,CodeBoarding/static_analyzer/lsp_client/java_client.py,java_client.py,https://github.com/CodeBoarding/CodeBoarding/blob/cea82364bd868597075d79a613a05013ced31391/static_analyzer/lsp_client/java_client.py#L182,"            Initialization options dictionary
        """"""
        # Detect available JDKs for multi-version support
        jdks = detect_java_installations()
        runtimes: list[dict[str, str | bool]] = []",,1-2 lines no loop direct explainer,,FALSE,FALSE,FALSE,FALSE,FALSE,FALSE
315962,https://github.com/CodeBoarding/CodeBoarding,cea82364bd868597075d79a613a05013ced31391,CodeBoarding,CodeBoarding/tests/agents/test_agent.py,test_agent.py,https://github.com/CodeBoarding/CodeBoarding/blob/cea82364bd868597075d79a613a05013ced31391/tests/agents/test_agent.py#L317,"    @patch(""time.sleep"")
    def test_parse_response_with_retry(self, mock_sleep, mock_extractor, mock_create_agent):
        # Test parse_response with retry logic
        mock_create_agent.return_value = Mock()
",,Function Explainer,Function Explainer,FALSE,FALSE,FALSE,FALSE,FALSE,FALSE
179314,https://github.com/Shashankss1205/CodeGraphContext,1de40b2d103abfdcb777015085149ebd64ab8672,CodeGraphContext,CodeGraphContext/src/codegraphcontext/tools/languages/php.py,php.py,https://github.com/Shashankss1205/CodeGraphContext/blob/1de40b2d103abfdcb777015085149ebd64ab8672/src/codegraphcontext/tools/languages/php.py#L332,"                try:
                    import_text = self._get_node_text(node)
                    # use Foo\Bar as Baz;
                    # Node usually has children: name (qualified_name), optional alias
                    
                    name_node = None",maybe describing how things look? could be other/weird, qualitative comment,,FALSE,FALSE,FALSE,FALSE,FALSE,FALSE
180232,https://github.com/Shashankss1205/CodeGraphContext,1de40b2d103abfdcb777015085149ebd64ab8672,CodeGraphContext,CodeGraphContext/src/codegraphcontext/cli/setup_wizard.py,setup_wizard.py,https://github.com/Shashankss1205/CodeGraphContext/blob/1de40b2d103abfdcb777015085149ebd64ab8672/src/codegraphcontext/cli/setup_wizard.py#L924,"        ]
        passwords = prompt(questions)
        if not passwords: return # User cancelled
        new_password = passwords.get(""password"")
        if new_password and new_password == passwords.get(""password_confirm""):",,Control flow/program logic,,FALSE,FALSE,FALSE,FALSE,FALSE,FALSE
180179,https://github.com/Shashankss1205/CodeGraphContext,1de40b2d103abfdcb777015085149ebd64ab8672,CodeGraphContext,CodeGraphContext/src/codegraphcontext/cli/setup_wizard.py,setup_wizard.py,https://github.com/Shashankss1205/CodeGraphContext/blob/1de40b2d103abfdcb777015085149ebd64ab8672/src/codegraphcontext/cli/setup_wizard.py#L321,"
def run_neo4j_setup_wizard():
    """"""Guides the user through setting up Neo4j database for CodeGraphContext.""""""
    console.print(""[bold cyan]Welcome to the Neo4j Setup Wizard![/bold cyan]"")
    ",,Docstring,,FALSE,FALSE,FALSE,FALSE,FALSE,FALSE
403466,https://github.com/zilliztech/CodeIndexer,766e38274555840bda4382dae08aa3825afa9e4e,CodeIndexer,CodeIndexer/evaluation/utils/format.py,format.py,https://github.com/zilliztech/CodeIndexer/blob/766e38274555840bda4382dae08aa3825afa9e4e/evaluation/utils/format.py#L24,"
def extract_file_paths_from_edits(response, codebase_path):
    """"""Extract file paths from edit tool responses and convert to relative paths""""""
    import re
",,Docstring,,FALSE,FALSE,FALSE,FALSE,FALSE,FALSE
131089,https://github.com/TanayK07/codeprint,e23622bb5d612592e690208d2ba9cfe05661d982,codeprint,codeprint/src/codeprint/cli.py,cli.py,https://github.com/TanayK07/codeprint/blob/e23622bb5d612592e690208d2ba9cfe05661d982/src/codeprint/cli.py#L1388,"        """"""Save output to file and/or clipboard""""""
        
        # Determine output filename
        if not output_file:
            timestamp = datetime.datetime.now().strftime('%Y%m%d_%H%M%S')",,1-2 lines no loop direct explainer,,FALSE,FALSE,FALSE,FALSE,FALSE,FALSE
183808,https://github.com/BrunoV21/CodeTide,803e756e449f2843e6c3027ca7970c76e7d3ea7c,CodeTide,CodeTide/codetide/search/code_search.py,code_search.py,https://github.com/BrunoV21/CodeTide/blob/803e756e449f2843e6c3027ca7970c76e7d3ea7c/codetide/search/code_search.py#L57,"            processed_lines.append(line)  # Keep original
            
            # Add preprocessed version for better matching
            preprocessed = self.preprocessor.preprocess_query(
                line, ",,1-2 lines no loop direct explainer,,FALSE,FALSE,FALSE,FALSE,FALSE,FALSE
183809,https://github.com/BrunoV21/CodeTide,803e756e449f2843e6c3027ca7970c76e7d3ea7c,CodeTide,CodeTide/codetide/search/code_search.py,code_search.py,https://github.com/BrunoV21/CodeTide/blob/803e756e449f2843e6c3027ca7970c76e7d3ea7c/codetide/search/code_search.py#L61,"                line, 
                expand_case=True,
                expand_abbreviations=False,  # Don't expand in documents
                apply_stemming=False,
                remove_stop_words=False",,1-2 lines no loop direct explainer,,FALSE,FALSE,FALSE,FALSE,FALSE,FALSE
196389,https://github.com/pagaldilz/CodeVisions,d345701202eef188a24c6940a2c1ccea93a4b7a1,CodeVisions,CodeVisions/src/agents/dream_generator.py,dream_generator.py,https://github.com/pagaldilz/CodeVisions/blob/d345701202eef188a24c6940a2c1ccea93a4b7a1/src/agents/dream_generator.py#L217,"        improvement_priorities = code_analysis.get('improvement_priority', [])
        
        # Build specific issues list
        specific_issues = []
        if anti_patterns:",,1-2 lines no loop direct explainer,,FALSE,FALSE,FALSE,FALSE,FALSE,FALSE
44,https://github.com/mitchhit234/commerceDataVisualization,260d3229d87c6c85468f56feaadf0d9836c211b7,commerceDataVisualization,commerceDataVisualization/python_scripts/server.py,server.py,https://github.com/mitchhit234/commerceDataVisualization/blob/260d3229d87c6c85468f56feaadf0d9836c211b7/python_scripts/server.py#L118,"        )
    response = client.link_token_create(req)
    # Send the data to the client
    return jsonify(response.to_dict())
",,1-2 lines no loop direct explainer,,FALSE,FALSE,FALSE,FALSE,FALSE,FALSE
125,https://github.com/mitchhit234/commerceDataVisualization,260d3229d87c6c85468f56feaadf0d9836c211b7,commerceDataVisualization,commerceDataVisualization/python_scripts/db_update.py,db_update.py,https://github.com/mitchhit234/commerceDataVisualization/blob/260d3229d87c6c85468f56feaadf0d9836c211b7/python_scripts/db_update.py#L2,"#Will update the database based off of commerce alerts

#Current known transactions commerce doesn't give alerts to (and would 
#have to be entered manually or through the export method)
#Transfer from another commerece account
#Direct deposits (gives alert to action and desc, but not price)

from pathlib import Path",,file descriptor,,FALSE,FALSE,FALSE,FALSE,FALSE,FALSE
191213,https://github.com/DocHatty14/community-research-mcp,11ae4bf80e7be52481dacace0d3e6191f381410e,community-research-mcp,community-research-mcp/api/stackexchange.py,stackexchange.py,https://github.com/DocHatty14/community-research-mcp/blob/11ae4bf80e7be52481dacace0d3e6191f381410e/api/stackexchange.py#L392,"            # Clean HTML from answer body
            body = answer[""body""]
            # Remove HTML tags but keep code blocks
            clean_body = re.sub(r""<code>"", ""```"", body)
            clean_body = re.sub(r""</code>"", ""```"", clean_body)",,1-2 lines no loop direct explainer,,FALSE,FALSE,FALSE,FALSE,FALSE,FALSE
133525,https://github.com/erencanakyuz/ContextLLM,5fb0da1f2b39107418cd1352dc6885a41390de0e,ContextLLM,ContextLLM/gui/app.py,app.py,https://github.com/erencanakyuz/ContextLLM/blob/5fb0da1f2b39107418cd1352dc6885a41390de0e/gui/app.py#L856,"            self.tree_btn.setToolTip(""Show detailed file tree view (Ctrl+T)"")
        
        # Toolbar buttons (new)
        if hasattr(self, 'toolbar_process_btn'):
            self.toolbar_process_btn.setToolTip(""Reset selected files (Ctrl+Enter)"")",,1-2 lines no loop direct explainer,,FALSE,FALSE,FALSE,FALSE,FALSE,FALSE
133506,https://github.com/erencanakyuz/ContextLLM,5fb0da1f2b39107418cd1352dc6885a41390de0e,ContextLLM,ContextLLM/gui/app.py,app.py,https://github.com/erencanakyuz/ContextLLM/blob/5fb0da1f2b39107418cd1352dc6885a41390de0e/gui/app.py#L730,"        
    def create_status_bar(self):
        """"""Create simplified status bar""""""
        status_bar = QStatusBar()
        status_bar.setObjectName(""statusBar"")",,Docstring,,FALSE,FALSE,FALSE,FALSE,FALSE,FALSE
2833,https://github.com/jkhan-007/contextually-app,e3f3606b487533e907b961bb6fc68423c7ae5db1,contextually-app,contextually-app/contextual/tests/test_application.py,test_application.py,https://github.com/jkhan-007/contextually-app/blob/e3f3606b487533e907b961bb6fc68423c7ae5db1/contextual/tests/test_application.py#L9,"@pytest.fixture
def window(qtbot):
    """"""Pass the application to the test functions via a pytest fixture.""""""
    new_window = application.MainWindow()
    qtbot.add_widget(new_window)",,Docstring,,FALSE,FALSE,FALSE,FALSE,FALSE,FALSE
322867,https://github.com/Pierkstine/CONTXT,01ddf78467d1397a56b3780f27335d71e42cc6d8,CONTXT,CONTXT/services/core/src/render.py,render.py,https://github.com/Pierkstine/CONTXT/blob/01ddf78467d1397a56b3780f27335d71e42cc6d8/services/core/src/render.py#L8,"    if not s: return """"
    s = _TAG_RE.sub("" "", s)        # strip HTML tags
    s = s.replace(""\u00A0"", "" "")   # nbsp
    s = _WS_RE.sub("" "", s).strip()
    return s",what is nbsp,human explainability ,,FALSE,FALSE,FALSE,FALSE,FALSE,FALSE
67264,https://github.com/open-ug/conveyor,6b152b2f85fc440b6dda874153a2f7892d18110d,conveyor,conveyor/sdk/python/conveyor/runtime/driver_logger.py,driver_logger.py,https://github.com/open-ug/conveyor/blob/6b152b2f85fc440b6dda874153a2f7892d18110d/sdk/python/conveyor/runtime/driver_logger.py#L79,"            logging.debug(""JetStream publish failed for run %s"", self.run_id, exc_info=True)

        # Core NATS publish (best-effort)
        try:
            if self._nc:",,1-2 lines no loop direct explainer,,FALSE,FALSE,FALSE,FALSE,FALSE,FALSE
184179,https://github.com/b3p3k0/coords,35abac27da9bdf2b367eb41f610bc5cbbed663b8,coords,coords/coords-deps/packaging/specifiers.py,specifiers.py,https://github.com/b3p3k0/coords/blob/35abac27da9bdf2b367eb41f610bc5cbbed663b8/coords-deps/packaging/specifiers.py#L253,"            return self._prereleases

        # Look at all of our specifiers and determine if they are inclusive
        # operators, and if they are if they are including an explicit
        # prerelease.
        operator, version = self._spec
        if operator in [""=="", "">="", ""<="", ""~="", ""==="", "">"", ""<""]:",,1-2 lines no loop direct explainer,1-2 lines no loop direct explainer,FALSE,TRUE,FALSE,FALSE,FALSE,FALSE
29647,https://github.com/mc51/Corona-Test-Comparison,e237a7138f0b1c8c293f2d388f5788bd95b72072,Corona-Test-Comparison,Corona-Test-Comparison/download_and_convert_data.py,download_and_convert_data.py,https://github.com/mc51/Corona-Test-Comparison/blob/e237a7138f0b1c8c293f2d388f5788bd95b72072/download_and_convert_data.py#L59,"# Split pdf to single pages so we can read them one by one
log.info(""Splitting .pdf to single files"")
# match most recent .pdf
source = sorted(glob.glob(f""{DIR_DATA_RAW}/*.pdf""), reverse=True)[0]
from_file = pdf.PdfFileReader(source)",,1-2 lines no loop direct explainer,,FALSE,FALSE,FALSE,FALSE,FALSE,FALSE
314118,https://github.com/bpmforge/cortara,4776494d18f8a7b384e4ef7070000512aea93eb6,cortara,cortara/src/features/embeddings/scripts/local_embeddings.py,local_embeddings.py,https://github.com/bpmforge/cortara/blob/4776494d18f8a7b384e4ef7070000512aea93eb6/src/features/embeddings/scripts/local_embeddings.py#L67,"            try:
                self.model = SentenceTransformer(self.model_name)
                # Optimize for inference
                self.model.eval()
                if torch.cuda.is_available():",,1-2 lines no loop direct explainer,1-2 lines no loop direct explainer,FALSE,FALSE,FALSE,FALSE,FALSE,FALSE
392756,https://github.com/Fennzo/CourtScrapper,c1377ced4655f51eb59d685959080fd1a55f03af,CourtScrapper,CourtScrapper/case_data_extractor.py,case_data_extractor.py,https://github.com/Fennzo/CourtScrapper/blob/c1377ced4655f51eb59d685959080fd1a55f03af/case_data_extractor.py#L601,"            return ""Hold Without Bond""
        
        # Step 3: Find and expand the bottom-most setting date row
        logger.info(""Step 3: Looking for expandable bond setting rows"")
        bond_settings_grid = page.locator('#BondSettingsGrid')",,Numbered Step,,FALSE,FALSE,FALSE,FALSE,FALSE,FALSE
48861,https://github.com/abhijithneilabraham/Covid-QA,d5d4d10544f4191d5e50b0c425f7d0306235322b,Covid-QA,Covid-QA/longformer_qa/longformer_finetune.py,longformer_finetune.py,https://github.com/abhijithneilabraham/Covid-QA/blob/d5d4d10544f4191d5e50b0c425f7d0306235322b/longformer_qa/longformer_finetune.py#L57,"train_dataset  = load_dataset(""covid_qa_deepset"",split='train[:90%]')
train_dataset = train_dataset.map(convert_to_features)
# set the tensor type and the columns which the dataset should return
columns = ['input_ids', 'attention_mask', 'start_positions', 'end_positions']
train_dataset.set_format(type='torch', columns=columns)",,1-2 lines no loop direct explainer,,FALSE,FALSE,FALSE,FALSE,FALSE,FALSE
125846,https://github.com/DubblePumper/creepypastaAI,03757fe3bc6db7d01310f488d07c823d2d755fac,creepypastaAI,creepypastaAI/demo.py,demo.py,https://github.com/DubblePumper/creepypastaAI/blob/03757fe3bc6db7d01310f488d07c823d2d755fac/demo.py#L110,"
def test_directory_structure():
    """"""Test that all required directories exist.""""""
    print(""\n📁 Testing Directory Structure..."")
    ",,Docstring,,FALSE,FALSE,FALSE,FALSE,FALSE,FALSE
126244,https://github.com/DubblePumper/creepypastaAI,03757fe3bc6db7d01310f488d07c823d2d755fac,creepypastaAI,creepypastaAI/src/video/video_generator.py,video_generator.py,https://github.com/DubblePumper/creepypastaAI/blob/03757fe3bc6db7d01310f488d07c823d2d755fac/src/video/video_generator.py#L473,"    
    def cleanup_temp_files(self):
        """"""Clean up temporary files created during video generation.""""""
        try:
            # Clean up temp video directory",,Docstring,,FALSE,FALSE,FALSE,FALSE,FALSE,FALSE
30436,https://github.com/ayushpoddar/cricmenu,0aff782fd5735049f6bc5ad5657292883dca50f3,cricmenu,cricmenu/live.py,live.py,https://github.com/ayushpoddar/cricmenu/blob/0aff782fd5735049f6bc5ad5657292883dca50f3/live.py#L80,"
    def setTitle(self, jsonData):
        '''Set title using the json data provided. Returns nothing'''
        self.title = re.sub(r'\(.*?\)', '', jsonData['match']['current_summary_abbreviation']).replace(""  "", "" "").strip()
",,Docstring,,FALSE,FALSE,FALSE,FALSE,FALSE,FALSE
309645,https://github.com/AntoanBG3/crimeandpunishment,33a64640aae7e60a5920eb3817a8a62ceb00adda,crimeandpunishment,crimeandpunishment/game_engine/npc_interaction_handler.py,npc_interaction_handler.py,https://github.com/AntoanBG3/crimeandpunishment/blob/33a64640aae7e60a5920eb3817a8a62ceb00adda/game_engine/npc_interaction_handler.py#L1,"# pylint: disable=no-member
import random
import re",,Instrumentation for automated tool,,FALSE,FALSE,FALSE,FALSE,FALSE,FALSE
33307,https://github.com/croma-app/croma-react,492cafe1e16220dddfd4ed35ef9e2776e42f07ee,croma-react,croma-react/ios/Pods/Flipper-Boost-iOSX/boost/outcome/outcome.gdb.py,outcome.gdb.py,https://github.com/croma-app/croma-react/blob/492cafe1e16220dddfd4ed35ef9e2776e42f07ee/ios/Pods/Flipper-Boost-iOSX/boost/outcome/outcome.gdb.py#L2,"
class OutcomeBasicOutcomePrinter(object):
    """"""Print an outcome::basic_outcome<T>""""""

    def __init__(self, val):",,Docstring,,FALSE,FALSE,FALSE,FALSE,FALSE,FALSE
30109,https://github.com/weeping-angel/crypto-medium-bot,8fe6f4698b19a2d943c82f6c7752ecce49af8030,crypto-medium-bot,crypto-medium-bot/config.py,config.py,https://github.com/weeping-angel/crypto-medium-bot/blob/8fe6f4698b19a2d943c82f6c7752ecce49af8030/config.py#L7,"]

TELEGRAM_CHAT_ID = 'YOUR_CHAT_ID' # must replace !!!
TELEGRAM_BOT_TOKEN = 'YOUR_BOT_TOKEN' # must replace !!!
",,Note to self,,FALSE,FALSE,FALSE,FALSE,FALSE,FALSE
331765,https://github.com/GoChien/crypto-trading-agent,401c598f840c343a75e5561e8d7c7b9b24ffbab8,crypto-trading-agent,crypto-trading-agent/simulated_trading_agent/tools.py,tools.py,https://github.com/GoChien/crypto-trading-agent/blob/401c598f840c343a75e5561e8d7c7b9b24ffbab8/simulated_trading_agent/tools.py#L105,"        return {""status"": ""failed"", ""message"": f""Error recording transaction: {str(e)}""}

    # Update the assets
    tool_context.state[""asset:bitcoin""] = bitcoin_asset - amount_in_bitcoin
    tool_context.state[""asset:usdc""] = tool_context.state.get(""asset:usdc"", 0.0) + amount_in_usd",,1-2 lines no loop direct explainer,,FALSE,FALSE,FALSE,FALSE,FALSE,FALSE
35086,https://github.com/mile95/csgo_cli,a7a2b78bb1deae5435ce30595779b1605cfec187,csgo_cli,csgo_cli/cli.py,cli.py,https://github.com/mile95/csgo_cli/blob/a7a2b78bb1deae5435ce30595779b1605cfec187/cli.py#L18,"    path: str = typer.Argument(None, help=""Path to serverbrowser_hist.vdf, see github readme for more info."")
):
    """"""
    Configure path to favorite servers file
    """"""

    if not path:",,Docstring,,FALSE,FALSE,FALSE,FALSE,FALSE,FALSE
12,https://github.com/ctk-hq/ctk,a0390526216e3fc46bb82180d87998d3a62635f9,ctk,ctk/services/backend/src/main/settings.py,settings.py,https://github.com/ctk-hq/ctk/blob/a0390526216e3fc46bb82180d87998d3a62635f9/services/backend/src/main/settings.py#L1,"""""""
Django settings.

Generated by 'django-admin startproject' using Django 4.0.4.

For more information on this file, see
https://docs.djangoproject.com/en/4.0/topics/settings/

For the full list of settings and their values, see
https://docs.djangoproject.com/en/4.0/ref/settings/
""""""

import os",,File author,File author,FALSE,FALSE,FALSE,FALSE,FALSE,FALSE
95427,https://github.com/umpolungfish/cumpyl-framework,92084c154b321ad4febc476613953e3377113eb1,cumpyl-framework,cumpyl-framework/cumpyl_package/build_binary_menu.py,build_binary_menu.py,https://github.com/umpolungfish/cumpyl-framework/blob/92084c154b321ad4febc476613953e3377113eb1/cumpyl_package/build_binary_menu.py#L1508,"
        try:
            # Run analysis using the plugin
            analysis_results = self.rewriter.run_plugin_analysis()
",,1-2 lines no loop direct explainer,,FALSE,FALSE,FALSE,FALSE,FALSE,FALSE
93920,https://github.com/umpolungfish/cumpyl-framework,92084c154b321ad4febc476613953e3377113eb1,cumpyl-framework,cumpyl-framework/plugins/transform.py,transform.py,https://github.com/umpolungfish/cumpyl-framework/blob/92084c154b321ad4febc476613953e3377113eb1/plugins/transform.py#L50,"
class TransformationPlan:
    """"""Enhanced class to hold transformation plan information with metadata integrity""""""
    def __init__(self) -> None:
        self.actions: List[Dict[str, Any]] = []",,Docstring,,FALSE,FALSE,FALSE,FALSE,FALSE,FALSE
95712,https://github.com/umpolungfish/cumpyl-framework,92084c154b321ad4febc476613953e3377113eb1,cumpyl-framework,cumpyl-framework/cumpyl_package/transmuter.py,transmuter.py,https://github.com/umpolungfish/cumpyl-framework/blob/92084c154b321ad4febc476613953e3377113eb1/cumpyl_package/transmuter.py#L174,"    
    def _url_encode(self, payload: str) -> str:
        """"""URL encoding""""""
        return urllib.parse.quote(payload, safe='')
    ",,Docstring,,FALSE,FALSE,FALSE,FALSE,FALSE,FALSE
95728,https://github.com/umpolungfish/cumpyl-framework,92084c154b321ad4febc476613953e3377113eb1,cumpyl-framework,cumpyl-framework/cumpyl_package/transmuter.py,transmuter.py,https://github.com/umpolungfish/cumpyl-framework/blob/92084c154b321ad4febc476613953e3377113eb1/cumpyl_package/transmuter.py#L325,"
def load_config(config_path: Optional[Path] = None) -> TransmuteConfig:
    """"""Load configuration from YAML file""""""
    if config_path and config_path.exists():
        with open(config_path, 'r') as f:",,Docstring,,FALSE,FALSE,FALSE,FALSE,FALSE,FALSE
28741,https://github.com/ansnoussi/CutCat,7d2c056f89a5b09007264b21fe2915a6b64e737a,CutCat,CutCat/screenpoint/app.py,app.py,https://github.com/ansnoussi/CutCat/blob/7d2c056f89a5b09007264b21fe2915a6b64e737a/screenpoint/app.py#L51,"

    # This is temporary
    return """"""
        <form method=""post"" action=""/point_screen"" enctype=""multipart/form-data"">",, qualitative comment,,FALSE,FALSE,FALSE,FALSE,FALSE,FALSE
135001,https://github.com/Courage-1984/Dataset-Forge,0f7fe4664b2241d3eeda1cffeb8fca2fac4429fb,Dataset-Forge,Dataset-Forge/dataset_forge/utils/printing.py,printing.py,https://github.com/Courage-1984/Dataset-Forge/blob/0f7fe4664b2241d3eeda1cffeb8fca2fac4429fb/dataset_forge/utils/printing.py#L6,"    """"""Safely print text with emoji handling and color support.""""""
    try:
        # Normalize and sanitize text for emoji safety
        from .emoji_utils import normalize_unicode, sanitize_emoji
",,1-2 lines no loop direct explainer,,FALSE,FALSE,FALSE,FALSE,FALSE,FALSE
137396,https://github.com/Courage-1984/Dataset-Forge,0f7fe4664b2241d3eeda1cffeb8fca2fac4429fb,Dataset-Forge,Dataset-Forge/dataset_forge/menus/cache_management_menu.py,cache_management_menu.py,https://github.com/Courage-1984/Dataset-Forge/blob/0f7fe4664b2241d3eeda1cffeb8fca2fac4429fb/dataset_forge/menus/cache_management_menu.py#L532,"        print_info(f""Total Cache Size: {total_size_mb:.1f} MB"")

        # Recommendations
        print_info("""")
        print_info(""Health Recommendations:"")",,1-2 lines no loop direct explainer,,FALSE,FALSE,FALSE,FALSE,FALSE,FALSE
138420,https://github.com/Courage-1984/Dataset-Forge,0f7fe4664b2241d3eeda1cffeb8fca2fac4429fb,Dataset-Forge,Dataset-Forge/tests/test_utils/test_cache_utils.py,test_cache_utils.py,https://github.com/Courage-1984/Dataset-Forge/blob/0f7fe4664b2241d3eeda1cffeb8fca2fac4429fb/tests/test_utils/test_cache_utils.py#L449,"            return {""large_data"": ""x"" * 1000}

        # First call
        result1 = test_func(""test"")
        assert call_count == 1",,1-2 lines no loop direct explainer,,FALSE,FALSE,FALSE,FALSE,FALSE,FALSE
137454,https://github.com/Courage-1984/Dataset-Forge,0f7fe4664b2241d3eeda1cffeb8fca2fac4429fb,Dataset-Forge,Dataset-Forge/dataset_forge/menus/directory_tree_menu.py,directory_tree_menu.py,https://github.com/Courage-1984/Dataset-Forge/blob/0f7fe4664b2241d3eeda1cffeb8fca2fac4429fb/dataset_forge/menus/directory_tree_menu.py#L860,"                        return self.categories[""image""]

                    # Use magic if available for more accurate detection
                    if self.magic_instance:
                        try:",,Control flow/program logic,,FALSE,TRUE,FALSE,FALSE,FALSE,FALSE
136379,https://github.com/Courage-1984/Dataset-Forge,0f7fe4664b2241d3eeda1cffeb8fca2fac4429fb,Dataset-Forge,Dataset-Forge/dataset_forge/actions/analysis_actions.py,analysis_actions.py,https://github.com/Courage-1984/Dataset-Forge/blob/0f7fe4664b2241d3eeda1cffeb8fca2fac4429fb/dataset_forge/actions/analysis_actions.py#L629,"
    def find_files_with_dimension(target_dim):
        """"""Find files with specific dimensions.""""""
        matching_files = []
        for filename in image_files:",,Docstring,,FALSE,FALSE,FALSE,FALSE,FALSE,FALSE
136758,https://github.com/Courage-1984/Dataset-Forge,0f7fe4664b2241d3eeda1cffeb8fca2fac4429fb,Dataset-Forge,Dataset-Forge/dataset_forge/actions/compress_actions.py,compress_actions.py,https://github.com/Courage-1984/Dataset-Forge/blob/0f7fe4664b2241d3eeda1cffeb8fca2fac4429fb/dataset_forge/actions/compress_actions.py#L251,"    recursive: bool = True,
):
    """"""
    Compress all images in a directory with parallel processing.

    Args:
        input_dir: Input directory path
        output_dir: Output directory path
        output_format: Output format (png, jpeg, webp)
        quality: JPEG/WebP quality (1-100)
        oxipng_level: Oxipng optimization level (0-6)
        use_oxipng: Whether to use oxipng for PNG optimization
        oxipng_strip: Metadata to strip
        oxipng_alpha: Use alpha optimization
        recursive: Whether to process subdirectories recursively
    """"""
    # Collect all image paths
    image_paths = []",,Structured Docstring,,FALSE,FALSE,FALSE,FALSE,FALSE,FALSE
2991,https://github.com/BoardiesITSolutions/DDHueAlert,86f1eb0b97745524ee841fc80fb88407051370f6,DDHueAlert,DDHueAlert/DDMonitorCheck.py,DDMonitorCheck.py,https://github.com/BoardiesITSolutions/DDHueAlert/blob/86f1eb0b97745524ee841fc80fb88407051370f6/DDMonitorCheck.py#L83,"    # Need to store the existing light settings so we can revert the lights back after flashing
    original_light_states = []
    # Get the colour light indexes so can update the hue and sat without receiving an error setting a non colour bulb
    colour_light_ids = []
",,1-2 lines no loop direct explainer,,FALSE,TRUE,FALSE,FALSE,FALSE,FALSE
96938,https://github.com/bcollazo/deckgym-core,3c8bbd169d7b0dfe97e8225e95460f6e2dafb138,deckgym-core,deckgym-core/python/deckgym/tests/test_deckgym.py,test_deckgym.py,https://github.com/bcollazo/deckgym-core/blob/3c8bbd169d7b0dfe97e8225e95460f6e2dafb138/python/deckgym/tests/test_deckgym.py#L149,"    types = deckgym.get_player_types()
    for code in types:
        # Use PyEnergyType from a card if available
        for poke in inplay0:
            if poke and hasattr(poke, ""energy_type"") and poke.energy_type is not None:",,2-5 or loop DE,,FALSE,FALSE,FALSE,FALSE,FALSE,TRUE
56045,https://github.com/jankrepl/deepdow,341b34d324cf8054f2f59f092b3afcdd031bc828,deepdow,deepdow/deepdow/losses.py,losses.py,https://github.com/jankrepl/deepdow/blob/341b34d324cf8054f2f59f092b3afcdd031bc828/deepdow/losses.py#L1121,"        )

        return mapping(prets.std(dim=1))  # (n_shapes,)

    def __repr__(self):",, qualitative comment, qualitative comment,FALSE,FALSE,FALSE,FALSE,FALSE,FALSE
56387,https://github.com/jankrepl/deepdow,341b34d324cf8054f2f59f092b3afcdd031bc828,deepdow,deepdow/examples/end_to_end/iid.py,iid.py,https://github.com/jankrepl/deepdow/blob/341b34d324cf8054f2f59f092b3afcdd031bc828/examples/end_to_end/iid.py#L226,"                        'maxutil': markowitz.maxutil(gamma=gamma, max_weight=max_weight)}

# %%
# Let's write some visualization machinery!
color_mapping = {'minvar': 'r',
                 'maxret': 'g',",, qualitative comment, qualitative comment,FALSE,FALSE,FALSE,FALSE,TRUE,FALSE
56289,https://github.com/jankrepl/deepdow,341b34d324cf8054f2f59f092b3afcdd031bc828,deepdow,deepdow/tests/test_explain.py,test_explain.py,https://github.com/jankrepl/deepdow/blob/341b34d324cf8054f2f59f092b3afcdd031bc828/tests/test_explain.py#L62,"    )

    # SOME MASK
    some_mask = torch.ones_like(initial_guess, dtype=torch.bool)
    some_mask[0] = False",,1-2 lines no loop direct explainer,,FALSE,FALSE,FALSE,FALSE,FALSE,FALSE
56105,https://github.com/jankrepl/deepdow,341b34d324cf8054f2f59f092b3afcdd031bc828,deepdow,deepdow/deepdow/layers/misc.py,misc.py,https://github.com/jankrepl/deepdow/blob/341b34d324cf8054f2f59f092b3afcdd031bc828/deepdow/layers/misc.py#L193,"            v = v[..., :common]  # pragma: no cover
            if unbalanced:  # pragma: no cover
                good = good[..., :common]  # pragma: no cover
        if unbalanced:
            s = s.where(",,Instrumentation for automated tool,,FALSE,FALSE,FALSE,FALSE,FALSE,FALSE
49106,https://github.com/tchambon/DeepGuru,9d85db08f204d48d6fbdef18bcda634e7944e46a,DeepGuru,DeepGuru/QuoteGenerator.py,QuoteGenerator.py,https://github.com/tchambon/DeepGuru/blob/9d85db08f204d48d6fbdef18bcda634e7944e46a/QuoteGenerator.py#L58,"
def generate_quotes_quantity(quantity, learn):
    """"""Function to generate N quotes """"""
    table_quotes = []
    for i in tqdm(range(quantity)):",,Docstring,,FALSE,FALSE,FALSE,FALSE,FALSE,FALSE
28756,https://github.com/kenkpix/diabetes_risk_prediction,f052ebee1c01057af57754bee949f7f2eb841645,diabetes_risk_prediction,diabetes_risk_prediction/app.py,app.py,https://github.com/kenkpix/diabetes_risk_prediction/blob/f052ebee1c01057af57754bee949f7f2eb841645/app.py#L158,"        ""Yes"", ""No""
    ), key='overweight')
    # FEATURES END

    values = [age, gender, polyuria, polydipsia,",,section breaker,,FALSE,FALSE,FALSE,FALSE,FALSE,FALSE
27727,https://github.com/bhavitvyamalik/DialogTag,15f3254fdfcfc960eb82ae86119a1a58fb4766b9,DialogTag,DialogTag/dialog_tag/get_weights.py,get_weights.py,https://github.com/bhavitvyamalik/DialogTag/blob/15f3254fdfcfc960eb82ae86119a1a58fb4766b9/dialog_tag/get_weights.py#L40,"            progress = tqdm(unit=""B"", total=total, unit_scale=True)
            for chunk in req.iter_content(chunk_size=1024):
                if chunk: # filter out keep-alive new chunks
                    progress.update(len(chunk))
                    file_binary.write(chunk)",,1-2 lines no loop direct explainer,,FALSE,FALSE,FALSE,FALSE,FALSE,FALSE
333255,https://github.com/JinayJain/dictator,33efff23df4dfc9dd165947018d64263427c72b2,dictator,dictator/dictator/window_detector.py,window_detector.py,https://github.com/JinayJain/dictator/blob/33efff23df4dfc9dd165947018d64263427c72b2/dictator/window_detector.py#L68,"
    def _get_focused_window_id(self) -> str:
        """"""Get the ID of the currently focused window.""""""
        result = subprocess.run(
            [""xdotool"", ""getwindowfocus""],",,Docstring,,FALSE,FALSE,FALSE,FALSE,FALSE,FALSE
55402,https://github.com/StoneT2000/Dimensions,789c807fa0817e7e58b809ed95bff61b4c237b12,Dimensions,Dimensions/tests/kits/python/bot.py,bot.py,https://github.com/StoneT2000/Dimensions/blob/789c807fa0817e7e58b809ed95bff61b4c237b12/tests/kits/python/bot.py#L1,"from kit import Agent
import sys
# Create new agent
agent = Agent()
",,1-2 lines no loop direct explainer,,FALSE,FALSE,FALSE,FALSE,FALSE,TRUE
55379,https://github.com/guitld/Distortion-Bot-for-Telegram,d8023c1172e44ea30fca7aa6404ec4c7343aa57f,Distortion-Bot-for-Telegram,Distortion-Bot-for-Telegram/bot.py,bot.py,https://github.com/guitld/Distortion-Bot-for-Telegram/blob/d8023c1172e44ea30fca7aa6404ec4c7343aa57f/bot.py#L27,"# Creating the gif
def getGif(update, context):
    # Receiving the original image
    user_id = update.message.from_user.id
    pic = update.message.photo",,1-2 lines no loop direct explainer,,FALSE,FALSE,FALSE,FALSE,FALSE,FALSE
26835,https://github.com/aduranil/django-channels-react-multiplayer,2d8bbf408442f73cba461beb2ef2b50a33d23cae,django-channels-react-multiplayer,django-channels-react-multiplayer/app/models.py,models.py,https://github.com/aduranil/django-channels-react-multiplayer/blob/2d8bbf408442f73cba461beb2ef2b50a33d23cae/app/models.py#L109,"    followers = models.IntegerField(default=100)
    selfies = models.IntegerField(default=3)  # equivalent to licking a lolly
    go_live = models.IntegerField(default=2)  # equivalent to tattle
    created_at = models.DateTimeField(auto_now_add=True)
    updated_at = models.DateTimeField(auto_now=True)",,human explainability ,human explainability ,FALSE,FALSE,FALSE,FALSE,FALSE,FALSE
49767,https://github.com/ayoubeddafali/docker-selenium-bootstrap,fd46fb05d33b95ded307f5c1eb23bf26c0ab3bf8,docker-selenium-bootstrap,docker-selenium-bootstrap/main.py,main.py,https://github.com/ayoubeddafali/docker-selenium-bootstrap/blob/fd46fb05d33b95ded307f5c1eb23bf26c0ab3bf8/main.py#L30,"options.add_argument('--no-sandbox')

# In case you're going to download something 
# Configuration is already done 
# Download path is : DOWNLOADS_DIR
options.add_experimental_option(""prefs"", {
  ""download.default_directory"": DOWNLOADS_DIR,",,Note to self,Note to self,FALSE,FALSE,FALSE,FALSE,TRUE,FALSE
307485,https://github.com/wonderchatai/dockge-mcp,ed7ef4b7a899b3736557731c038bc4b6e9a9bf18,dockge-mcp,dockge-mcp/src/dockge_mcp/client.py,client.py,https://github.com/wonderchatai/dockge-mcp/blob/ed7ef4b7a899b3736557731c038bc4b6e9a9bf18/src/dockge_mcp/client.py#L41,"        self.all_agent_stack_lists = {}  # Stores stack lists from all agents

        # Add catch-all listener for debugging
        @self.sio.on(""*"")
        def catch_all(event, data):",,1-2 lines no loop direct explainer,1-2 lines no loop direct explainer,FALSE,FALSE,FALSE,FALSE,FALSE,FALSE
30165,https://github.com/d10nets/dupi-lambda,8385768655eb3ecd59e4af677c63e2d8fa91f1f9,dupi-lambda,dupi-lambda/dupi-lambda.py,dupi-lambda.py,https://github.com/d10nets/dupi-lambda/blob/8385768655eb3ecd59e4af677c63e2d8fa91f1f9/dupi-lambda.py#L121,"        logger.debug(""DUPI PDU #%s OUTPUT:"", pdu_index+1)

        # build dupi pdu records
        for event_index, flowlog in enumerate(msg['logEvents'][pdu_rmax*pdu_index:(pdu_rmax*pdu_index)+num_flows]):
            logger.debug("" DUPI PDU Record #%s"", event_index+1)",,2-5 or loop DE,,FALSE,FALSE,FALSE,FALSE,FALSE,FALSE
33319,https://github.com/daspartho/dynamic-wallpaper,50e0bcf69f94a57c431a3de2388f66dba2a981b8,dynamic-wallpaper,dynamic-wallpaper/main.py,main.py,https://github.com/daspartho/dynamic-wallpaper/blob/50e0bcf69f94a57c431a3de2388f66dba2a981b8/main.py#L29,"    img_url = data['results'][random.randint(0,29)]['links']['download'] # selects a random image from the first 30 images in the search results
    img_data = requests.get(img_url).content
    img_path = os.path.expanduser('~/wallpaper.jpg') # path for saving the wallpaper
    with open(img_path, 'wb') as handler:
        handler.write(img_data)",,1-2 lines no loop direct explainer,,FALSE,FALSE,FALSE,FALSE,FALSE,FALSE
390692,https://github.com/Howtoimagine/E8-Kaleidescope-AI,d7341ae2fddd76c529909873aaada7438f57e583,E8-Kaleidescope-AI,E8-Kaleidescope-AI/e8_mind_server_M24.py,e8_mind_server_M24.py,https://github.com/Howtoimagine/E8-Kaleidescope-AI/blob/d7341ae2fddd76c529909873aaada7438f57e583/e8_mind_server_M24.py#L14768,"                        ))
                else:
                    # Lock not suitable for sync context; just print
                    self.console.print(Panel(
                        f""[bold white]{entry_type.upper()}[/] accepted: [bold cyan]'{label}'[/]\n""",,1-2 lines no loop direct explainer,,FALSE,FALSE,FALSE,FALSE,FALSE,FALSE
391090,https://github.com/Howtoimagine/E8-Kaleidescope-AI,d7341ae2fddd76c529909873aaada7438f57e583,E8-Kaleidescope-AI,E8-Kaleidescope-AI/e8_mind_server_M24.py,e8_mind_server_M24.py,https://github.com/Howtoimagine/E8-Kaleidescope-AI/blob/d7341ae2fddd76c529909873aaada7438f57e583/e8_mind_server_M24.py#L18507,"                        should_log = True

                # Periodic beat telemetry
                if step % 100 == 0:
                    try:",,1-2 lines no loop direct explainer,1-2 lines no loop direct explainer,FALSE,FALSE,FALSE,FALSE,FALSE,FALSE
391219,https://github.com/Howtoimagine/E8-Kaleidescope-AI,d7341ae2fddd76c529909873aaada7438f57e583,E8-Kaleidescope-AI,E8-Kaleidescope-AI/e8_mind_server_M24.py,e8_mind_server_M24.py,https://github.com/Howtoimagine/E8-Kaleidescope-AI/blob/d7341ae2fddd76c529909873aaada7438f57e583/e8_mind_server_M24.py#L19825,"            return

        # Check conditional pause conditions
        if self._should_pause_annealing():
            self.annealing_paused = True",,1-2 lines no loop direct explainer,,FALSE,FALSE,FALSE,FALSE,FALSE,FALSE
388063,https://github.com/Howtoimagine/E8-Kaleidescope-AI,d7341ae2fddd76c529909873aaada7438f57e583,E8-Kaleidescope-AI,E8-Kaleidescope-AI/e8_mind_server_M25.1.py,e8_mind_server_M25.1.py,https://github.com/Howtoimagine/E8-Kaleidescope-AI/blob/d7341ae2fddd76c529909873aaada7438f57e583/e8_mind_server_M25.1.py#L25224,"                        self.console.log(""[EmergenceController] Applied assisted mode safeguards"")
                    else:
                        # Self mode anemic - temporarily boost couplings
                        self.couplings['rotor_to_source_gain'] = min(0.5, self.couplings['rotor_to_source_gain'] * 2)
                        self.couplings['curvature_feedback'] = min(0.5, self.couplings['curvature_feedback'] * 2)",,2-5 or loop DE,,FALSE,FALSE,FALSE,FALSE,FALSE,FALSE
389120,https://github.com/Howtoimagine/E8-Kaleidescope-AI,d7341ae2fddd76c529909873aaada7438f57e583,E8-Kaleidescope-AI,E8-Kaleidescope-AI/e8_mind_server_M24.py,e8_mind_server_M24.py,https://github.com/Howtoimagine/E8-Kaleidescope-AI/blob/d7341ae2fddd76c529909873aaada7438f57e583/e8_mind_server_M24.py#L835,"        return _FallbackSem(), _FallbackPrompts()

# Global Flags
# Enable self-projection and ingestion by default. These can still be overridden
# by environment variables or debug tools if needed.
E8_SELF_PROJECT = os.getenv(""E8_SELF_PROJECT"", ""1"") == ""0""
# Enable ingestion by default so self-projection and configured data sources run",,Control flow/program logic,Control flow/program logic,FALSE,TRUE,FALSE,FALSE,FALSE,FALSE
389617,https://github.com/Howtoimagine/E8-Kaleidescope-AI,d7341ae2fddd76c529909873aaada7438f57e583,E8-Kaleidescope-AI,E8-Kaleidescope-AI/e8_mind_server_M24.py,e8_mind_server_M24.py,https://github.com/Howtoimagine/E8-Kaleidescope-AI/blob/d7341ae2fddd76c529909873aaada7438f57e583/e8_mind_server_M24.py#L4481,"                        double_cover = False

                    # If both properties satisfied, stop early
                    if norm_invariant and double_cover:
                        break",,Control flow/program logic,,FALSE,TRUE,FALSE,FALSE,FALSE,FALSE
387215,https://github.com/Howtoimagine/E8-Kaleidescope-AI,d7341ae2fddd76c529909873aaada7438f57e583,E8-Kaleidescope-AI,E8-Kaleidescope-AI/e8_mind_server_M25.1.py,e8_mind_server_M25.1.py,https://github.com/Howtoimagine/E8-Kaleidescope-AI/blob/d7341ae2fddd76c529909873aaada7438f57e583/e8_mind_server_M25.1.py#L16637,"
    def _run_e8_validations(self):
        """"""Run E8 root system validations during initialization.""""""
        try:
            # Verify E8 root system properties",,Docstring,,FALSE,FALSE,FALSE,FALSE,FALSE,FALSE
389063,https://github.com/Howtoimagine/E8-Kaleidescope-AI,d7341ae2fddd76c529909873aaada7438f57e583,E8-Kaleidescope-AI,E8-Kaleidescope-AI/e8_mind_server_M24.py,e8_mind_server_M24.py,https://github.com/Howtoimagine/E8-Kaleidescope-AI/blob/d7341ae2fddd76c529909873aaada7438f57e583/e8_mind_server_M24.py#L422,"                
            def compact_operation(v):
                """"""Compact vector via dimensionality reduction (mock operation).""""""
                if hasattr(self.mind, 'autoencoder') and self.mind.autoencoder is not None:
                    try:",,Docstring,,FALSE,FALSE,FALSE,FALSE,FALSE,FALSE
325056,https://github.com/eiondb/eion,833f51e0b05e5611273b6e0edf04c6e57121a6b7,eion,eion/internal/knowledge/python/knowledge_extractor.py,knowledge_extractor.py,https://github.com/eiondb/eion/blob/833f51e0b05e5611273b6e0edf04c6e57121a6b7/internal/knowledge/python/knowledge_extractor.py#L229,"    
    def _create_extract_message_prompt(self, context: Dict[str, Any]) -> List[Message]:
        """"""Create prompt for message extraction - matches Eion Knowledge's extract_nodes.py""""""
        system_message = """"""You are an AI assistant that extracts entity nodes from conversational messages.
",,Docstring,,FALSE,FALSE,FALSE,FALSE,FALSE,FALSE
4069,https://github.com/saurabh0719/elara,8c6a58edf665cbaab9b651904e1dd8e901953e16,elara,elara/elara/elara.py,elara.py,https://github.com/saurabh0719/elara/blob/8c6a58edf665cbaab9b651904e1dd8e901953e16/elara/elara.py#L172,"    # Take max_age or self.max_age
    def set(self, key, value, max_age=None):
        # if isinstance(key, str):
        if max_age == None:
            cache_obj = Cache_obj(key, self.max_age)",,Commented out code,,FALSE,FALSE,FALSE,FALSE,FALSE,FALSE
26468,https://github.com/cbrand/esp32-ir-remote,c7be6c6a75bb924c4ea52d5ea724b186294801bb,esp32-ir-remote,esp32-ir-remote/modules/ir/ir_rx.py,ir_rx.py,https://github.com/cbrand/esp32-ir-remote/blob/c7be6c6a75bb924c4ea52d5ea724b186294801bb/modules/ir/ir_rx.py#L141,"    RC6_LS_TIME  # noqa: W503
    + RC6_NORMAL_BIT_TIME  # noqa: W503
    + RC6_NORMAL_BIT_TIME * 3  # noqa: W503
    + RC6_TRAILER_BIT_TIME  # noqa: W503
    + RC6_NORMAL_BIT_TIME * 16  # noqa: W503",,Instrumentation for automated tool,,FALSE,FALSE,FALSE,FALSE,FALSE,FALSE
30037,https://github.com/jctissier/Euro2016_TerminalApp,261c289585166532052a8c2aff658d5666c062e5,Euro2016_TerminalApp,Euro2016_TerminalApp/app/__init__.py,__init__.py,https://github.com/jctissier/Euro2016_TerminalApp/blob/261c289585166532052a8c2aff658d5666c062e5/app/__init__.py#L156,"                live_time = game_status[0]
                header_data.append([match_detail_header, live_time, False])
            # Data for right
            home_team = main_detail_format[0].div.find_next_sibling().find_next_sibling().div
            home_team_score = home_team.div.span.text.strip()",,1-2 lines no loop direct explainer,,FALSE,FALSE,FALSE,FALSE,FALSE,FALSE
325412,https://github.com/mertcoder/europayouthscraper,ab31607e05238859d924ac1d76410888cab1f0aa,europayouthscraper,europayouthscraper/cli.py,cli.py,https://github.com/mertcoder/europayouthscraper/blob/ab31607e05238859d924ac1d76410888cab1f0aa/cli.py#L250,"@click.pass_context
def details(ctx, opid):
    """"""📄 Show detailed information for a specific opportunity
    
    Display comprehensive details for an opportunity by its ID.
    """"""
    db_manager = ctx.obj['db_manager']
    ",,Docstring,,FALSE,FALSE,FALSE,FALSE,FALSE,FALSE
89265,https://github.com/brandburner/fabula,6bc794bccba5708efc83caffff2b8ff5d19710cb,fabula,fabula/main.py,main.py,https://github.com/brandburner/fabula/blob/6bc794bccba5708efc83caffff2b8ff5d19710cb/main.py#L24,"from entity_registry import EntityRegistry

# Import primary entity extraction functions
from episode_processor import (
    process_episode, ",,1-2 lines no loop direct explainer,,FALSE,FALSE,FALSE,FALSE,FALSE,FALSE
89145,https://github.com/brandburner/fabula,6bc794bccba5708efc83caffff2b8ff5d19710cb,fabula,fabula/test_batch_resolution.py,test_batch_resolution.py,https://github.com/brandburner/fabula/blob/6bc794bccba5708efc83caffff2b8ff5d19710cb/test_batch_resolution.py#L95,"    async def test_create_batches_similarity_grouping(self):
        """"""Test that similar entities are grouped in the same batch.""""""
        # Create a small test set with similar names
        similar_agents = [
            Agent(",,Docstring,,FALSE,FALSE,FALSE,FALSE,FALSE,FALSE
89618,https://github.com/brandburner/fabula,6bc794bccba5708efc83caffff2b8ff5d19710cb,fabula,fabula/utils/storybible/story_bible_generator.py,story_bible_generator.py,https://github.com/brandburner/fabula/blob/6bc794bccba5708efc83caffff2b8ff5d19710cb/utils/storybible/story_bible_generator.py#L283,"                self.logger.info(""STEP 5: Skipping element merge - extraction disabled."")

            # STEP 6: Track Conflict Trajectory
            can_track_conflicts = (perform_element_extraction and perform_conflict_arc_analysis and chunk_elements_list)
            if can_track_conflicts:",,Numbered Step,,FALSE,FALSE,FALSE,FALSE,FALSE,FALSE
33310,https://github.com/prathik/fcm,a1cdda382d290d102c41bc0b0909f5b02cc44613,fcm,fcm/setup.py,setup.py,https://github.com/prathik/fcm/blob/a1cdda382d290d102c41bc0b0909f5b02cc44613/setup.py#L31,"        # 'Development Status :: 3 - Alpha',
        'Development Status :: 4 - Beta',
        # 'Development Status :: 5 - Production/Stable',
        # 'Development Status :: 6 - Mature',
        # 'Development Status :: 7 - Inactive',
        'Environment :: Console',
        'Intended Audience :: Developers',",what even is this?,Commented out code,Commented out code,FALSE,FALSE,FALSE,FALSE,FALSE,FALSE
96766,https://github.com/Suwot/ffmpeg,5ae7d762fe7a57f8388067fccf2e5800d078828a,ffmpeg,ffmpeg/tools/python/tf_sess_config.py,tf_sess_config.py,https://github.com/Suwot/ffmpeg/blob/5ae7d762fe7a57f8388067fccf2e5800d078828a/tools/python/tf_sess_config.py#L39,"
s = config.SerializeToString()
# print(list(map(hex, s)))  # print by json if need

print('a serialized protobuf string for TF_SetConfig, note the byte order is in normal order.')",,Commented out code,Commented out code,FALSE,FALSE,FALSE,FALSE,FALSE,FALSE
402545,https://github.com/szymontex/filharmonia-ai,7cdd0ce1cf903b8e191f48d16d4b674ee0811dec,filharmonia-ai,filharmonia-ai/verify_installation.py,verify_installation.py,https://github.com/szymontex/filharmonia-ai/blob/7cdd0ce1cf903b8e191f48d16d4b674ee0811dec/verify_installation.py#L56,"        (""sklearn"", ""scikit-learn""),

        # Utilities
        (""pydantic"", ""Pydantic""),
        (""eyed3"", ""eyeD3""),",,section breaker,,FALSE,FALSE,FALSE,FALSE,FALSE,FALSE
34933,https://github.com/zergov/flashcards,4d1b1c277585b95517ed6c00ceff7555c8c131eb,flashcards,flashcards/flashcards/storage.py,storage.py,https://github.com/zergov/flashcards/blob/4d1b1c277585b95517ed6c00ceff7555c8c131eb/flashcards/storage.py#L97,"
def load_selected_studyset():
    """"""
    Load and return the currently selected studyset.

    :returns: StudySet object.
    """"""
    item = StudySetStorage(selected_studyset_path())
    return item.load()",,Docstring,,FALSE,FALSE,FALSE,FALSE,FALSE,FALSE
117913,https://github.com/px-pride/flowcoder,83319bb58b2b07479b257c4f39b26e81f40f6efb,flowcoder,flowcoder/src/views/commands_tab.py,commands_tab.py,https://github.com/px-pride/flowcoder/blob/83319bb58b2b07479b257c4f39b26e81f40f6efb/src/views/commands_tab.py#L102,"            on_canvas_clicked=self.main_window._on_canvas_clicked,
            on_flowchart_changed=self.main_window._on_flowchart_changed,
            execution_highlighting=False  # Commands tab is for editing, not execution
        )
        self.flowchart_canvas.pack(fill=tk.BOTH, expand=True)",, qualitative comment, qualitative comment,FALSE,TRUE,FALSE,FALSE,FALSE,FALSE
118185,https://github.com/px-pride/flowcoder,83319bb58b2b07479b257c4f39b26e81f40f6efb,flowcoder,flowcoder/src/views/agents_tab.py,agents_tab.py,https://github.com/px-pride/flowcoder/blob/83319bb58b2b07479b257c4f39b26e81f40f6efb/src/views/agents_tab.py#L834,"            session_name = session.name

            # Stop the agent first
            if session.agent_service and session.agent_service._session_active:
                logger.debug(f""Stopping agent for refresh: {session_name}"")",,1-2 lines no loop direct explainer,,FALSE,FALSE,FALSE,FALSE,FALSE,FALSE
119194,https://github.com/px-pride/flowcoder,83319bb58b2b07479b257c4f39b26e81f40f6efb,flowcoder,flowcoder/src/widgets/session_tab_widget.py,session_tab_widget.py,https://github.com/px-pride/flowcoder/blob/83319bb58b2b07479b257c4f39b26e81f40f6efb/src/widgets/session_tab_widget.py#L742,"            return

        # Update session state
        self.session.state = SessionState.EXECUTING
",,1-2 lines no loop direct explainer,,FALSE,FALSE,FALSE,FALSE,FALSE,FALSE
116655,https://github.com/px-pride/flowcoder,83319bb58b2b07479b257c4f39b26e81f40f6efb,flowcoder,flowcoder/src/utils/bash_security.py,bash_security.py,https://github.com/px-pride/flowcoder/blob/83319bb58b2b07479b257c4f39b26e81f40f6efb/src/utils/bash_security.py#L80,"        normalized_command = ' '.join(command.split())

        # Check against dangerous patterns
        for pattern, message in DANGEROUS_PATTERNS:
            if re.search(pattern, normalized_command, re.IGNORECASE):",,2-5 or loop DE,,FALSE,FALSE,FALSE,FALSE,FALSE,FALSE
196698,https://github.com/magentic/flowlens-mcp-server,03bf80be4c84782b8209140b18d977b1e536c3a2,flowlens-mcp-server,flowlens-mcp-server/flowlens_mcp_server/flowlens_mcp/tools.py,tools.py,https://github.com/magentic/flowlens-mcp-server/blob/03bf80be4c84782b8209140b18d977b1e536c3a2/flowlens_mcp_server/flowlens_mcp/tools.py#L49,"@server_instance.flowlens_mcp.tool
async def list_flow_timeline_events_within_duration(flow_uuid: str, start_relative_time_ms: int, end_relative_time_ms: int) -> str:
    """"""
    List timeline events for a specific flow within a duration range. this returns a summary of the events in one line each.
    each line starts with the event index, event_type, action_type, relative_timestamp, and the rest is data depending on the event type.
    If you need full details of an event use get_full_flow_timeline_event_by_index tool using the flow_uuid and event_index.
    Args:
        flow_uuid (string): The UUID of the flow to retrieve events for.
        start_relative_time_ms (int): The starting time in milliseconds of the events to retrieve. it is relative to the start of the recording.
        end_relative_time_ms (int): The ending time in milliseconds of the events to retrieve. it is relative to the start of the recording.
    Returns:
        str: header + A list of timeline events in string format one per line.
    """"""
    timeline_service = await _get_timeline_service(flow_uuid)
    return await timeline_service.list_events_within_duration(start_relative_time_ms, end_relative_time_ms)",,Structured Docstring,,FALSE,FALSE,FALSE,FALSE,FALSE,FALSE
35049,https://github.com/michael-langaman/fntsylu,fe03ce3e04636611a009661561757df834e19f75,fntsylu,fntsylu/fntsylu.py,fntsylu.py,https://github.com/michael-langaman/fntsylu/blob/fe03ce3e04636611a009661561757df834e19f75/fntsylu.py#L343,"		driver = self.driver
		username = """" 					# Insert your username here
		password = """"					# Insert your password here
		wait = WebDriverWait(driver, 10)
",,Note to self,,FALSE,FALSE,FALSE,FALSE,FALSE,FALSE
131575,https://github.com/roeiba/forkMonkey,380dcd8ede303d6331c189a650a693bdff6b8b64,forkMonkey,forkMonkey/server/github_service.py,github_service.py,https://github.com/roeiba/forkMonkey/blob/380dcd8ede303d6331c189a650a693bdff6b8b64/server/github_service.py#L394,"                inputs = {}
                if customization:
                    # Map customization keys to workflow inputs if defined
                    # For now, we assume the workflow might pull from a file or defaults
                    pass
                    ",,Control flow/program logic,,FALSE,FALSE,FALSE,FALSE,FALSE,FALSE
132744,https://github.com/bemmerzaal/garansy-rp,dfd1060094bc25258893520953a00fff8c83865b,garansy-rp,garansy-rp/node_modules/shell-quote/print.py,print.py,https://github.com/bemmerzaal/garansy-rp/blob/dfd1060094bc25258893520953a00fff8c83865b/node_modules/shell-quote/print.py#L1,"#!/usr/bin/env python3
import sys
print(sys.argv[1])",,shebang,,FALSE,FALSE,FALSE,FALSE,FALSE,FALSE
129656,https://github.com/EgidioBezerra/GD-Downloader,cb132137e5ab920e6bb2731c6bfaec49d8092ee1,GD-Downloader,GD-Downloader/downloader.py,downloader.py,https://github.com/EgidioBezerra/GD-Downloader/blob/cb132137e5ab920e6bb2731c6bfaec49d8092ee1/downloader.py#L433,"                )

                # Salvar PDF
                update_progress(""Salvando PDF..."", 95)
                with open(save_path, 'wb') as f:",(consider adding a non-english category),1-2 lines no loop direct explainer,,FALSE,FALSE,FALSE,FALSE,FALSE,FALSE
129863,https://github.com/EgidioBezerra/GD-Downloader,cb132137e5ab920e6bb2731c6bfaec49d8092ee1,GD-Downloader,GD-Downloader/validators.py,validators.py,https://github.com/EgidioBezerra/GD-Downloader/blob/cb132137e5ab920e6bb2731c6bfaec49d8092ee1/validators.py#L103,"        # Validação de comprimento do path (Windows limit)
        if len(str(dest_path)) > 250:
            if os.name == 'nt':  # Windows
                raise ValidationError(
                    f""Caminho muito longo para Windows: {len(str(dest_path))} caracteres"",",,Control flow/program logic,Control flow/program logic,FALSE,FALSE,FALSE,FALSE,FALSE,FALSE
50335,https://github.com/Nuqlear/genkstaleague,b20776ba6ec9338a8307269c7ac275e93ce88938,genkstaleague,genkstaleague/gleague/alembic/versions/c8b48a1206_initial.py,c8b48a1206_initial.py,https://github.com/Nuqlear/genkstaleague/blob/b20776ba6ec9338a8307269c7ac275e93ce88938/gleague/alembic/versions/c8b48a1206_initial.py#L19,"
def upgrade():
    ### commands auto generated by Alembic - please adjust! ###
    op.create_table(
        ""player"",",,Note to self,Note to self,FALSE,FALSE,FALSE,FALSE,FALSE,FALSE
402191,https://github.com/Qualia-Li/git-summarizer,1ab1fb94b8911871e57384633fac5941f7b7bb65,git-summarizer,git-summarizer/git_summarizer.py,git_summarizer.py,https://github.com/Qualia-Li/git-summarizer/blob/1ab1fb94b8911871e57384633fac5941f7b7bb65/git_summarizer.py#L65,"        """"""Get git log for a specific project on a given date.""""""
        try:
            # Change to project directory
            os.chdir(project_path)
",,1-2 lines no loop direct explainer,,FALSE,FALSE,FALSE,FALSE,FALSE,FALSE
34090,https://github.com/rish-16/gpt2client,3f5c3ff0feb4b65ff17cf2d889d7c28615186f89,gpt2client,gpt2client/demos/finetuning.py,finetuning.py,https://github.com/rish-16/gpt2client/blob/3f5c3ff0feb4b65ff17cf2d889d7c28615186f89/demos/finetuning.py#L6,"from gpt2_client import GPT2Client

# optional -> if you already have the assets, you can comment this out
gpt2 = GPT2Client('117M')
",,Note to self,,FALSE,FALSE,FALSE,FALSE,FALSE,FALSE
59781,https://github.com/fpytloun/gptsh,24a5867e7dd6f84d18e805dcad86d5970048c28b,gptsh,gptsh/gptsh/cli/entrypoint.py,entrypoint.py,https://github.com/fpytloun/gptsh/blob/24a5867e7dd6f84d18e805dcad86d5970048c28b/gptsh/cli/entrypoint.py#L562,"        sys.exit(0)

    # Handle summarize-session early
    if summarize_session is not None:
        ref = summarize_session",,1-2 lines no loop direct explainer,,FALSE,FALSE,FALSE,FALSE,FALSE,FALSE
59532,https://github.com/fpytloun/gptsh,24a5867e7dd6f84d18e805dcad86d5970048c28b,gptsh,gptsh/gptsh/mcp/client.py,client.py,https://github.com/fpytloun/gptsh/blob/24a5867e7dd6f84d18e805dcad86d5970048c28b/gptsh/mcp/client.py#L61,"    servers: Dict[str, Any] = {}
    if isinstance(value, dict):
        # Support direct YAML mapping or a nested Claude-compatible mapping
        if ""mcpServers"" in value and isinstance(value[""mcpServers""], dict):
            servers = dict(value[""mcpServers""])  # unwrap if user pasted JSON-style structure into YAML",,Control flow/program logic,,FALSE,FALSE,FALSE,FALSE,FALSE,FALSE
8177,https://github.com/joshi008/gsoc-tagger,625a2629d9008aa9a72533f23c26ee331802274a,gsoc-tagger,gsoc-tagger/env/Lib/site-packages/gunicorn/http/wsgi.py,wsgi.py,https://github.com/joshi008/gsoc-tagger/blob/625a2629d9008aa9a72533f23c26ee331802274a/env/Lib/site-packages/gunicorn/http/wsgi.py#L42,"
    def __init__(self, cfg):
        # There is no public __init__ method for RawIOBase so
        # we don't need to call super() in the __init__ method.
        # pylint: disable=super-init-not-called
        errorlog = logging.getLogger(""gunicorn.error"")
        handlers = errorlog.handlers",both file descriptor and commented out code/other thing, qualitative comment, qualitative comment,FALSE,TRUE,FALSE,FALSE,FALSE,FALSE
14500,https://github.com/joshi008/gsoc-tagger,625a2629d9008aa9a72533f23c26ee331802274a,gsoc-tagger,gsoc-tagger/env/Lib/site-packages/pip/_vendor/pyparsing.py,pyparsing.py,https://github.com/joshi008/gsoc-tagger/blob/625a2629d9008aa9a72533f23c26ee331802274a/env/Lib/site-packages/pip/_vendor/pyparsing.py#L6583,"
    identifier = Word(alphas + '_', alphanums + '_').setName(""identifier"")
    """"""typical code identifier (leading alpha or '_', followed by 0 or more alphas, nums, or '_')""""""

    ipv4_address = Regex(r'(25[0-5]|2[0-4][0-9]|1?[0-9]{1,2})(\.(25[0-5]|2[0-4][0-9]|1?[0-9]{1,2})){3}').setName(""IPv4 address"")",, qualitative comment, qualitative comment,FALSE,FALSE,FALSE,FALSE,FALSE,FALSE
19123,https://github.com/joshi008/gsoc-tagger,625a2629d9008aa9a72533f23c26ee331802274a,gsoc-tagger,gsoc-tagger/env/Lib/site-packages/pip/_vendor/html5lib/html5parser.py,html5parser.py,https://github.com/joshi008/gsoc-tagger/blob/625a2629d9008aa9a72533f23c26ee331802274a/env/Lib/site-packages/pip/_vendor/html5lib/html5parser.py#L314,"
    def parseError(self, errorcode=""XXX-undefined-error"", datavars=None):
        # XXX The idea is to make errorcode mandatory.
        if datavars is None:
            datavars = {}",, qualitative comment, qualitative comment,FALSE,TRUE,FALSE,FALSE,FALSE,FALSE
19870,https://github.com/joshi008/gsoc-tagger,625a2629d9008aa9a72533f23c26ee331802274a,gsoc-tagger,gsoc-tagger/env/Lib/site-packages/pip/_vendor/urllib3/util/ssl_.py,ssl_.py,https://github.com/joshi008/gsoc-tagger/blob/625a2629d9008aa9a72533f23c26ee331802274a/env/Lib/site-packages/pip/_vendor/urllib3/util/ssl_.py#L101,"
try:
    from ssl import SSLContext  # Modern SSL?
except ImportError:
",, qualitative comment,,FALSE,FALSE,FALSE,FALSE,FALSE,FALSE
21768,https://github.com/joshi008/gsoc-tagger,625a2629d9008aa9a72533f23c26ee331802274a,gsoc-tagger,gsoc-tagger/env/Lib/site-packages/setuptools/_imp.py,_imp.py,https://github.com/joshi008/gsoc-tagger/blob/625a2629d9008aa9a72533f23c26ee331802274a/env/Lib/site-packages/setuptools/_imp.py#L47,"        kind = C_BUILTIN
        path = None  # imp compabilty
        suffix = mode = ''  # imp compability
    elif spec.has_location:
        path = spec.origin",, qualitative comment, qualitative comment,FALSE,FALSE,FALSE,FALSE,FALSE,FALSE
24325,https://github.com/joshi008/gsoc-tagger,625a2629d9008aa9a72533f23c26ee331802274a,gsoc-tagger,gsoc-tagger/env/Lib/site-packages/setuptools/_distutils/command/build_scripts.py,build_scripts.py,https://github.com/joshi008/gsoc-tagger/blob/625a2629d9008aa9a72533f23c26ee331802274a/env/Lib/site-packages/setuptools/_distutils/command/build_scripts.py#L106,"                    executable = os.fsencode(executable)
                    shebang = b""#!"" + executable + post_interp + b""\n""
                    # Python parser starts to read a script using UTF-8 until
                    # it gets a #coding:xxx cookie. The shebang has to be the
                    # first line of a file, the #coding:xxx cookie cannot be
                    # written before. So the shebang has to be decodable from
                    # UTF-8.
                    try:
                        shebang.decode('utf-8')",, qualitative comment,,FALSE,TRUE,FALSE,FALSE,FALSE,FALSE
24478,https://github.com/joshi008/gsoc-tagger,625a2629d9008aa9a72533f23c26ee331802274a,gsoc-tagger,gsoc-tagger/env/Lib/site-packages/setuptools/_distutils/command/bdist_msi.py,bdist_msi.py,https://github.com/joshi008/gsoc-tagger/blob/625a2629d9008aa9a72533f23c26ee331802274a/env/Lib/site-packages/setuptools/_distutils/command/bdist_msi.py#L442,"                  (""Progress2"", ""installs""),
                  (""MaintenanceForm_Action"", ""Repair""),
                  # possible values: ALL, JUSTME
                  (""WhichUsers"", ""ALL"")
                 ])",, qualitative comment, qualitative comment,FALSE,FALSE,FALSE,FALSE,FALSE,FALSE
5326,https://github.com/joshi008/gsoc-tagger,625a2629d9008aa9a72533f23c26ee331802274a,gsoc-tagger,gsoc-tagger/env/Lib/site-packages/jinja2/compiler.py,compiler.py,https://github.com/joshi008/gsoc-tagger/blob/625a2629d9008aa9a72533f23c26ee331802274a/env/Lib/site-packages/jinja2/compiler.py#L309,"        self._param_def_block = []

        # Tracks the current context.
        self._context_reference_stack = [""context""]
",,1-2 lines no loop direct explainer,,FALSE,FALSE,FALSE,FALSE,FALSE,FALSE
5550,https://github.com/joshi008/gsoc-tagger,625a2629d9008aa9a72533f23c26ee331802274a,gsoc-tagger,gsoc-tagger/env/Lib/site-packages/jinja2/sandbox.py,sandbox.py,https://github.com/joshi008/gsoc-tagger/blob/625a2629d9008aa9a72533f23c26ee331802274a/env/Lib/site-packages/jinja2/sandbox.py#L19,"from .exceptions import SecurityError

#: maximum number of items a range may produce
MAX_RANGE = 100000
",,1-2 lines no loop direct explainer,,FALSE,FALSE,FALSE,FALSE,FALSE,FALSE
5614,https://github.com/joshi008/gsoc-tagger,625a2629d9008aa9a72533f23c26ee331802274a,gsoc-tagger,gsoc-tagger/env/Lib/site-packages/jinja2/utils.py,utils.py,https://github.com/joshi008/gsoc-tagger/blob/625a2629d9008aa9a72533f23c26ee331802274a/env/Lib/site-packages/jinja2/utils.py#L297,"            p.append(word)

        # ensure that the paragraph ends with a dot.
        p = u"" "".join(p)
        if p.endswith("",""):",,1-2 lines no loop direct explainer,,FALSE,FALSE,FALSE,FALSE,FALSE,FALSE
7582,https://github.com/joshi008/gsoc-tagger,625a2629d9008aa9a72533f23c26ee331802274a,gsoc-tagger,gsoc-tagger/env/Lib/site-packages/click/testing.py,testing.py,https://github.com/joshi008/gsoc-tagger/blob/625a2629d9008aa9a72533f23c26ee331802274a/env/Lib/site-packages/click/testing.py#L76,"        #: The runner that created the result
        self.runner = runner
        #: The standard output as bytes.
        self.stdout_bytes = stdout_bytes
        #: The standard error as bytes, or None if not available",,1-2 lines no loop direct explainer,1-2 lines no loop direct explainer,FALSE,FALSE,FALSE,FALSE,FALSE,FALSE
7684,https://github.com/joshi008/gsoc-tagger,625a2629d9008aa9a72533f23c26ee331802274a,gsoc-tagger,gsoc-tagger/env/Lib/site-packages/engineio/asyncio_socket.py,asyncio_socket.py,https://github.com/joshi008/gsoc-tagger/blob/625a2629d9008aa9a72533f23c26ee331802274a/env/Lib/site-packages/engineio/asyncio_socket.py#L182,"            self.upgraded = True

        # start separate writer thread
        async def writer():
            while True:",,1-2 lines no loop direct explainer,1-2 lines no loop direct explainer,FALSE,FALSE,FALSE,FALSE,FALSE,FALSE
7982,https://github.com/joshi008/gsoc-tagger,625a2629d9008aa9a72533f23c26ee331802274a,gsoc-tagger,gsoc-tagger/env/Lib/site-packages/gunicorn/util.py,util.py,https://github.com/joshi008/gsoc-tagger/blob/625a2629d9008aa9a72533f23c26ee331802274a/env/Lib/site-packages/gunicorn/util.py#L376,"        args = kwargs = None
    elif isinstance(expression, ast.Call):
        # Ensure the function name is an attribute name only.
        if not isinstance(expression.func, ast.Name):
            raise AppImportError(""Function reference must be a simple name: %r"" % obj)",,1-2 lines no loop direct explainer,,FALSE,FALSE,FALSE,FALSE,FALSE,FALSE
8425,https://github.com/joshi008/gsoc-tagger,625a2629d9008aa9a72533f23c26ee331802274a,gsoc-tagger,gsoc-tagger/env/Lib/site-packages/pymongo/auth.py,auth.py,https://github.com/joshi008/gsoc-tagger/blob/625a2629d9008aa9a72533f23c26ee331802274a/env/Lib/site-packages/pymongo/auth.py#L561,"    username = credentials.username
    password = credentials.password
    # Get a nonce
    response = sock_info.command(source, {'getnonce': 1})
    nonce = response['nonce']",,1-2 lines no loop direct explainer,1-2 lines no loop direct explainer,FALSE,FALSE,FALSE,FALSE,FALSE,FALSE
9123,https://github.com/joshi008/gsoc-tagger,625a2629d9008aa9a72533f23c26ee331802274a,gsoc-tagger,gsoc-tagger/env/Lib/site-packages/pymongo/message.py,message.py,https://github.com/joshi008/gsoc-tagger/blob/625a2629d9008aa9a72533f23c26ee331802274a/env/Lib/site-packages/pymongo/message.py#L1419,"    buf.write(_SKIPLIM)

    # Where to write command document length
    command_start = buf.tell()
    buf.write(encode(command))",,1-2 lines no loop direct explainer,,FALSE,FALSE,FALSE,FALSE,FALSE,FALSE
10004,https://github.com/joshi008/gsoc-tagger,625a2629d9008aa9a72533f23c26ee331802274a,gsoc-tagger,gsoc-tagger/env/Lib/site-packages/pymongo/pool.py,pool.py,https://github.com/joshi008/gsoc-tagger/blob/625a2629d9008aa9a72533f23c26ee331802274a/env/Lib/site-packages/pymongo/pool.py#L267,"    """"""Convert a socket.error to ConnectionFailure and raise it.""""""
    host, port = address
    # If connecting to a Unix socket, port will be None.
    if port is not None:
        msg = '%s:%d: %s' % (host, port, error)",,1-2 lines no loop direct explainer,Control flow/program logic,FALSE,TRUE,FALSE,FALSE,FALSE,FALSE
10149,https://github.com/joshi008/gsoc-tagger,625a2629d9008aa9a72533f23c26ee331802274a,gsoc-tagger,gsoc-tagger/env/Lib/site-packages/pymongo/ssl_match_hostname.py,ssl_match_hostname.py,https://github.com/joshi008/gsoc-tagger/blob/625a2629d9008aa9a72533f23c26ee331802274a/env/Lib/site-packages/pymongo/ssl_match_hostname.py#L41,"            ""too many wildcards in certificate DNS name: "" + repr(dn))

    # speed up common case w/o wildcards
    if not wildcards:
        return dn.lower() == hostname.lower()",,1-2 lines no loop direct explainer,1-2 lines no loop direct explainer,FALSE,TRUE,FALSE,FALSE,FALSE,FALSE
10231,https://github.com/joshi008/gsoc-tagger,625a2629d9008aa9a72533f23c26ee331802274a,gsoc-tagger,gsoc-tagger/env/Lib/site-packages/pymongo/client_session.py,client_session.py,https://github.com/joshi008/gsoc-tagger/blob/625a2629d9008aa9a72533f23c26ee331802274a/env/Lib/site-packages/pymongo/client_session.py#L678,"                cmd['maxTimeMS'] = opts.max_commit_time_ms

            # Transaction spec says that after the initial commit attempt,
            # subsequent commitTransaction commands should be upgraded to use
            # w:""majority"" and set a default value of 10 seconds for wtimeout.
            if self._transaction.attempt > 1:
                wc_doc = wc.document",,1-2 lines no loop direct explainer,,FALSE,TRUE,FALSE,FALSE,FALSE,FALSE
10737,https://github.com/joshi008/gsoc-tagger,625a2629d9008aa9a72533f23c26ee331802274a,gsoc-tagger,gsoc-tagger/env/Lib/site-packages/pip/_internal/network/auth.py,auth.py,https://github.com/joshi008/gsoc-tagger/blob/625a2629d9008aa9a72533f23c26ee331802274a/env/Lib/site-packages/pip/_internal/network/auth.py#L114,"        # type: (str, bool, bool) -> AuthInfo
        """"""Find and return credentials for the specified URL.""""""
        # Split the credentials and netloc from the url.
        url, netloc, url_user_password = split_auth_netloc_from_url(
            original_url,",,1-2 lines no loop direct explainer,,FALSE,FALSE,FALSE,FALSE,FALSE,FALSE
11469,https://github.com/joshi008/gsoc-tagger,625a2629d9008aa9a72533f23c26ee331802274a,gsoc-tagger,gsoc-tagger/env/Lib/site-packages/pip/_internal/utils/wheel.py,wheel.py,https://github.com/joshi008/gsoc-tagger/blob/625a2629d9008aa9a72533f23c26ee331802274a/env/Lib/site-packages/pip/_internal/utils/wheel.py#L70,"    metadata_text = {}  # type: Dict[str, bytes]
    for path in metadata_files:
        # If a flag is set, namelist entries may be unicode in Python 2.
        # We coerce them to native str type to match the types used in the rest
        # of the code. This cannot fail because unicode can always be encoded
        # with UTF-8.
        full_path = ensure_str(path)
        _, metadata_name = full_path.split(""/"", 1)",,1-2 lines no loop direct explainer,,FALSE,TRUE,FALSE,FALSE,FALSE,FALSE
11875,https://github.com/joshi008/gsoc-tagger,625a2629d9008aa9a72533f23c26ee331802274a,gsoc-tagger,gsoc-tagger/env/Lib/site-packages/pip/_internal/cli/base_command.py,base_command.py,https://github.com/joshi008/gsoc-tagger/blob/625a2629d9008aa9a72533f23c26ee331802274a/env/Lib/site-packages/pip/_internal/cli/base_command.py#L234,"            return ERROR
        except BrokenStdoutLoggingError:
            # Bypass our logger and write any remaining messages to stderr
            # because stdout no longer works.
            print('ERROR: Pipe to stdout was broken', file=sys.stderr)
            if level_number <= logging.DEBUG:",,1-2 lines no loop direct explainer,,FALSE,TRUE,FALSE,FALSE,FALSE,FALSE
12429,https://github.com/joshi008/gsoc-tagger,625a2629d9008aa9a72533f23c26ee331802274a,gsoc-tagger,gsoc-tagger/env/Lib/site-packages/pip/_internal/req/req_install.py,req_install.py,https://github.com/joshi008/gsoc-tagger/blob/625a2629d9008aa9a72533f23c26ee331802274a/env/Lib/site-packages/pip/_internal/req/req_install.py#L392,"        assert self.source_dir is not None

        # Construct a Requirement object from the generated metadata
        if isinstance(parse_version(self.metadata[""Version""]), Version):
            op = ""==""",,1-2 lines no loop direct explainer,,FALSE,FALSE,FALSE,FALSE,FALSE,FALSE
14522,https://github.com/joshi008/gsoc-tagger,625a2629d9008aa9a72533f23c26ee331802274a,gsoc-tagger,gsoc-tagger/env/Lib/site-packages/pip/_vendor/pyparsing.py,pyparsing.py,https://github.com/joshi008/gsoc-tagger/blob/625a2629d9008aa9a72533f23c26ee331802274a/env/Lib/site-packages/pip/_vendor/pyparsing.py#L7086,"        """""")

    # any int or real number, returned as float
    pyparsing_common.fnumber.runTests(""""""
        100",,1-2 lines no loop direct explainer,,FALSE,FALSE,FALSE,FALSE,FALSE,FALSE
16917,https://github.com/joshi008/gsoc-tagger,625a2629d9008aa9a72533f23c26ee331802274a,gsoc-tagger,gsoc-tagger/env/Lib/site-packages/pip/_vendor/chardet/jpcntx.py,jpcntx.py,https://github.com/joshi008/gsoc-tagger/blob/625a2629d9008aa9a72533f23c26ee331802274a/env/Lib/site-packages/pip/_vendor/chardet/jpcntx.py#L131,"    def reset(self):
        self._total_rel = 0  # total sequence received
        # category counters, each integer counts sequence in its category
        self._rel_sample = [0] * self.NUM_OF_CATEGORY
        # if last byte in current buffer is not the last byte of a character,",,1-2 lines no loop direct explainer,,FALSE,FALSE,FALSE,FALSE,FALSE,FALSE
17538,https://github.com/joshi008/gsoc-tagger,625a2629d9008aa9a72533f23c26ee331802274a,gsoc-tagger,gsoc-tagger/env/Lib/site-packages/pip/_vendor/distlib/util.py,util.py,https://github.com/joshi008/gsoc-tagger/blob/625a2629d9008aa9a72533f23c26ee331802274a/env/Lib/site-packages/pip/_vendor/distlib/util.py#L1059,"        self._preds = {}
        self._succs = {}
        self._nodes = set()     # nodes with no preds/succs

    def add_node(self, node):",,1-2 lines no loop direct explainer,,FALSE,FALSE,FALSE,FALSE,FALSE,FALSE
18017,https://github.com/joshi008/gsoc-tagger,625a2629d9008aa9a72533f23c26ee331802274a,gsoc-tagger,gsoc-tagger/env/Lib/site-packages/pip/_vendor/distlib/_backport/tarfile.py,tarfile.py,https://github.com/joshi008/gsoc-tagger/blob/625a2629d9008aa9a72533f23c26ee331802274a/env/Lib/site-packages/pip/_vendor/distlib/_backport/tarfile.py#L945,"        self.size = 0           # file size
        self.mtime = 0          # modification time
        self.chksum = 0         # header checksum
        self.type = REGTYPE     # member type
        self.linkname = """"      # link name",,1-2 lines no loop direct explainer,,FALSE,FALSE,FALSE,FALSE,FALSE,FALSE
18026,https://github.com/joshi008/gsoc-tagger,625a2629d9008aa9a72533f23c26ee331802274a,gsoc-tagger,gsoc-tagger/env/Lib/site-packages/pip/_vendor/distlib/_backport/tarfile.py,tarfile.py,https://github.com/joshi008/gsoc-tagger/blob/625a2629d9008aa9a72533f23c26ee331802274a/env/Lib/site-packages/pip/_vendor/distlib/_backport/tarfile.py#L956,"        self.offset_data = 0    # the file's data starts here

        self.sparse = None      # sparse member information
        self.pax_headers = {}   # pax header information
",,1-2 lines no loop direct explainer,,FALSE,FALSE,FALSE,FALSE,FALSE,FALSE
18166,https://github.com/joshi008/gsoc-tagger,625a2629d9008aa9a72533f23c26ee331802274a,gsoc-tagger,gsoc-tagger/env/Lib/site-packages/pip/_vendor/distlib/_backport/tarfile.py,tarfile.py,https://github.com/joshi008/gsoc-tagger/blob/625a2629d9008aa9a72533f23c26ee331802274a/env/Lib/site-packages/pip/_vendor/distlib/_backport/tarfile.py#L2245,"        targetpath = targetpath.replace(""/"", os.sep)

        # Create all upper directories.
        upperdirs = os.path.dirname(targetpath)
        if upperdirs and not os.path.exists(upperdirs):",,1-2 lines no loop direct explainer,,FALSE,FALSE,FALSE,FALSE,FALSE,FALSE
18305,https://github.com/joshi008/gsoc-tagger,625a2629d9008aa9a72533f23c26ee331802274a,gsoc-tagger,gsoc-tagger/env/Lib/site-packages/pip/_vendor/colorama/ansitowin32.py,ansitowin32.py,https://github.com/joshi008/gsoc-tagger/blob/625a2629d9008aa9a72533f23c26ee331802274a/env/Lib/site-packages/pip/_vendor/colorama/ansitowin32.py#L236,"        elif command in 'Hf':     # cursor position - absolute
            winterm.set_cursor_position(params, on_stderr=self.on_stderr)
        elif command in 'ABCD':   # cursor position - relative
            n = params[0]
            # A - up, B - down, C - forward, D - back",,1-2 lines no loop direct explainer,,FALSE,FALSE,FALSE,FALSE,FALSE,FALSE
18946,https://github.com/joshi008/gsoc-tagger,625a2629d9008aa9a72533f23c26ee331802274a,gsoc-tagger,gsoc-tagger/env/Lib/site-packages/pip/_vendor/requests/adapters.py,adapters.py,https://github.com/joshi008/gsoc-tagger/blob/625a2629d9008aa9a72533f23c26ee331802274a/env/Lib/site-packages/pip/_vendor/requests/adapters.py#L281,"            response.url = req.url

        # Add new cookies from the server.
        extract_cookies_to_jar(response.cookies, req, resp)
",,1-2 lines no loop direct explainer,,FALSE,FALSE,FALSE,FALSE,FALSE,FALSE
18947,https://github.com/joshi008/gsoc-tagger,625a2629d9008aa9a72533f23c26ee331802274a,gsoc-tagger,gsoc-tagger/env/Lib/site-packages/pip/_vendor/requests/adapters.py,adapters.py,https://github.com/joshi008/gsoc-tagger/blob/625a2629d9008aa9a72533f23c26ee331802274a/env/Lib/site-packages/pip/_vendor/requests/adapters.py#L284,"        extract_cookies_to_jar(response.cookies, req, resp)

        # Give the Response some context.
        response.request = req
        response.connection = self",,1-2 lines no loop direct explainer,,FALSE,FALSE,FALSE,FALSE,FALSE,FALSE
22655,https://github.com/joshi008/gsoc-tagger,625a2629d9008aa9a72533f23c26ee331802274a,gsoc-tagger,gsoc-tagger/env/Lib/site-packages/setuptools/_vendor/packaging/specifiers.py,specifiers.py,https://github.com/joshi008/gsoc-tagger/blob/625a2629d9008aa9a72533f23c26ee331802274a/env/Lib/site-packages/setuptools/_vendor/packaging/specifiers.py#L86,"        self._spec = (match.group(""operator"").strip(), match.group(""version"").strip())

        # Store whether or not this Specifier should accept prereleases
        self._prereleases = prereleases
",,1-2 lines no loop direct explainer,,FALSE,FALSE,FALSE,FALSE,FALSE,FALSE
24209,https://github.com/joshi008/gsoc-tagger,625a2629d9008aa9a72533f23c26ee331802274a,gsoc-tagger,gsoc-tagger/env/Lib/site-packages/setuptools/_distutils/command/bdist_wininst.py,bdist_wininst.py,https://github.com/joshi008/gsoc-tagger/blob/625a2629d9008aa9a72533f23c26ee331802274a/env/Lib/site-packages/setuptools/_distutils/command/bdist_wininst.py#L357,"

        # wininst-x.y.exe is in the same directory as this file
        directory = os.path.dirname(__file__)
        # we must use a wininst-x.y.exe built with the same C compiler",,1-2 lines no loop direct explainer,,FALSE,FALSE,FALSE,FALSE,FALSE,FALSE
24364,https://github.com/joshi008/gsoc-tagger,625a2629d9008aa9a72533f23c26ee331802274a,gsoc-tagger,gsoc-tagger/env/Lib/site-packages/setuptools/_distutils/command/build_clib.py,build_clib.py,https://github.com/joshi008/gsoc-tagger/blob/625a2629d9008aa9a72533f23c26ee331802274a/env/Lib/site-packages/setuptools/_distutils/command/build_clib.py#L57,"        self.libraries = None

        # Compilation options for all libraries
        self.include_dirs = None
        self.define = None",,1-2 lines no loop direct explainer,,FALSE,FALSE,FALSE,FALSE,FALSE,FALSE
25595,https://github.com/joshi008/gsoc-tagger,625a2629d9008aa9a72533f23c26ee331802274a,gsoc-tagger,gsoc-tagger/env/Lib/site-packages/dns/rcode.py,rcode.py,https://github.com/joshi008/gsoc-tagger/blob/625a2629d9008aa9a72533f23c26ee331802274a/env/Lib/site-packages/dns/rcode.py#L43,"#: Name not in zone.
NOTZONE = 10
#: Bad EDNS version.
BADVERS = 16
",,1-2 lines no loop direct explainer,1-2 lines no loop direct explainer,FALSE,FALSE,FALSE,FALSE,FALSE,FALSE
6454,https://github.com/joshi008/gsoc-tagger,625a2629d9008aa9a72533f23c26ee331802274a,gsoc-tagger,gsoc-tagger/env/Lib/site-packages/werkzeug/utils.py,utils.py,https://github.com/joshi008/gsoc-tagger/blob/625a2629d9008aa9a72533f23c26ee331802274a/env/Lib/site-packages/werkzeug/utils.py#L513,"    display_location = escape(location)
    if isinstance(location, text_type):
        # Safe conversion is necessary here as we might redirect
        # to a broken URI scheme (for instance itms-services).
        from .urls import iri_to_uri
",,2-5 or loop DE,,FALSE,TRUE,FALSE,FALSE,TRUE,FALSE
24275,https://github.com/joshi008/gsoc-tagger,625a2629d9008aa9a72533f23c26ee331802274a,gsoc-tagger,gsoc-tagger/env/Lib/site-packages/setuptools/_distutils/command/sdist.py,sdist.py,https://github.com/joshi008/gsoc-tagger/blob/625a2629d9008aa9a72533f23c26ee331802274a/env/Lib/site-packages/setuptools/_distutils/command/sdist.py#L143,"        self.filelist = FileList()

        # Run sub commands
        for cmd_name in self.get_sub_commands():
            self.run_command(cmd_name)",,2-5 or loop DE,,FALSE,FALSE,FALSE,FALSE,FALSE,FALSE
25997,https://github.com/joshi008/gsoc-tagger,625a2629d9008aa9a72533f23c26ee331802274a,gsoc-tagger,gsoc-tagger/env/Lib/site-packages/dns/set.py,set.py,https://github.com/joshi008/gsoc-tagger/blob/625a2629d9008aa9a72533f23c26ee331802274a/env/Lib/site-packages/dns/set.py#L115,"        if self is other:
            return
        # we make a copy of the list so that we can remove items from
        # the list without breaking the iterator.
        for item in list(self.items):
            if item not in other.items:",,2-5 or loop DE,,FALSE,TRUE,FALSE,FALSE,FALSE,FALSE
4990,https://github.com/joshi008/gsoc-tagger,625a2629d9008aa9a72533f23c26ee331802274a,gsoc-tagger,gsoc-tagger/env/Lib/site-packages/flask/_compat.py,_compat.py,https://github.com/joshi008/gsoc-tagger/blob/625a2629d9008aa9a72533f23c26ee331802274a/env/Lib/site-packages/flask/_compat.py#L20,"    string_types = (str, unicode)
    integer_types = (int, long)
except NameError:  # Python 3
    text_type = str
    string_types = (str,)",MLE: I think this is how I'd code it in context,Control flow/program logic,Control flow/program logic,FALSE,TRUE,FALSE,FALSE,FALSE,FALSE
5342,https://github.com/joshi008/gsoc-tagger,625a2629d9008aa9a72533f23c26ee331802274a,gsoc-tagger,gsoc-tagger/env/Lib/site-packages/jinja2/compiler.py,compiler.py,https://github.com/joshi008/gsoc-tagger/blob/625a2629d9008aa9a72533f23c26ee331802274a/env/Lib/site-packages/jinja2/compiler.py#L416,"        as python dict.
        """"""
        # if any of the given keyword arguments is a python keyword
        # we have to make sure that no invalid call is created.
        kwarg_workaround = False
        for kwarg in chain((x.key for x in node.kwargs), extra_kwargs or ()):",,Control flow/program logic,,FALSE,TRUE,FALSE,FALSE,FALSE,FALSE
7351,https://github.com/joshi008/gsoc-tagger,625a2629d9008aa9a72533f23c26ee331802274a,gsoc-tagger,gsoc-tagger/env/Lib/site-packages/click/core.py,core.py,https://github.com/joshi008/gsoc-tagger/blob/625a2629d9008aa9a72533f23c26ee331802274a/env/Lib/site-packages/click/core.py#L1297,"        cmd = self.get_command(ctx, cmd_name)

        # If we can't find the command but there is a normalization
        # function available, we try with that one.
        if cmd is None and ctx.token_normalize_func is not None:
            cmd_name = ctx.token_normalize_func(cmd_name)",,Control flow/program logic,Control flow/program logic,FALSE,FALSE,FALSE,FALSE,FALSE,FALSE
7443,https://github.com/joshi008/gsoc-tagger,625a2629d9008aa9a72533f23c26ee331802274a,gsoc-tagger,gsoc-tagger/env/Lib/site-packages/click/parser.py,parser.py,https://github.com/joshi008/gsoc-tagger/blob/625a2629d9008aa9a72533f23c26ee331802274a/env/Lib/site-packages/click/parser.py#L328,"        option = self._long_opt[opt]
        if option.takes_value:
            # At this point it's safe to modify rargs by injecting the
            # explicit value, because no exception is raised in this
            # branch.  This means that the inserted value will be fully
            # consumed.
            if explicit_value is not None:
                state.rargs.insert(0, explicit_value)",,Control flow/program logic,Control flow/program logic,FALSE,TRUE,FALSE,FALSE,FALSE,FALSE
7970,https://github.com/joshi008/gsoc-tagger,625a2629d9008aa9a72533f23c26ee331802274a,gsoc-tagger,gsoc-tagger/env/Lib/site-packages/gunicorn/util.py,util.py,https://github.com/joshi008/gsoc-tagger/blob/625a2629d9008aa9a72533f23c26ee331802274a/env/Lib/site-packages/gunicorn/util.py#L172,"        timeout = 0.001
        while timeout < 1.0:
            # Note we are only testing for the existence of the file(s) in
            # the contents of the directory regardless of any security or
            # access rights.  If we have made it this far, we have sufficient
            # permissions to do that much using Python's equivalent of the
            # Windows API FindFirstFile.
            # Other Windows APIs can fail or give incorrect results when
            # dealing with files that are pending deletion.
            L = os.listdir(dirname)
            if not L if waitall else name in L:",,Control flow/program logic,,FALSE,TRUE,FALSE,FALSE,FALSE,FALSE
9313,https://github.com/joshi008/gsoc-tagger,625a2629d9008aa9a72533f23c26ee331802274a,gsoc-tagger,gsoc-tagger/env/Lib/site-packages/pymongo/common.py,common.py,https://github.com/joshi008/gsoc-tagger/blob/625a2629d9008aa9a72533f23c26ee331802274a/env/Lib/site-packages/pymongo/common.py#L135,"    host, port = partition_node(node)

    # Normalize hostname to lowercase, since DNS is case-insensitive:
    # http://tools.ietf.org/html/rfc4343
    # This prevents useless rediscovery if ""foo.com"" is in the seed list but
    # ""FOO.com"" is in the ismaster response.
    return host.lower(), port
",,Control flow/program logic,Control flow/program logic,FALSE,TRUE,FALSE,FALSE,FALSE,FALSE
12485,https://github.com/joshi008/gsoc-tagger,625a2629d9008aa9a72533f23c26ee331802274a,gsoc-tagger,gsoc-tagger/env/Lib/site-packages/pip/_internal/req/req_tracker.py,req_tracker.py,https://github.com/joshi008/gsoc-tagger/blob/625a2629d9008aa9a72533f23c26ee331802274a/env/Lib/site-packages/pip/_internal/req/req_tracker.py#L44,"                del target[name]
            else:
                assert isinstance(original_value, str)  # for mypy
                target[name] = original_value
",,Control flow/program logic,Control flow/program logic,FALSE,TRUE,FALSE,FALSE,FALSE,FALSE
12840,https://github.com/joshi008/gsoc-tagger,625a2629d9008aa9a72533f23c26ee331802274a,gsoc-tagger,gsoc-tagger/env/Lib/site-packages/pip/_internal/resolution/legacy/resolver.py,resolver.py,https://github.com/joshi008/gsoc-tagger/blob/625a2629d9008aa9a72533f23c26ee331802274a/env/Lib/site-packages/pip/_internal/resolution/legacy/resolver.py#L326,"            return self.preparer.prepare_editable_requirement(req)

        # satisfied_by is only evaluated by calling _check_skip_installed,
        # so it must be None here.
        assert req.satisfied_by is None
        skip_reason = self._check_skip_installed(req)",,Control flow/program logic,,FALSE,TRUE,FALSE,FALSE,FALSE,FALSE
13608,https://github.com/joshi008/gsoc-tagger,625a2629d9008aa9a72533f23c26ee331802274a,gsoc-tagger,gsoc-tagger/env/Lib/site-packages/pip/_internal/commands/show.py,show.py,https://github.com/joshi008/gsoc-tagger/blob/625a2629d9008aa9a72533f23c26ee331802274a/env/Lib/site-packages/pip/_internal/commands/show.py#L96,"        metadata = ''
        if isinstance(dist, pkg_resources.DistInfoDistribution):
            # RECORDs should be part of .dist-info metadatas
            if dist.has_metadata('RECORD'):
                lines = dist.get_metadata_lines('RECORD')",,Control flow/program logic,Control flow/program logic,FALSE,FALSE,FALSE,FALSE,FALSE,FALSE
14155,https://github.com/joshi008/gsoc-tagger,625a2629d9008aa9a72533f23c26ee331802274a,gsoc-tagger,gsoc-tagger/env/Lib/site-packages/pip/_vendor/distro.py,distro.py,https://github.com/joshi008/gsoc-tagger/blob/625a2629d9008aa9a72533f23c26ee331802274a/env/Lib/site-packages/pip/_vendor/distro.py#L1165,"        try:
            with open(filepath) as fp:
                # Only parse the first line. For instance, on SLES there
                # are multiple lines. We don't want them...
                return self._parse_distro_release_content(fp.readline())
        except (OSError, IOError):",,Control flow/program logic,,FALSE,TRUE,FALSE,FALSE,FALSE,FALSE
14864,https://github.com/joshi008/gsoc-tagger,625a2629d9008aa9a72533f23c26ee331802274a,gsoc-tagger,gsoc-tagger/env/Lib/site-packages/pip/_vendor/packaging/specifiers.py,specifiers.py,https://github.com/joshi008/gsoc-tagger/blob/625a2629d9008aa9a72533f23c26ee331802274a/env/Lib/site-packages/pip/_vendor/packaging/specifiers.py#L215,"        normalized_item = self._coerce_version(item)

        # Determine if we should be supporting prereleases in this specifier
        # or not, if we do not support prereleases than we can short circuit
        # logic if this version is a prereleases.
        if normalized_item.is_prerelease and not prereleases:
            return False","both not to self and control flow, (note to self about the future control flow)",Control flow/program logic,Control flow/program logic,FALSE,FALSE,FALSE,FALSE,TRUE,FALSE
17077,https://github.com/joshi008/gsoc-tagger,625a2629d9008aa9a72533f23c26ee331802274a,gsoc-tagger,gsoc-tagger/env/Lib/site-packages/pip/_vendor/distlib/locators.py,locators.py,https://github.com/joshi008/gsoc-tagger/blob/625a2629d9008aa9a72533f23c26ee331802274a/env/Lib/site-packages/pip/_vendor/distlib/locators.py#L110,"        self._cache = {}
        self.scheme = scheme
        # Because of bugs in some of the handlers on some of the platforms,
        # we use our own opener rather than just using urlopen.
        self.opener = build_opener(RedirectHandler())
        # If get_project() is called from locate(), the matcher instance",,Control flow/program logic,Control flow/program logic,FALSE,TRUE,FALSE,FALSE,FALSE,FALSE
18467,https://github.com/joshi008/gsoc-tagger,625a2629d9008aa9a72533f23c26ee331802274a,gsoc-tagger,gsoc-tagger/env/Lib/site-packages/pip/_vendor/requests/cookies.py,cookies.py,https://github.com/joshi008/gsoc-tagger/blob/625a2629d9008aa9a72533f23c26ee331802274a/env/Lib/site-packages/pip/_vendor/requests/cookies.py#L54,"        if not self._r.headers.get('Host'):
            return self._r.url
        # If they did set it, retrieve it and reconstruct the expected domain
        host = to_native_string(self._r.headers['Host'], encoding='utf-8')
        parsed = urlparse(self._r.url)",,Control flow/program logic,,FALSE,FALSE,FALSE,FALSE,FALSE,FALSE
19073,https://github.com/joshi008/gsoc-tagger,625a2629d9008aa9a72533f23c26ee331802274a,gsoc-tagger,gsoc-tagger/env/Lib/site-packages/pip/_vendor/html5lib/_ihatexml.py,_ihatexml.py,https://github.com/joshi008/gsoc-tagger/blob/625a2629d9008aa9a72533f23c26ee331802274a/env/Lib/site-packages/pip/_vendor/html5lib/_ihatexml.py#L237,"                warnings.warn(""Text cannot contain U+000C"", DataLossWarning)
            data = data.replace(""\x0C"", "" "")
        # Other non-xml characters
        return data
",,Control flow/program logic,Control flow/program logic,FALSE,FALSE,FALSE,FALSE,FALSE,FALSE
19428,https://github.com/joshi008/gsoc-tagger,625a2629d9008aa9a72533f23c26ee331802274a,gsoc-tagger,gsoc-tagger/env/Lib/site-packages/pip/_vendor/html5lib/treebuilders/etree.py,etree.py,https://github.com/joshi008/gsoc-tagger/blob/625a2629d9008aa9a72533f23c26ee331802274a/env/Lib/site-packages/pip/_vendor/html5lib/treebuilders/etree.py#L67,"            el_attrib.clear()
            if attributes:
                # calling .items _always_ allocates, and the above truthy check is cheaper than the
                # allocation on average
                for key, value in attributes.items():
                    if isinstance(key, tuple):",,Control flow/program logic,,FALSE,TRUE,FALSE,FALSE,FALSE,FALSE
24607,https://github.com/joshi008/gsoc-tagger,625a2629d9008aa9a72533f23c26ee331802274a,gsoc-tagger,gsoc-tagger/env/Lib/site-packages/pkg_resources/__init__.py,__init__.py,https://github.com/joshi008/gsoc-tagger/blob/625a2629d9008aa9a72533f23c26ee331802274a/env/Lib/site-packages/pkg_resources/__init__.py#L756,"            req = requirements.pop(0)
            if req in processed:
                # Ignore cyclic or redundant dependencies
                continue
",,Control flow/program logic,,FALSE,FALSE,FALSE,FALSE,FALSE,FALSE
25183,https://github.com/joshi008/gsoc-tagger,625a2629d9008aa9a72533f23c26ee331802274a,gsoc-tagger,gsoc-tagger/env/Lib/site-packages/pkg_resources/_vendor/packaging/version.py,version.py,https://github.com/joshi008/gsoc-tagger/blob/625a2629d9008aa9a72533f23c26ee331802274a/env/Lib/site-packages/pkg_resources/_vendor/packaging/version.py#L392,"    if pre is None and post is None and dev is not None:
        pre = -Infinity
    # Versions without a pre-release (except as noted above) should sort after
    # those with one.
    elif pre is None:
        pre = Infinity",,Control flow/program logic,Control flow/program logic,FALSE,FALSE,FALSE,FALSE,FALSE,FALSE
26101,https://github.com/joshi008/gsoc-tagger,625a2629d9008aa9a72533f23c26ee331802274a,gsoc-tagger,gsoc-tagger/env/Lib/site-packages/dns/rdtypes/__init__.py,__init__.py,https://github.com/joshi008/gsoc-tagger/blob/625a2629d9008aa9a72533f23c26ee331802274a/env/Lib/site-packages/dns/rdtypes/__init__.py#L1,"# Copyright (C) Dnspython Contributors, see LICENSE for text of ISC license

# Copyright (C) 2003-2007, 2009-2011 Nominum, Inc.",,copyright,,FALSE,FALSE,FALSE,FALSE,FALSE,FALSE
26292,https://github.com/joshi008/gsoc-tagger,625a2629d9008aa9a72533f23c26ee331802274a,gsoc-tagger,gsoc-tagger/env/Lib/site-packages/dns/rdtypes/ANY/CSYNC.py,CSYNC.py,https://github.com/joshi008/gsoc-tagger/blob/625a2629d9008aa9a72533f23c26ee331802274a/env/Lib/site-packages/dns/rdtypes/ANY/CSYNC.py#L1,"# Copyright (C) Dnspython Contributors, see LICENSE for text of ISC license

# Copyright (C) 2004-2007, 2009-2011, 2016 Nominum, Inc.
#
# Permission to use, copy, modify, and distribute this software and its
# documentation for any purpose with or without fee is hereby granted,
# provided that the above copyright notice and this permission notice
# appear in all copies.
#
# THE SOFTWARE IS PROVIDED ""AS IS"" AND NOMINUM DISCLAIMS ALL WARRANTIES
# WITH REGARD TO THIS SOFTWARE INCLUDING ALL IMPLIED WARRANTIES OF
# MERCHANTABILITY AND FITNESS. IN NO EVENT SHALL NOMINUM BE LIABLE FOR
# ANY SPECIAL, DIRECT, INDIRECT, OR CONSEQUENTIAL DAMAGES OR ANY DAMAGES
# WHATSOEVER RESULTING FROM LOSS OF USE, DATA OR PROFITS, WHETHER IN AN
# ACTION OF CONTRACT, NEGLIGENCE OR OTHER TORTIOUS ACTION, ARISING OUT
# OF OR IN CONNECTION WITH THE USE OR PERFORMANCE OF THIS SOFTWARE.

import struct",,copyright,,FALSE,FALSE,FALSE,FALSE,FALSE,FALSE
5469,https://github.com/joshi008/gsoc-tagger,625a2629d9008aa9a72533f23c26ee331802274a,gsoc-tagger,gsoc-tagger/env/Lib/site-packages/jinja2/runtime.py,runtime.py,https://github.com/joshi008/gsoc-tagger/blob/625a2629d9008aa9a72533f23c26ee331802274a/env/Lib/site-packages/jinja2/runtime.py#L200,"
    def super(self, name, current):
        """"""Render a parent block.""""""
        try:
            blocks = self.blocks[name]",,Docstring,,FALSE,FALSE,FALSE,FALSE,FALSE,FALSE
5592,https://github.com/joshi008/gsoc-tagger,625a2629d9008aa9a72533f23c26ee331802274a,gsoc-tagger,gsoc-tagger/env/Lib/site-packages/jinja2/visitor.py,visitor.py,https://github.com/joshi008/gsoc-tagger/blob/625a2629d9008aa9a72533f23c26ee331802274a/env/Lib/site-packages/jinja2/visitor.py#L73,"
    def visit_list(self, node, *args, **kwargs):
        """"""As transformers may return lists in some places this method
        can be used to enforce a list as return value.
        """"""
        rv = self.visit(node, *args, **kwargs)
        if not isinstance(rv, list):",,Docstring,,FALSE,FALSE,FALSE,FALSE,FALSE,FALSE
5866,https://github.com/joshi008/gsoc-tagger,625a2629d9008aa9a72533f23c26ee331802274a,gsoc-tagger,gsoc-tagger/env/Lib/site-packages/jinja2/exceptions.py,exceptions.py,https://github.com/joshi008/gsoc-tagger/blob/625a2629d9008aa9a72533f23c26ee331802274a/env/Lib/site-packages/jinja2/exceptions.py#L163,"
class UndefinedError(TemplateRuntimeError):
    """"""Raised if a template tries to operate on :class:`Undefined`.""""""

",,Docstring,,FALSE,FALSE,FALSE,FALSE,FALSE,FALSE
6019,https://github.com/joshi008/gsoc-tagger,625a2629d9008aa9a72533f23c26ee331802274a,gsoc-tagger,gsoc-tagger/env/Lib/site-packages/jinja2/bccache.py,bccache.py,https://github.com/joshi008/gsoc-tagger/blob/625a2629d9008aa9a72533f23c26ee331802274a/env/Lib/site-packages/jinja2/bccache.py#L166,"
    def set_bucket(self, bucket):
        """"""Put the bucket into the cache.""""""
        self.dump_bytecode(bucket)
",,Docstring,,FALSE,FALSE,FALSE,FALSE,FALSE,FALSE
6350,https://github.com/joshi008/gsoc-tagger,625a2629d9008aa9a72533f23c26ee331802274a,gsoc-tagger,gsoc-tagger/env/Lib/site-packages/werkzeug/test.py,test.py,https://github.com/joshi008/gsoc-tagger/blob/625a2629d9008aa9a72533f23c26ee331802274a/env/Lib/site-packages/werkzeug/test.py#L470,"    @property
    def content_type(self):
        """"""The content type for the request.  Reflected from and to
        the :attr:`headers`.  Do not set if you set :attr:`files` or
        :attr:`form` for auto detection.
        """"""
        ct = self.headers.get(""Content-Type"")
        if ct is None and not self._input_stream:",,Docstring,,FALSE,FALSE,FALSE,FALSE,FALSE,FALSE
6652,https://github.com/joshi008/gsoc-tagger,625a2629d9008aa9a72533f23c26ee331802274a,gsoc-tagger,gsoc-tagger/env/Lib/site-packages/werkzeug/exceptions.py,exceptions.py,https://github.com/joshi008/gsoc-tagger/blob/625a2629d9008aa9a72533f23c26ee331802274a/env/Lib/site-packages/werkzeug/exceptions.py#L348,"
    def __init__(self, valid_methods=None, description=None):
        """"""Takes an optional list of valid http methods
        starting with werkzeug 0.3 the list will be mandatory.""""""
        HTTPException.__init__(self, description)
        self.valid_methods = valid_methods",,Docstring,,FALSE,FALSE,FALSE,FALSE,FALSE,FALSE
6807,https://github.com/joshi008/gsoc-tagger,625a2629d9008aa9a72533f23c26ee331802274a,gsoc-tagger,gsoc-tagger/env/Lib/site-packages/werkzeug/datastructures.py,datastructures.py,https://github.com/joshi008/gsoc-tagger/blob/625a2629d9008aa9a72533f23c26ee331802274a/env/Lib/site-packages/werkzeug/datastructures.py#L2252,"
    def _set_value(self, key, value):
        """"""Used internally by the accessor properties.""""""
        if value is None:
            self.pop(key, None)",,Docstring,,FALSE,FALSE,FALSE,FALSE,FALSE,FALSE
7293,https://github.com/joshi008/gsoc-tagger,625a2629d9008aa9a72533f23c26ee331802274a,gsoc-tagger,gsoc-tagger/env/Lib/site-packages/click/core.py,core.py,https://github.com/joshi008/gsoc-tagger/blob/625a2629d9008aa9a72533f23c26ee331802274a/env/Lib/site-packages/click/core.py#L524,"
    def ensure_object(self, object_type):
        """"""Like :meth:`find_object` but sets the innermost object to a
        new instance of `object_type` if it does not exist.
        """"""
        rv = self.find_object(object_type)
        if rv is None:",,Docstring,,FALSE,FALSE,FALSE,FALSE,FALSE,FALSE
7304,https://github.com/joshi008/gsoc-tagger,625a2629d9008aa9a72533f23c26ee331802274a,gsoc-tagger,gsoc-tagger/env/Lib/site-packages/click/core.py,core.py,https://github.com/joshi008/gsoc-tagger/blob/625a2629d9008aa9a72533f23c26ee331802274a/env/Lib/site-packages/click/core.py#L611,"
    def forward(*args, **kwargs):  # noqa: B902
        """"""Similar to :meth:`invoke` but fills in default keyword
        arguments from the current context if the other command expects
        it.  This cannot invoke callbacks directly, only other commands.
        """"""
        self, cmd = args[:2]
",,Docstring,,FALSE,FALSE,FALSE,FALSE,FALSE,FALSE
8064,https://github.com/joshi008/gsoc-tagger,625a2629d9008aa9a72533f23c26ee331802274a,gsoc-tagger,gsoc-tagger/env/Lib/site-packages/gunicorn/arbiter.py,arbiter.py,https://github.com/joshi008/gsoc-tagger/blob/625a2629d9008aa9a72533f23c26ee331802274a/env/Lib/site-packages/gunicorn/arbiter.py#L506,"
    def reap_workers(self):
        """"""\
        Reap workers to avoid zombie processes
        """"""
        try:
            while True:",,Docstring,,FALSE,FALSE,FALSE,FALSE,FALSE,FALSE
8486,https://github.com/joshi008/gsoc-tagger,625a2629d9008aa9a72533f23c26ee331802274a,gsoc-tagger,gsoc-tagger/env/Lib/site-packages/pymongo/encryption.py,encryption.py,https://github.com/joshi008/gsoc-tagger/blob/625a2629d9008aa9a72533f23c26ee331802274a/env/Lib/site-packages/pymongo/encryption.py#L334,"
class ClientEncryption(object):
    """"""Explicit client-side field level encryption.""""""

    def __init__(self, kms_providers, key_vault_namespace, key_vault_client,",,Docstring,,FALSE,FALSE,FALSE,FALSE,FALSE,FALSE
9150,https://github.com/joshi008/gsoc-tagger,625a2629d9008aa9a72533f23c26ee331802274a,gsoc-tagger,gsoc-tagger/env/Lib/site-packages/pymongo/message.py,message.py,https://github.com/joshi008/gsoc-tagger/blob/625a2629d9008aa9a72533f23c26ee331802274a/env/Lib/site-packages/pymongo/message.py#L1621,"
    def raw_command_response(self):
        """"""Return the bytes of the command response.""""""
        return self.payload_document
",,Docstring,,FALSE,FALSE,FALSE,FALSE,FALSE,FALSE
10909,https://github.com/joshi008/gsoc-tagger,625a2629d9008aa9a72533f23c26ee331802274a,gsoc-tagger,gsoc-tagger/env/Lib/site-packages/pip/_internal/network/lazy_wheel.py,lazy_wheel.py,https://github.com/joshi008/gsoc-tagger/blob/625a2629d9008aa9a72533f23c26ee331802274a/env/Lib/site-packages/pip/_internal/network/lazy_wheel.py#L178,"    def _check_zip(self):
        # type: () -> None
        """"""Check and download until the file is a valid ZIP.""""""
        end = self._length - 1
        for start in reversed(range(0, end, self._chunk_size)):",,Docstring,,FALSE,FALSE,FALSE,FALSE,FALSE,FALSE
12215,https://github.com/joshi008/gsoc-tagger,625a2629d9008aa9a72533f23c26ee331802274a,gsoc-tagger,gsoc-tagger/env/Lib/site-packages/pip/_internal/operations/install/wheel.py,wheel.py,https://github.com/joshi008/gsoc-tagger/blob/625a2629d9008aa9a72533f23c26ee331802274a/env/Lib/site-packages/pip/_internal/operations/install/wheel.py#L163,"    def _split_ep(s):
        # type: (pkg_resources.EntryPoint) -> Tuple[str, str]
        """"""get the string representation of EntryPoint,
        remove space and split on '='
        """"""
        split_parts = str(s).replace("" "", """").split(""="")
        return split_parts[0], split_parts[1]",,Docstring,,FALSE,FALSE,FALSE,FALSE,FALSE,FALSE
12421,https://github.com/joshi008/gsoc-tagger,625a2629d9008aa9a72533f23c26ee331802274a,gsoc-tagger,gsoc-tagger/env/Lib/site-packages/pip/_internal/req/req_install.py,req_install.py,https://github.com/joshi008/gsoc-tagger/blob/625a2629d9008aa9a72533f23c26ee331802274a/env/Lib/site-packages/pip/_internal/req/req_install.py#L332,"    def from_path(self):
        # type: () -> Optional[str]
        """"""Format a nice indicator to show where this ""comes from""
        """"""
        if self.req is None:
            return None",,Docstring,,FALSE,FALSE,FALSE,FALSE,FALSE,FALSE
12784,https://github.com/joshi008/gsoc-tagger,625a2629d9008aa9a72533f23c26ee331802274a,gsoc-tagger,gsoc-tagger/env/Lib/site-packages/pip/_internal/req/constructors.py,constructors.py,https://github.com/joshi008/gsoc-tagger/blob/625a2629d9008aa9a72533f23c26ee331802274a/env/Lib/site-packages/pip/_internal/req/constructors.py#L401,"):
    # type: (...) -> InstallRequirement
    """"""Creates an InstallRequirement from a name, which might be a
    requirement, directory containing 'setup.py', filename, or URL.

    :param line_source: An optional string describing where the line is from,
        for logging purposes in case of an error.
    """"""
    parts = parse_req_from_line(name, line_source)
",,Docstring,,FALSE,FALSE,FALSE,FALSE,FALSE,FALSE
13561,https://github.com/joshi008/gsoc-tagger,625a2629d9008aa9a72533f23c26ee331802274a,gsoc-tagger,gsoc-tagger/env/Lib/site-packages/pip/_internal/index/package_finder.py,package_finder.py,https://github.com/joshi008/gsoc-tagger/blob/625a2629d9008aa9a72533f23c26ee331802274a/env/Lib/site-packages/pip/_internal/index/package_finder.py#L852,"    ):
        # type: (...) -> CandidateEvaluator
        """"""Create a CandidateEvaluator object to use.
        """"""
        candidate_prefs = self._candidate_prefs
        return CandidateEvaluator.create(",,Docstring,,FALSE,FALSE,FALSE,FALSE,FALSE,FALSE
14342,https://github.com/joshi008/gsoc-tagger,625a2629d9008aa9a72533f23c26ee331802274a,gsoc-tagger,gsoc-tagger/env/Lib/site-packages/pip/_vendor/pyparsing.py,pyparsing.py,https://github.com/joshi008/gsoc-tagger/blob/625a2629d9008aa9a72533f23c26ee331802274a/env/Lib/site-packages/pip/_vendor/pyparsing.py#L2366,"
    def __invert__(self):
        """"""
        Implementation of ~ operator - returns :class:`NotAny`
        """"""
        return NotAny(self)
",,Docstring,,FALSE,FALSE,FALSE,FALSE,FALSE,FALSE
17150,https://github.com/joshi008/gsoc-tagger,625a2629d9008aa9a72533f23c26ee331802274a,gsoc-tagger,gsoc-tagger/env/Lib/site-packages/pip/_vendor/distlib/locators.py,locators.py,https://github.com/joshi008/gsoc-tagger/blob/625a2629d9008aa9a72533f23c26ee331802274a/env/Lib/site-packages/pip/_vendor/distlib/locators.py#L834,"
class DirectoryLocator(Locator):
    """"""
    This class locates distributions in a directory tree.
    """"""

    def __init__(self, path, **kwargs):",,Docstring,,FALSE,FALSE,FALSE,FALSE,FALSE,FALSE
18031,https://github.com/joshi008/gsoc-tagger,625a2629d9008aa9a72533f23c26ee331802274a,gsoc-tagger,gsoc-tagger/env/Lib/site-packages/pip/_vendor/distlib/_backport/tarfile.py,tarfile.py,https://github.com/joshi008/gsoc-tagger/blob/625a2629d9008aa9a72533f23c26ee331802274a/env/Lib/site-packages/pip/_vendor/distlib/_backport/tarfile.py#L1015,"
    def create_ustar_header(self, info, encoding, errors):
        """"""Return the object as a ustar header block.
        """"""
        info[""magic""] = POSIX_MAGIC
",,Docstring,,FALSE,FALSE,FALSE,FALSE,FALSE,FALSE
20347,https://github.com/joshi008/gsoc-tagger,625a2629d9008aa9a72533f23c26ee331802274a,gsoc-tagger,gsoc-tagger/env/Lib/site-packages/pip/_vendor/pkg_resources/__init__.py,__init__.py,https://github.com/joshi008/gsoc-tagger/blob/625a2629d9008aa9a72533f23c26ee331802274a/env/Lib/site-packages/pip/_vendor/pkg_resources/__init__.py#L1316,"
def safe_name(name):
    """"""Convert an arbitrary string to a standard distribution name

    Any runs of non-alphanumeric/. characters are replaced with a single '-'.
    """"""
    return re.sub('[^A-Za-z0-9.]+', '-', name)
",,Docstring,,FALSE,FALSE,FALSE,FALSE,FALSE,FALSE
21166,https://github.com/joshi008/gsoc-tagger,625a2629d9008aa9a72533f23c26ee331802274a,gsoc-tagger,gsoc-tagger/env/Lib/site-packages/flatbuffers/util.py,util.py,https://github.com/joshi008/gsoc-tagger/blob/625a2629d9008aa9a72533f23c26ee331802274a/env/Lib/site-packages/flatbuffers/util.py#L18,"
def GetSizePrefix(buf, offset):
	""""""Extract the size prefix from a buffer.""""""
	return encode.Get(packer.int32, buf, offset)
",,Docstring,,FALSE,FALSE,FALSE,FALSE,FALSE,FALSE
21505,https://github.com/joshi008/gsoc-tagger,625a2629d9008aa9a72533f23c26ee331802274a,gsoc-tagger,gsoc-tagger/env/Lib/site-packages/wtforms/ext/django/fields.py,fields.py,https://github.com/joshi008/gsoc-tagger/blob/625a2629d9008aa9a72533f23c26ee331802274a/env/Lib/site-packages/wtforms/ext/django/fields.py#L24,"
class QuerySetSelectField(fields.SelectFieldBase):
    """"""
    Given a QuerySet either at initialization or inside a view, will display a
    select drop-down field of choices. The `data` property actually will
    store/keep an ORM model instance, not the ID. Submitting a choice which is
    not in the queryset will result in a validation error.

    Specify `get_label` to customize the label associated with each option. If
    a string, this is the name of an attribute on the model object to use as
    the label text. If a one-argument callable, this callable will be passed
    model instance and expected to return the label text. Otherwise, the model
    object's `__str__` or `__unicode__` will be used.

    If `allow_blank` is set to `True`, then a blank choice will be added to the
    top of the list. Selecting this choice will result in the `data` property
    being `None`.  The label for the blank choice can be set by specifying the
    `blank_text` parameter.
    """"""
    widget = widgets.Select()
",,Docstring,,FALSE,FALSE,FALSE,FALSE,FALSE,FALSE
22991,https://github.com/joshi008/gsoc-tagger,625a2629d9008aa9a72533f23c26ee331802274a,gsoc-tagger,gsoc-tagger/env/Lib/site-packages/setuptools/command/sdist.py,sdist.py,https://github.com/joshi008/gsoc-tagger/blob/625a2629d9008aa9a72533f23c26ee331802274a/env/Lib/site-packages/setuptools/command/sdist.py#L23,"
class sdist(sdist_add_defaults, orig.sdist):
    """"""Smart sdist that finds anything supported by revision control""""""

    user_options = [",,Docstring,,FALSE,FALSE,FALSE,FALSE,FALSE,FALSE
23263,https://github.com/joshi008/gsoc-tagger,625a2629d9008aa9a72533f23c26ee331802274a,gsoc-tagger,gsoc-tagger/env/Lib/site-packages/setuptools/_distutils/ccompiler.py,ccompiler.py,https://github.com/joshi008/gsoc-tagger/blob/625a2629d9008aa9a72533f23c26ee331802274a/env/Lib/site-packages/setuptools/_distutils/ccompiler.py#L460,"
    def _need_link(self, objects, output_file):
        """"""Return true if we need to relink the files listed in 'objects'
        to recreate 'output_file'.
        """"""
        if self.force:
            return True",,Docstring,,FALSE,FALSE,FALSE,FALSE,FALSE,FALSE
23522,https://github.com/joshi008/gsoc-tagger,625a2629d9008aa9a72533f23c26ee331802274a,gsoc-tagger,gsoc-tagger/env/Lib/site-packages/setuptools/_distutils/fancy_getopt.py,fancy_getopt.py,https://github.com/joshi008/gsoc-tagger/blob/625a2629d9008aa9a72533f23c26ee331802274a/env/Lib/site-packages/setuptools/_distutils/fancy_getopt.py#L119,"
    def set_aliases(self, alias):
        """"""Set the aliases for this option parser.""""""
        self._check_alias_dict(alias, ""alias"")
        self.alias = alias",,Docstring,,FALSE,FALSE,FALSE,FALSE,FALSE,FALSE
24654,https://github.com/joshi008/gsoc-tagger,625a2629d9008aa9a72533f23c26ee331802274a,gsoc-tagger,gsoc-tagger/env/Lib/site-packages/pkg_resources/__init__.py,__init__.py,https://github.com/joshi008/gsoc-tagger/blob/625a2629d9008aa9a72533f23c26ee331802274a/env/Lib/site-packages/pkg_resources/__init__.py#L1290,"
    def cleanup_resources(self, force=False):
        """"""
        Delete all extracted resource files and directories, returning a list
        of the file and directory names that could not be successfully removed.
        This function does not have any concurrency protection, so it should
        generally only be called when the extraction path is a temporary
        directory exclusive to a single process.  This method is not
        automatically called; you must call it explicitly or register it as an
        ``atexit`` function if you wish to ensure cleanup of a temporary
        directory used for extractions.
        """"""
        # XXX
",,Docstring,,FALSE,FALSE,FALSE,FALSE,FALSE,FALSE
25351,https://github.com/joshi008/gsoc-tagger,625a2629d9008aa9a72533f23c26ee331802274a,gsoc-tagger,gsoc-tagger/env/Lib/site-packages/itsdangerous/signer.py,signer.py,https://github.com/joshi008/gsoc-tagger/blob/625a2629d9008aa9a72533f23c26ee331802274a/env/Lib/site-packages/itsdangerous/signer.py#L20,"
    def verify_signature(self, key, value, sig):
        """"""Verifies the given signature matches the expected
        signature.
        """"""
        return constant_time_compare(sig, self.get_signature(key, value))
",,Docstring,,FALSE,FALSE,FALSE,FALSE,FALSE,FALSE
25948,https://github.com/joshi008/gsoc-tagger,625a2629d9008aa9a72533f23c26ee331802274a,gsoc-tagger,gsoc-tagger/env/Lib/site-packages/dns/name.py,name.py,https://github.com/joshi008/gsoc-tagger/blob/625a2629d9008aa9a72533f23c26ee331802274a/env/Lib/site-packages/dns/name.py#L128,"
class IDNA2003Codec(IDNACodec):
    """"""IDNA 2003 encoder/decoder.""""""

    def __init__(self, strict_decode=False):",,Docstring,,FALSE,FALSE,FALSE,FALSE,FALSE,FALSE
26062,https://github.com/joshi008/gsoc-tagger,625a2629d9008aa9a72533f23c26ee331802274a,gsoc-tagger,gsoc-tagger/env/Lib/site-packages/dns/rdata.py,rdata.py,https://github.com/joshi008/gsoc-tagger/blob/625a2629d9008aa9a72533f23c26ee331802274a/env/Lib/site-packages/dns/rdata.py#L39,"
def _hexify(data, chunksize=_hex_chunksize):
    """"""Convert a binary string into its hex encoding, broken up into chunks
    of chunksize characters separated by a space.
    """"""

    line = binascii.hexlify(data)",,Docstring,,FALSE,FALSE,FALSE,FALSE,FALSE,FALSE
18206,https://github.com/joshi008/gsoc-tagger,625a2629d9008aa9a72533f23c26ee331802274a,gsoc-tagger,gsoc-tagger/env/Lib/site-packages/pip/_vendor/distlib/_backport/sysconfig.py,sysconfig.py,https://github.com/joshi008/gsoc-tagger/blob/625a2629d9008aa9a72533f23c26ee331802274a/env/Lib/site-packages/pip/_vendor/distlib/_backport/sysconfig.py#L1,"# -*- coding: utf-8 -*-
#
# Copyright (C) 2012 The Python Software Foundation.
# See LICENSE.txt and CONTRIBUTORS.txt.
#
""""""Access to Python's configuration information.""""""
","is both copyright, and encoding - MLE doing first",encoding utf:8,encoding utf:8,FALSE,FALSE,FALSE,FALSE,FALSE,FALSE
21037,https://github.com/joshi008/gsoc-tagger,625a2629d9008aa9a72533f23c26ee331802274a,gsoc-tagger,gsoc-tagger/env/Lib/site-packages/bidict/_abc.py,_abc.py,https://github.com/joshi008/gsoc-tagger/blob/625a2629d9008aa9a72533f23c26ee331802274a/env/Lib/site-packages/bidict/_abc.py#L1,"# -*- coding: utf-8 -*-
# Copyright 2009-2020 Joshua Bronson. All Rights Reserved.
#
# This Source Code Form is subject to the terms of the Mozilla Public
# License, v. 2.0. If a copy of the MPL was not distributed with this
# file, You can obtain one at http://mozilla.org/MPL/2.0/.

",both copyright and encoding,encoding utf:8,encoding utf:8,FALSE,FALSE,FALSE,FALSE,FALSE,FALSE
6991,https://github.com/joshi008/gsoc-tagger,625a2629d9008aa9a72533f23c26ee331802274a,gsoc-tagger,gsoc-tagger/env/Lib/site-packages/werkzeug/middleware/shared_data.py,shared_data.py,https://github.com/joshi008/gsoc-tagger/blob/625a2629d9008aa9a72533f23c26ee331802274a/env/Lib/site-packages/werkzeug/middleware/shared_data.py#L1,"""""""
Serve Shared Static Files
=========================

.. autoclass:: SharedDataMiddleware
    :members: is_allowed

:copyright: 2007 Pallets
:license: BSD-3-Clause
""""""
import mimetypes
import os",both section header and copyright - fd is first,file descriptor,,FALSE,FALSE,FALSE,FALSE,FALSE,FALSE
25451,https://github.com/joshi008/gsoc-tagger,625a2629d9008aa9a72533f23c26ee331802274a,gsoc-tagger,gsoc-tagger/env/Lib/site-packages/dns/inet.py,inet.py,https://github.com/joshi008/gsoc-tagger/blob/625a2629d9008aa9a72533f23c26ee331802274a/env/Lib/site-packages/dns/inet.py#L16,"# OF OR IN CONNECTION WITH THE USE OR PERFORMANCE OF THIS SOFTWARE.

""""""Generic Internet address helper functions.""""""

import socket",,file descriptor,,FALSE,FALSE,FALSE,FALSE,FALSE,FALSE
18579,https://github.com/joshi008/gsoc-tagger,625a2629d9008aa9a72533f23c26ee331802274a,gsoc-tagger,gsoc-tagger/env/Lib/site-packages/pip/_vendor/requests/sessions.py,sessions.py,https://github.com/joshi008/gsoc-tagger/blob/625a2629d9008aa9a72533f23c26ee331802274a/env/Lib/site-packages/pip/_vendor/requests/sessions.py#L362,"    def __init__(self):

        #: A case-insensitive dictionary of headers to be sent on each
        #: :class:`Request <Request>` sent from this
        #: :class:`Session <Session>`.
        self.headers = default_headers()
",,Function Explainer,,FALSE,FALSE,FALSE,FALSE,FALSE,FALSE
22744,https://github.com/joshi008/gsoc-tagger,625a2629d9008aa9a72533f23c26ee331802274a,gsoc-tagger,gsoc-tagger/env/Lib/site-packages/setuptools/command/py36compat.py,py36compat.py,https://github.com/joshi008/gsoc-tagger/blob/625a2629d9008aa9a72533f23c26ee331802274a/env/Lib/site-packages/setuptools/command/py36compat.py#L83,"
    def _add_defaults_python(self):
        # build_py is used to get:
        #  - python modules
        #  - files defined in package_data
        build_py = self.get_finalized_command('build_py')
",,Function Explainer,,FALSE,FALSE,FALSE,FALSE,FALSE,FALSE
15113,https://github.com/joshi008/gsoc-tagger,625a2629d9008aa9a72533f23c26ee331802274a,gsoc-tagger,gsoc-tagger/env/Lib/site-packages/pip/_vendor/chardet/mbcssm.py,mbcssm.py,https://github.com/joshi008/gsoc-tagger/blob/625a2629d9008aa9a72533f23c26ee331802274a/env/Lib/site-packages/pip/_vendor/chardet/mbcssm.py#L83,"CP949_CLS  = (
    1,1,1,1,1,1,1,1, 1,1,1,1,1,1,0,0,  # 00 - 0f
    1,1,1,1,1,1,1,1, 1,1,1,0,1,1,1,1,  # 10 - 1f
    1,1,1,1,1,1,1,1, 1,1,1,1,1,1,1,1,  # 20 - 2f
    1,1,1,1,1,1,1,1, 1,1,1,1,1,1,1,1,  # 30 - 3f",,human explainability ,,FALSE,FALSE,FALSE,FALSE,FALSE,FALSE
15235,https://github.com/joshi008/gsoc-tagger,625a2629d9008aa9a72533f23c26ee331802274a,gsoc-tagger,gsoc-tagger/env/Lib/site-packages/pip/_vendor/chardet/mbcssm.py,mbcssm.py,https://github.com/joshi008/gsoc-tagger/blob/625a2629d9008aa9a72533f23c26ee331802274a/env/Lib/site-packages/pip/_vendor/chardet/mbcssm.py#L250,"    1,1,1,1,1,1,1,1,  # b8 - bf
    1,1,3,1,3,3,3,3,  # c0 - c7
    3,3,3,3,3,3,3,3,  # c8 - cf
    3,3,3,3,3,3,3,3,  # d0 - d7
    3,3,3,3,3,3,3,3,  # d8 - df",,human explainability ,,FALSE,FALSE,FALSE,FALSE,FALSE,FALSE
15285,https://github.com/joshi008/gsoc-tagger,625a2629d9008aa9a72533f23c26ee331802274a,gsoc-tagger,gsoc-tagger/env/Lib/site-packages/pip/_vendor/chardet/mbcssm.py,mbcssm.py,https://github.com/joshi008/gsoc-tagger/blob/625a2629d9008aa9a72533f23c26ee331802274a/env/Lib/site-packages/pip/_vendor/chardet/mbcssm.py#L318,"    MachineState.ITS_ME,MachineState.ITS_ME,MachineState.ITS_ME,MachineState.ITS_ME,MachineState.ITS_ME,MachineState.ERROR,MachineState.ERROR,MachineState.START,#10-17
         4,MachineState.ERROR,MachineState.START,MachineState.START,MachineState.ERROR,MachineState.ERROR,MachineState.ERROR,MachineState.ERROR,#18-1f
    MachineState.ERROR,MachineState.ERROR,     5,MachineState.ERROR,MachineState.ERROR,MachineState.ERROR,MachineState.ITS_ME,MachineState.ERROR,#20-27
    MachineState.ERROR,MachineState.ERROR,MachineState.START,MachineState.START,MachineState.START,MachineState.START,MachineState.START,MachineState.START #28-2f
)",,human explainability ,,FALSE,FALSE,FALSE,FALSE,FALSE,FALSE
15409,https://github.com/joshi008/gsoc-tagger,625a2629d9008aa9a72533f23c26ee331802274a,gsoc-tagger,gsoc-tagger/env/Lib/site-packages/pip/_vendor/chardet/mbcssm.py,mbcssm.py,https://github.com/joshi008/gsoc-tagger/blob/625a2629d9008aa9a72533f23c26ee331802274a/env/Lib/site-packages/pip/_vendor/chardet/mbcssm.py#L504,"    1,1,1,1,1,1,0,0,  # 08 - 0f
    1,1,1,1,1,1,1,1,  # 10 - 17
    1,1,1,0,1,1,1,1,  # 18 - 1f
    1,1,1,1,1,1,1,1,  # 20 - 27
    1,1,1,1,1,1,1,1,  # 28 - 2f",,human explainability ,,FALSE,FALSE,FALSE,FALSE,FALSE,FALSE
15453,https://github.com/joshi008/gsoc-tagger,625a2629d9008aa9a72533f23c26ee331802274a,gsoc-tagger,gsoc-tagger/env/Lib/site-packages/pip/_vendor/chardet/mbcssm.py,mbcssm.py,https://github.com/joshi008/gsoc-tagger/blob/625a2629d9008aa9a72533f23c26ee331802274a/env/Lib/site-packages/pip/_vendor/chardet/mbcssm.py#L551,"    MachineState.ERROR,MachineState.ERROR,MachineState.ERROR,MachineState.ERROR,MachineState.ERROR,MachineState.ERROR,MachineState.ERROR,MachineState.ERROR,#68-6f
    MachineState.ERROR,MachineState.ERROR,     9,     9,     9,     9,MachineState.ERROR,MachineState.ERROR,#70-77
    MachineState.ERROR,MachineState.ERROR,MachineState.ERROR,MachineState.ERROR,MachineState.ERROR,MachineState.ERROR,MachineState.ERROR,MachineState.ERROR,#78-7f
    MachineState.ERROR,MachineState.ERROR,MachineState.ERROR,MachineState.ERROR,MachineState.ERROR,     9,MachineState.ERROR,MachineState.ERROR,#80-87
    MachineState.ERROR,MachineState.ERROR,MachineState.ERROR,MachineState.ERROR,MachineState.ERROR,MachineState.ERROR,MachineState.ERROR,MachineState.ERROR,#88-8f",,human explainability ,,FALSE,FALSE,FALSE,FALSE,FALSE,FALSE
15628,https://github.com/joshi008/gsoc-tagger,625a2629d9008aa9a72533f23c26ee331802274a,gsoc-tagger,gsoc-tagger/env/Lib/site-packages/pip/_vendor/chardet/euctwfreq.py,euctwfreq.py,https://github.com/joshi008/gsoc-tagger/blob/625a2629d9008aa9a72533f23c26ee331802274a/env/Lib/site-packages/pip/_vendor/chardet/euctwfreq.py#L151,"7486,1263, 986,3429,7487, 735, 879, 254,1137, 857, 622,1300,1180,1388,1562,3907,  # 4358
3908,2939, 967,2751,2655,1349, 592,2133,1692,3324,2985,1994,4114,1679,3909,1901,  # 4374
2185,7488, 739,3642,2715,1296,1290,7489,4115,2198,2199,1921,1563,2595,2551,1870,  # 4390
2752,2986,7490, 435,7491, 343,1108, 596,  17,1751,4365,2235,3430,3643,7492,4366,  # 4406
 294,3527,2940,1693, 477, 979, 281,2041,3528, 643,2042,3644,2621,2782,2261,1031,  # 4422",,human explainability ,,FALSE,FALSE,FALSE,FALSE,FALSE,FALSE
15674,https://github.com/joshi008/gsoc-tagger,625a2629d9008aa9a72533f23c26ee331802274a,gsoc-tagger,gsoc-tagger/env/Lib/site-packages/pip/_vendor/chardet/euctwfreq.py,euctwfreq.py,https://github.com/joshi008/gsoc-tagger/blob/625a2629d9008aa9a72533f23c26ee331802274a/env/Lib/site-packages/pip/_vendor/chardet/euctwfreq.py#L197,"1741,3933,3778,3934,7582, 236,3779,2448,3271,7583,7584,3657,3780,1273,3781,4411,  # 5094
7585, 308,7586,4412, 245,4413,1851,2473,1307,2575, 430, 715,2136,2449,7587, 270,  # 5110
 199,2869,3935,7588,3551,2718,1753, 761,1754, 725,1661,1840,4414,3440,3658,7589,  # 5126
7590, 587,  14,3272, 227,2598, 326, 480,2265, 943,2755,3552, 291, 650,1883,7591,  # 5142
1702,1226, 102,1547,  62,3441, 904,4415,3442,1164,4150,7592,7593,1224,1548,2756,  # 5158",,human explainability ,human explainability ,FALSE,FALSE,FALSE,FALSE,FALSE,FALSE
15791,https://github.com/joshi008/gsoc-tagger,625a2629d9008aa9a72533f23c26ee331802274a,gsoc-tagger,gsoc-tagger/env/Lib/site-packages/pip/_vendor/chardet/euctwfreq.py,euctwfreq.py,https://github.com/joshi008/gsoc-tagger/blob/625a2629d9008aa9a72533f23c26ee331802274a/env/Lib/site-packages/pip/_vendor/chardet/euctwfreq.py#L314," 919,2347,2960,2348,1270,4511,4012,  73,7862,7863, 647,7864,3228,2843,2255,1550,  # 6966
1346,3006,7865,1332, 883,3479,7866,7867,7868,7869,3301,2765,7870,1212, 831,1347,  # 6982
4226,4512,2326,3830,1863,3053, 720,3831,4513,4514,3832,7871,4227,7872,7873,4515,  # 6998
7874,7875,1798,4516,3708,2609,4517,3586,1645,2371,7876,7877,2924, 669,2208,2665,  # 7014
2429,7878,2879,7879,7880,1028,3229,7881,4228,2408,7882,2256,1353,7883,7884,4518,  # 7030",,human explainability ,human explainability ,FALSE,FALSE,FALSE,FALSE,FALSE,FALSE
15839,https://github.com/joshi008/gsoc-tagger,625a2629d9008aa9a72533f23c26ee331802274a,gsoc-tagger,gsoc-tagger/env/Lib/site-packages/pip/_vendor/chardet/euctwfreq.py,euctwfreq.py,https://github.com/joshi008/gsoc-tagger/blob/625a2629d9008aa9a72533f23c26ee331802274a/env/Lib/site-packages/pip/_vendor/chardet/euctwfreq.py#L362,"8018,3494,8019,8020,2279,1576, 473,3606,4275,3395, 972,8021,3607,8022,3067,8023,  # 7734
8024,4553,4554,8025,3727,4041,4042,8026, 153,4555, 356,8027,1891,2888,4276,2143,  # 7750
 408, 803,2352,8028,3854,8029,4277,1646,2570,2511,4556,4557,3855,8030,3856,4278,  # 7766
8031,2411,3396, 752,8032,8033,1961,2964,8034, 746,3012,2465,8035,4279,3728, 698,  # 7782
4558,1892,4280,3608,2543,4559,3609,3857,8036,3166,3397,8037,1823,1302,4043,2706,  # 7798",,human explainability ,,FALSE,FALSE,FALSE,FALSE,FALSE,FALSE
16272,https://github.com/joshi008/gsoc-tagger,625a2629d9008aa9a72533f23c26ee331802274a,gsoc-tagger,gsoc-tagger/env/Lib/site-packages/pip/_vendor/chardet/jisfreq.py,jisfreq.py,https://github.com/joshi008/gsoc-tagger/blob/625a2629d9008aa9a72533f23c26ee331802274a/env/Lib/site-packages/pip/_vendor/chardet/jisfreq.py#L220,"2167,3446,3948, 492,1117,1935, 536,1838,2757,1246,4332, 696,2095,2406,1393,1572, # 2736
3175,1782, 583, 190, 253,1390,2230, 830,3126,3389, 934,3245,1703,1749,2979,1870, # 2752
2545,1656,2204, 869,2346,4116,3176,1817, 496,1764,4644, 942,1504, 404,1903,1122, # 2768
1580,3606,2945,1022, 515, 372,1735, 955,2431,3036,6146,2797,1110,2302,2798, 617, # 2784
6147, 441, 762,1771,3447,3607,3608,1904, 840,3037,  86, 939,1385, 572,1370,2445, # 2800",,human explainability ,,FALSE,FALSE,FALSE,FALSE,FALSE,FALSE
16316,https://github.com/joshi008/gsoc-tagger,625a2629d9008aa9a72533f23c26ee331802274a,gsoc-tagger,gsoc-tagger/env/Lib/site-packages/pip/_vendor/chardet/jisfreq.py,jisfreq.py,https://github.com/joshi008/gsoc-tagger/blob/625a2629d9008aa9a72533f23c26ee331802274a/env/Lib/site-packages/pip/_vendor/chardet/jisfreq.py#L264,"1399,1946,3006,1300,2360,3324, 588, 736,6160,2606, 744, 669,3536,3828,6161,1358, # 3440
 199, 723, 848, 933, 851,1939,1505,1514,1338,1618,1831,4656,1634,3613, 443,2740, # 3456
3829, 717,1947, 491,1914,6162,2551,1542,4121,1025,6163,1099,1223, 198,3040,2722, # 3472
 370, 410,1905,2589, 998,1248,3182,2380, 519,1449,4122,1710, 947, 928,1153,4341, # 3488
2277, 344,2624,1511, 615, 105, 161,1212,1076,1960,3130,2054,1926,1175,1906,2473, # 3504",,human explainability ,,FALSE,FALSE,FALSE,FALSE,FALSE,FALSE
16589,https://github.com/joshi008/gsoc-tagger,625a2629d9008aa9a72533f23c26ee331802274a,gsoc-tagger,gsoc-tagger/env/Lib/site-packages/pip/_vendor/chardet/big5freq.py,big5freq.py,https://github.com/joshi008/gsoc-tagger/blob/625a2629d9008aa9a72533f23c26ee331802274a/env/Lib/site-packages/pip/_vendor/chardet/big5freq.py#L91,"2601,2910,2384,3354,1068, 958,3043, 461, 311,2869,2686,4217,1916,3210,4218,1979, #  688
 383, 750,2755,2627,4219, 274, 539, 385,1278,1442,5058,1154,1965, 384, 561, 210, #  704
  98,1295,2556,3570,5059,1711,2420,1482,3463,3987,2911,1257, 129,5060,3821, 642, #  720
 523,2789,2790,2658,5061, 141,2235,1333,  68, 176, 441, 876, 907,4220, 603,2602, #  736
 710, 171,3464, 404, 549,  18,3143,2398,1410,3692,1666,5062,3571,4533,2912,4534, #  752",,human explainability ,,FALSE,FALSE,FALSE,FALSE,FALSE,FALSE
16863,https://github.com/joshi008/gsoc-tagger,625a2629d9008aa9a72533f23c26ee331802274a,gsoc-tagger,gsoc-tagger/env/Lib/site-packages/pip/_vendor/chardet/big5freq.py,big5freq.py,https://github.com/joshi008/gsoc-tagger/blob/625a2629d9008aa9a72533f23c26ee331802274a/env/Lib/site-packages/pip/_vendor/chardet/big5freq.py#L365,"4784,1893,4424,3663,2550,4785,3664,3936,5719,3191,3434,5720,1824,1302,4147,2715, # 5072
3937,1974,4425,5721,4426,3192, 823,1303,1288,1236,2861,3542,4148,3435, 774,3938, # 5088
5722,1581,4786,1304,2862,3939,4787,5723,2440,2162,1083,3268,4427,4149,4428, 344, # 5104
1173, 288,2316, 454,1683,5724,5725,1461,4788,4150,2597,5726,5727,4789, 985, 894, # 5120
5728,3436,3193,5729,1914,2942,3795,1989,5730,2111,1975,5731,4151,5732,2579,1194, # 5136",,human explainability ,,FALSE,FALSE,FALSE,FALSE,FALSE,FALSE
17060,https://github.com/joshi008/gsoc-tagger,625a2629d9008aa9a72533f23c26ee331802274a,gsoc-tagger,gsoc-tagger/env/Lib/site-packages/pip/_vendor/pep517/colorlog.py,colorlog.py,https://github.com/joshi008/gsoc-tagger/blob/625a2629d9008aa9a72533f23c26ee331802274a/env/Lib/site-packages/pip/_vendor/pep517/colorlog.py#L43,"    DEFAULT_COLORS = {
        logging.INFO: 2,  # Green
        logging.WARNING: 3,  # Yellow
        logging.ERROR: 1,  # Red
        logging.CRITICAL: 1,",,human explainability ,,FALSE,FALSE,FALSE,FALSE,FALSE,FALSE
17912,https://github.com/joshi008/gsoc-tagger,625a2629d9008aa9a72533f23c26ee331802274a,gsoc-tagger,gsoc-tagger/env/Lib/site-packages/pip/_vendor/distlib/_backport/tarfile.py,tarfile.py,https://github.com/joshi008/gsoc-tagger/blob/625a2629d9008aa9a72533f23c26ee331802274a/env/Lib/site-packages/pip/_vendor/distlib/_backport/tarfile.py#L103,"
XHDTYPE = b""x""                  # POSIX.1-2001 extended header
XGLTYPE = b""g""                  # POSIX.1-2001 global header
SOLARIS_XHDTYPE = b""X""          # Solaris extended header
",,human explainability ,human explainability ,FALSE,FALSE,FALSE,FALSE,FALSE,FALSE
5683,https://github.com/joshi008/gsoc-tagger,625a2629d9008aa9a72533f23c26ee331802274a,gsoc-tagger,gsoc-tagger/env/Lib/site-packages/jinja2/lexer.py,lexer.py,https://github.com/joshi008/gsoc-tagger/blob/625a2629d9008aa9a72533f23c26ee331802274a/env/Lib/site-packages/jinja2/lexer.py#L1,"# -*- coding: utf-8 -*-
""""""Implements a Jinja / Python combination lexer. The ``Lexer`` class
is used to do some preprocessing. It filters out invalid operators like",both file header and instrumentation for code,Instrumentation for automated tool,,FALSE,FALSE,FALSE,FALSE,FALSE,FALSE
11759,https://github.com/joshi008/gsoc-tagger,625a2629d9008aa9a72533f23c26ee331802274a,gsoc-tagger,gsoc-tagger/env/Lib/site-packages/pip/_internal/cli/cmdoptions.py,cmdoptions.py,https://github.com/joshi008/gsoc-tagger/blob/625a2629d9008aa9a72533f23c26ee331802274a/env/Lib/site-packages/pip/_internal/cli/cmdoptions.py#L832,"        algo, digest = value.split(':', 1)
    except ValueError:
        parser.error('Arguments to {} must be a hash name '  # noqa
                     'followed by a value, like --hash=sha256:'
                     'abcde...'.format(opt_str))",,Instrumentation for automated tool,,FALSE,FALSE,FALSE,FALSE,FALSE,FALSE
18791,https://github.com/joshi008/gsoc-tagger,625a2629d9008aa9a72533f23c26ee331802274a,gsoc-tagger,gsoc-tagger/env/Lib/site-packages/pip/_vendor/requests/_internal_utils.py,_internal_utils.py,https://github.com/joshi008/gsoc-tagger/blob/625a2629d9008aa9a72533f23c26ee331802274a/env/Lib/site-packages/pip/_vendor/requests/_internal_utils.py#L1,"# -*- coding: utf-8 -*-

""""""",,Instrumentation for automated tool,,FALSE,FALSE,FALSE,FALSE,FALSE,FALSE
21020,https://github.com/joshi008/gsoc-tagger,625a2629d9008aa9a72533f23c26ee331802274a,gsoc-tagger,gsoc-tagger/env/Lib/site-packages/bidict/metadata.py,metadata.py,https://github.com/joshi008/gsoc-tagger/blob/625a2629d9008aa9a72533f23c26ee331802274a/env/Lib/site-packages/bidict/metadata.py#L12,"try:
    from ._version import version
except (ImportError, ValueError, SystemError):  # pragma: no cover
    try:
        import pkg_resources",,Instrumentation for automated tool,,FALSE,FALSE,FALSE,FALSE,FALSE,FALSE
9444,https://github.com/joshi008/gsoc-tagger,625a2629d9008aa9a72533f23c26ee331802274a,gsoc-tagger,gsoc-tagger/env/Lib/site-packages/pymongo/pyopenssl_context.py,pyopenssl_context.py,https://github.com/joshi008/gsoc-tagger/blob/625a2629d9008aa9a72533f23c26ee331802274a/env/Lib/site-packages/pymongo/pyopenssl_context.py#L298,"            # SNI
            if server_hostname and not _is_ip_address(server_hostname):
                # XXX: Do this in a callback registered with
                # SSLContext.set_info_callback? See Twisted for an example.
                ssl_conn.set_tlsext_host_name(server_hostname.encode('idna'))
            if self.verify_mode != _stdlibssl.CERT_NONE:",what is this?,Note to self,Note to self,FALSE,FALSE,FALSE,FALSE,FALSE,FALSE
13150,https://github.com/joshi008/gsoc-tagger,625a2629d9008aa9a72533f23c26ee331802274a,gsoc-tagger,gsoc-tagger/env/Lib/site-packages/pip/_internal/vcs/mercurial.py,mercurial.py,https://github.com/joshi008/gsoc-tagger/blob/625a2629d9008aa9a72533f23c26ee331802274a/env/Lib/site-packages/pip/_internal/vcs/mercurial.py#L1,"# The following comment should be removed at some point in the future.
# mypy: disallow-untyped-defs=False

from __future__ import absolute_import",both file descriptor and note to self,Note to self,Note to self,FALSE,FALSE,FALSE,FALSE,FALSE,FALSE
14572,https://github.com/joshi008/gsoc-tagger,625a2629d9008aa9a72533f23c26ee331802274a,gsoc-tagger,gsoc-tagger/env/Lib/site-packages/pip/_vendor/packaging/tags.py,tags.py,https://github.com/joshi008/gsoc-tagger/blob/625a2629d9008aa9a72533f23c26ee331802274a/env/Lib/site-packages/pip/_vendor/packaging/tags.py#L373,"
    elif cpu_arch == ""ppc64"":
        # TODO: Need to care about 32-bit PPC for ppc64 through 10.2?
        if version > (10, 5) or version < (10, 4):
            return []",,Note to self,,FALSE,FALSE,FALSE,FALSE,FALSE,FALSE
15518,https://github.com/joshi008/gsoc-tagger,625a2629d9008aa9a72533f23c26ee331802274a,gsoc-tagger,gsoc-tagger/env/Lib/site-packages/pip/_vendor/chardet/cp949prober.py,cp949prober.py,https://github.com/joshi008/gsoc-tagger/blob/625a2629d9008aa9a72533f23c26ee331802274a/env/Lib/site-packages/pip/_vendor/chardet/cp949prober.py#L36,"        super(CP949Prober, self).__init__()
        self.coding_sm = CodingStateMachine(CP949_SM_MODEL)
        # NOTE: CP949 is a superset of EUC-KR, so the distribution should be
        #       not different.
        self.distribution_analyzer = EUCKRDistributionAnalysis()
        self.reset()",,Note to self,,FALSE,TRUE,FALSE,FALSE,FALSE,FALSE
20963,https://github.com/joshi008/gsoc-tagger,625a2629d9008aa9a72533f23c26ee331802274a,gsoc-tagger,gsoc-tagger/env/Lib/site-packages/bidict/_orderedbase.py,_orderedbase.py,https://github.com/joshi008/gsoc-tagger/blob/625a2629d9008aa9a72533f23c26ee331802274a/env/Lib/site-packages/bidict/_orderedbase.py#L21,"# Thank you for reading and for any feedback you provide.

#                             * Code review nav *
#==============================================================================
# ← Prev: _bidict.py       Current: _orderedbase.py   Next: _frozenordered.py →
#==============================================================================

",For code review - maybe qualitative,Note to self,Note to self,FALSE,FALSE,FALSE,FALSE,FALSE,FALSE
4339,https://github.com/joshi008/gsoc-tagger,625a2629d9008aa9a72533f23c26ee331802274a,gsoc-tagger,gsoc-tagger/env/Lib/site-packages/bson/raw_bson.py,raw_bson.py,https://github.com/joshi008/gsoc-tagger/blob/625a2629d9008aa9a72533f23c26ee331802274a/env/Lib/site-packages/bson/raw_bson.py#L35,"
    def __init__(self, bson_bytes, codec_options=None):
        """"""Create a new :class:`RawBSONDocument`

        :class:`RawBSONDocument` is a representation of a BSON document that
        provides access to the underlying raw BSON bytes. Only when a field is
        accessed or modified within the document does RawBSONDocument decode
        its bytes.

        :class:`RawBSONDocument` implements the ``Mapping`` abstract base
        class from the standard library so it can be used like a read-only
        ``dict``::

            >>> from bson import encode
            >>> raw_doc = RawBSONDocument(encode({'_id': 'my_doc'}))
            >>> raw_doc.raw
            b'...'
            >>> raw_doc['_id']
            'my_doc'

        :Parameters:
          - `bson_bytes`: the BSON bytes that compose this document
          - `codec_options` (optional): An instance of
            :class:`~bson.codec_options.CodecOptions` whose ``document_class``
            must be :class:`RawBSONDocument`. The default is
            :attr:`DEFAULT_RAW_BSON_OPTIONS`.

        .. versionchanged:: 3.8
          :class:`RawBSONDocument` now validates that the ``bson_bytes``
          passed in represent a single bson document.

        .. versionchanged:: 3.5
          If a :class:`~bson.codec_options.CodecOptions` is passed in, its
          `document_class` must be :class:`RawBSONDocument`.
        """"""
        self.__raw = bson_bytes
        self.__inflated_doc = None",,Structured Docstring,,FALSE,FALSE,FALSE,FALSE,FALSE,FALSE
4817,https://github.com/joshi008/gsoc-tagger,625a2629d9008aa9a72533f23c26ee331802274a,gsoc-tagger,gsoc-tagger/env/Lib/site-packages/flask/wrappers.py,wrappers.py,https://github.com/joshi008/gsoc-tagger/blob/625a2629d9008aa9a72533f23c26ee331802274a/env/Lib/site-packages/flask/wrappers.py#L102,"
class Response(ResponseBase, JSONMixin):
    """"""The response object that is used by default in Flask.  Works like the
    response object from Werkzeug but is set to have an HTML mimetype by
    default.  Quite often you don't have to create this object yourself because
    :meth:`~flask.Flask.make_response` will take care of that for you.

    If you want to replace the response object used you can subclass this and
    set :attr:`~flask.Flask.response_class` to your subclass.

    .. versionchanged:: 1.0
        JSON support is added to the response, like the request. This is useful
        when testing to get the test client response data as JSON.

    .. versionchanged:: 1.0

        Added :attr:`max_cookie_size`.
    """"""

    default_mimetype = ""text/html""",,Structured Docstring,,FALSE,FALSE,FALSE,FALSE,FALSE,FALSE
6607,https://github.com/joshi008/gsoc-tagger,625a2629d9008aa9a72533f23c26ee331802274a,gsoc-tagger,gsoc-tagger/env/Lib/site-packages/werkzeug/http.py,http.py,https://github.com/joshi008/gsoc-tagger/blob/625a2629d9008aa9a72533f23c26ee331802274a/env/Lib/site-packages/werkzeug/http.py#L908,"
def http_date(timestamp=None):
    """"""Formats the time to match the RFC1123 date format.

    Accepts a floating point number expressed in seconds since the epoch in, a
    datetime object or a timetuple.  All times in UTC.  The :func:`parse_date`
    function can be used to parse such a date.

    Outputs a string in the format ``Wdy, DD Mon YYYY HH:MM:SS GMT``.

    :param timestamp: If provided that date is used, otherwise the current.
    """"""
    return _dump_date(timestamp, "" "")
",,Structured Docstring,,FALSE,FALSE,FALSE,FALSE,FALSE,FALSE
6746,https://github.com/joshi008/gsoc-tagger,625a2629d9008aa9a72533f23c26ee331802274a,gsoc-tagger,gsoc-tagger/env/Lib/site-packages/werkzeug/datastructures.py,datastructures.py,https://github.com/joshi008/gsoc-tagger/blob/625a2629d9008aa9a72533f23c26ee331802274a/env/Lib/site-packages/werkzeug/datastructures.py#L1352,"
    def to_wsgi_list(self):
        """"""Convert the headers into a list suitable for WSGI.

        The values are byte strings in Python 2 converted to latin1 and unicode
        strings in Python 3 for the WSGI server to encode.

        :return: list
        """"""
        if PY2:
            return [(to_native(k), v.encode(""latin1"")) for k, v in self]",,Structured Docstring,,FALSE,FALSE,FALSE,FALSE,FALSE,FALSE
6796,https://github.com/joshi008/gsoc-tagger,625a2629d9008aa9a72533f23c26ee331802274a,gsoc-tagger,gsoc-tagger/env/Lib/site-packages/werkzeug/datastructures.py,datastructures.py,https://github.com/joshi008/gsoc-tagger/blob/625a2629d9008aa9a72533f23c26ee331802274a/env/Lib/site-packages/werkzeug/datastructures.py#L2049,"
class _CacheControl(UpdateDictMixin, dict):
    """"""Subclass of a dict that stores values for a Cache-Control header.  It
    has accessors for all the cache-control directives specified in RFC 2616.
    The class does not differentiate between request and response directives.

    Because the cache-control directives in the HTTP header use dashes the
    python descriptors use underscores for that.

    To get a header of the :class:`CacheControl` object again you can convert
    the object into a string or call the :meth:`to_header` method.  If you plan
    to subclass it and add your own items have a look at the sourcecode for
    that class.

    .. versionchanged:: 0.4

       Setting `no_cache` or `private` to boolean `True` will set the implicit
       none-value which is ``*``:

       >>> cc = ResponseCacheControl()
       >>> cc.no_cache = True
       >>> cc
       <ResponseCacheControl 'no-cache'>
       >>> cc.no_cache
       '*'
       >>> cc.no_cache = None
       >>> cc
       <ResponseCacheControl ''>

       In versions before 0.5 the behavior documented here affected the now
       no longer existing `CacheControl` class.
    """"""

    no_cache = cache_property(""no-cache"", ""*"", None)",longest comment,Structured Docstring,,FALSE,FALSE,FALSE,FALSE,FALSE,FALSE
7048,https://github.com/joshi008/gsoc-tagger,625a2629d9008aa9a72533f23c26ee331802274a,gsoc-tagger,gsoc-tagger/env/Lib/site-packages/werkzeug/wrappers/base_response.py,base_response.py,https://github.com/joshi008/gsoc-tagger/blob/625a2629d9008aa9a72533f23c26ee331802274a/env/Lib/site-packages/werkzeug/wrappers/base_response.py#L550,"
    def get_wsgi_headers(self, environ):
        """"""This is automatically called right before the response is started
        and returns headers modified for the given environment.  It returns a
        copy of the headers from the response with some modifications applied
        if necessary.

        For example the location header (if present) is joined with the root
        URL of the environment.  Also the content length is automatically set
        to zero here for certain status codes.

        .. versionchanged:: 0.6
           Previously that function was called `fix_headers` and modified
           the response object in place.  Also since 0.6, IRIs in location
           and content-location headers are handled properly.

           Also starting with 0.6, Werkzeug will attempt to set the content
           length if it is able to figure it out on its own.  This is the
           case if all the strings in the response iterable are already
           encoded and the iterable is buffered.

        :param environ: the WSGI environment of the request.
        :return: returns a new :class:`~werkzeug.datastructures.Headers`
                 object.
        """"""
        headers = Headers(self.headers)
        location = None",,Structured Docstring,,FALSE,FALSE,FALSE,FALSE,FALSE,FALSE
8684,https://github.com/joshi008/gsoc-tagger,625a2629d9008aa9a72533f23c26ee331802274a,gsoc-tagger,gsoc-tagger/env/Lib/site-packages/pymongo/bulk.py,bulk.py,https://github.com/joshi008/gsoc-tagger/blob/625a2629d9008aa9a72533f23c26ee331802274a/env/Lib/site-packages/pymongo/bulk.py#L621,"
    def upsert(self):
        """"""Specify that all chained update operations should be
        upserts.

        :Returns:
          - A :class:`BulkUpsertOperation` instance, used to add
            update operations to this bulk operation.
        """"""
        return BulkUpsertOperation(self.__selector, self.__bulk,
                                   self.__collation)",,Structured Docstring,,FALSE,FALSE,FALSE,FALSE,FALSE,FALSE
8749,https://github.com/joshi008/gsoc-tagger,625a2629d9008aa9a72533f23c26ee331802274a,gsoc-tagger,gsoc-tagger/env/Lib/site-packages/pymongo/monitoring.py,monitoring.py,https://github.com/joshi008/gsoc-tagger/blob/625a2629d9008aa9a72533f23c26ee331802274a/env/Lib/site-packages/pymongo/monitoring.py#L468,"
def register(listener):
    """"""Register a global event listener.

    :Parameters:
      - `listener`: A subclasses of :class:`CommandListener`,
        :class:`ServerHeartbeatListener`, :class:`ServerListener`,
        :class:`TopologyListener`, or :class:`ConnectionPoolListener`.
    """"""
    if not isinstance(listener, _EventListener):
        raise TypeError(""Listeners for %s must be either a """,,Structured Docstring,,FALSE,FALSE,FALSE,FALSE,FALSE,FALSE
10347,https://github.com/joshi008/gsoc-tagger,625a2629d9008aa9a72533f23c26ee331802274a,gsoc-tagger,gsoc-tagger/env/Lib/site-packages/pymongo/read_concern.py,read_concern.py,https://github.com/joshi008/gsoc-tagger/blob/625a2629d9008aa9a72533f23c26ee331802274a/env/Lib/site-packages/pymongo/read_concern.py#L52,"    @property
    def document(self):
        """"""The document representation of this read concern.

        .. note::
          :class:`ReadConcern` is immutable. Mutating the value of
          :attr:`document` does not mutate this :class:`ReadConcern`.
        """"""
        doc = {}
        if self.__level:",between docstring and structured docstring,Structured Docstring,,FALSE,FALSE,FALSE,FALSE,FALSE,FALSE
17295,https://github.com/joshi008/gsoc-tagger,625a2629d9008aa9a72533f23c26ee331802274a,gsoc-tagger,gsoc-tagger/env/Lib/site-packages/pip/_vendor/distlib/version.py,version.py,https://github.com/joshi008/gsoc-tagger/blob/625a2629d9008aa9a72533f23c26ee331802274a/env/Lib/site-packages/pip/_vendor/distlib/version.py#L451,"
def _suggest_normalized_version(s):
    """"""Suggest a normalized version close to the given version string.

    If you have a version string that isn't rational (i.e. NormalizedVersion
    doesn't like it) then you might be able to get an equivalent (or close)
    rational version from this function.

    This does a number of simple normalizations to the given string, based
    on observation of versions currently in use on PyPI. Given a dump of
    those version during PyCon 2009, 4287 of them:
    - 2312 (53.93%) match NormalizedVersion without change
      with the automatic suggestion
    - 3474 (81.04%) match when using this suggestion method

    @param s {str} An irrational version string.
    @returns A rational version string, or None, if couldn't determine one.
    """"""
    try:
        _normalized_key(s)",,Structured Docstring,,FALSE,FALSE,FALSE,FALSE,FALSE,FALSE
20508,https://github.com/joshi008/gsoc-tagger,625a2629d9008aa9a72533f23c26ee331802274a,gsoc-tagger,gsoc-tagger/env/Lib/site-packages/pip/_vendor/resolvelib/providers.py,providers.py,https://github.com/joshi008/gsoc-tagger/blob/625a2629d9008aa9a72533f23c26ee331802274a/env/Lib/site-packages/pip/_vendor/resolvelib/providers.py#L14,"
    def get_preference(self, resolution, candidates, information):
        """"""Produce a sort key for given specification based on preference.

        The preference is defined as ""I think this requirement should be
        resolved first"". The lower the return value is, the more preferred
        this group of arguments is.

        :param resolution: Currently pinned candidate, or `None`.
        :param candidates: A list of possible candidates.
        :param information: A list of requirement information.

        Each information instance is a named tuple with two entries:

        * `requirement` specifies a requirement contributing to the current
          candidate list
        * `parent` specifies the candidate that provides (dependend on) the
          requirement, or `None` to indicate a root requirement.

        The preference could depend on a various of issues, including (not
        necessarily in this order):

        * Is this package pinned in the current resolution result?
        * How relaxed is the requirement? Stricter ones should probably be
          worked on first? (I don't know, actually.)
        * How many possibilities are there to satisfy this requirement? Those
          with few left should likely be worked on first, I guess?
        * Are there any known conflicts for this requirement? We should
          probably work on those with the most known conflicts.

        A sortable value should be returned (this will be used as the `key`
        parameter of the built-in sorting function). The smaller the value is,
        the more preferred this specification is (i.e. the sorting function
        is called with `reverse=False`).
        """"""
        raise NotImplementedError
",,Structured Docstring,,FALSE,FALSE,FALSE,FALSE,FALSE,FALSE
20829,https://github.com/joshi008/gsoc-tagger,625a2629d9008aa9a72533f23c26ee331802274a,gsoc-tagger,gsoc-tagger/env/Lib/site-packages/gridfs/__init__.py,__init__.py,https://github.com/joshi008/gsoc-tagger/blob/625a2629d9008aa9a72533f23c26ee331802274a/env/Lib/site-packages/gridfs/__init__.py#L279,"
    def find_one(self, filter=None, session=None, *args, **kwargs):
        """"""Get a single file from gridfs.

        All arguments to :meth:`find` are also valid arguments for
        :meth:`find_one`, although any `limit` argument will be
        ignored. Returns a single :class:`~gridfs.grid_file.GridOut`,
        or ``None`` if no matching file is found. For example::

            file = fs.find_one({""filename"": ""lisa.txt""})

        :Parameters:
          - `filter` (optional): a dictionary specifying
            the query to be performing OR any other type to be used as
            the value for a query for ``""_id""`` in the file collection.
          - `*args` (optional): any additional positional arguments are
            the same as the arguments to :meth:`find`.
          - `session` (optional): a
            :class:`~pymongo.client_session.ClientSession`
          - `**kwargs` (optional): any additional keyword arguments
            are the same as the arguments to :meth:`find`.

        .. versionchanged:: 3.6
           Added ``session`` parameter.
        """"""
        if filter is not None and not isinstance(filter, abc.Mapping):
            filter = {""_id"": filter}",,Structured Docstring,,FALSE,FALSE,FALSE,FALSE,FALSE,FALSE
21472,https://github.com/joshi008/gsoc-tagger,625a2629d9008aa9a72533f23c26ee331802274a,gsoc-tagger,gsoc-tagger/env/Lib/site-packages/wtforms/ext/appengine/db.py,db.py,https://github.com/joshi008/gsoc-tagger/blob/625a2629d9008aa9a72533f23c26ee331802274a/env/Lib/site-packages/wtforms/ext/appengine/db.py#L354,"
    def convert(self, model, prop, field_args):
        """"""
        Returns a form field for a single model property.

        :param model:
            The ``db.Model`` class that contains the property.
        :param prop:
            The model property: a ``db.Property`` instance.
        :param field_args:
            Optional keyword arguments to construct the field.
        """"""
        prop_type_name = type(prop).__name__
        kwargs = {",,Structured Docstring,,FALSE,FALSE,FALSE,FALSE,FALSE,FALSE
22070,https://github.com/joshi008/gsoc-tagger,625a2629d9008aa9a72533f23c26ee331802274a,gsoc-tagger,gsoc-tagger/env/Lib/site-packages/setuptools/msvc.py,msvc.py,https://github.com/joshi008/gsoc-tagger/blob/625a2629d9008aa9a72533f23c26ee331802274a/env/Lib/site-packages/setuptools/msvc.py#L1118,"    @property
    def FrameworkVersion32(self):
        """"""
        Microsoft .NET Framework 32bit versions.

        Return
        ------
        tuple of str
            versions
        """"""
        return self._find_dot_net_versions(32)
",,Structured Docstring,,FALSE,FALSE,FALSE,FALSE,FALSE,FALSE
22282,https://github.com/joshi008/gsoc-tagger,625a2629d9008aa9a72533f23c26ee331802274a,gsoc-tagger,gsoc-tagger/env/Lib/site-packages/setuptools/_vendor/ordered_set.py,ordered_set.py,https://github.com/joshi008/gsoc-tagger/blob/625a2629d9008aa9a72533f23c26ee331802274a/env/Lib/site-packages/setuptools/_vendor/ordered_set.py#L436,"
    def difference_update(self, *sets):
        """"""
        Update this OrderedSet to remove items from one or more other sets.

        Example:
            >>> this = OrderedSet([1, 2, 3])
            >>> this.difference_update(OrderedSet([2, 4]))
            >>> print(this)
            OrderedSet([1, 3])

            >>> this = OrderedSet([1, 2, 3, 4, 5])
            >>> this.difference_update(OrderedSet([2, 4]), OrderedSet([1, 4, 6]))
            >>> print(this)
            OrderedSet([3, 5])
        """"""
        items_to_remove = set()
        for other in sets:",,Structured Docstring,,FALSE,FALSE,FALSE,FALSE,FALSE,FALSE
22325,https://github.com/joshi008/gsoc-tagger,625a2629d9008aa9a72533f23c26ee331802274a,gsoc-tagger,gsoc-tagger/env/Lib/site-packages/setuptools/_vendor/pyparsing.py,pyparsing.py,https://github.com/joshi008/gsoc-tagger/blob/625a2629d9008aa9a72533f23c26ee331802274a/env/Lib/site-packages/setuptools/_vendor/pyparsing.py#L584,"
    def insert( self, index, insStr ):
        """"""
        Inserts new element at location index in the list of parsed tokens.
        
        Similar to C{list.insert()}.

        Example::
            print(OneOrMore(Word(nums)).parseString(""0 123 321"")) # -> ['0', '123', '321']

            # use a parse action to insert the parse location in the front of the parsed results
            def insert_locn(locn, tokens):
                tokens.insert(0, locn)
            print(OneOrMore(Word(nums)).addParseAction(insert_locn).parseString(""0 123 321"")) # -> [0, '0', '123', '321']
        """"""
        self.__toklist.insert(index, insStr)
        # fixup indices in token dictionary",,Structured Docstring,,FALSE,FALSE,FALSE,FALSE,FALSE,FALSE
22340,https://github.com/joshi008/gsoc-tagger,625a2629d9008aa9a72533f23c26ee331802274a,gsoc-tagger,gsoc-tagger/env/Lib/site-packages/setuptools/_vendor/pyparsing.py,pyparsing.py,https://github.com/joshi008/gsoc-tagger/blob/625a2629d9008aa9a72533f23c26ee331802274a/env/Lib/site-packages/setuptools/_vendor/pyparsing.py#L915,"
    def pprint(self, *args, **kwargs):
        """"""
        Pretty-printer for parsed results as a list, using the C{pprint} module.
        Accepts additional positional or keyword args as defined for the 
        C{pprint.pprint} method. (U{http://docs.python.org/3/library/pprint.html#pprint.pprint})

        Example::
            ident = Word(alphas, alphanums)
            num = Word(nums)
            func = Forward()
            term = ident | num | Group('(' + func + ')')
            func <<= ident + Group(Optional(delimitedList(term)))
            result = func.parseString(""fna a,b,(fnb c,d,200),100"")
            result.pprint(width=40)
        prints::
            ['fna',
             ['a',
              'b',
              ['(', 'fnb', ['c', 'd', '200'], ')'],
              '100']]
        """"""
        pprint.pprint(self.asList(), *args, **kwargs)
",,Structured Docstring,,FALSE,FALSE,FALSE,FALSE,FALSE,FALSE
22502,https://github.com/joshi008/gsoc-tagger,625a2629d9008aa9a72533f23c26ee331802274a,gsoc-tagger,gsoc-tagger/env/Lib/site-packages/setuptools/_vendor/pyparsing.py,pyparsing.py,https://github.com/joshi008/gsoc-tagger/blob/625a2629d9008aa9a72533f23c26ee331802274a/env/Lib/site-packages/setuptools/_vendor/pyparsing.py#L4645,"
def dictOf( key, value ):
    """"""
    Helper to easily and clearly define a dictionary by specifying the respective patterns
    for the key and value.  Takes care of defining the C{L{Dict}}, C{L{ZeroOrMore}}, and C{L{Group}} tokens
    in the proper order.  The key pattern can include delimiting markers or punctuation,
    as long as they are suppressed, thereby leaving the significant key text.  The value
    pattern can include named results, so that the C{Dict} results can include named token
    fields.

    Example::
        text = ""shape: SQUARE posn: upper left color: light blue texture: burlap""
        attr_expr = (label + Suppress(':') + OneOrMore(data_word, stopOn=label).setParseAction(' '.join))
        print(OneOrMore(attr_expr).parseString(text).dump())
        
        attr_label = label
        attr_value = Suppress(':') + OneOrMore(data_word, stopOn=label).setParseAction(' '.join)

        # similar to Dict, but simpler call format
        result = dictOf(attr_label, attr_value).parseString(text)
        print(result.dump())
        print(result['shape'])
        print(result.shape)  # object attribute access works too
        print(result.asDict())
    prints::
        [['shape', 'SQUARE'], ['posn', 'upper left'], ['color', 'light blue'], ['texture', 'burlap']]
        - color: light blue
        - posn: upper left
        - shape: SQUARE
        - texture: burlap
        SQUARE
        SQUARE
        {'color': 'light blue', 'shape': 'SQUARE', 'posn': 'upper left', 'texture': 'burlap'}
    """"""
    return Dict( ZeroOrMore( Group ( key + value ) ) )
",,Structured Docstring,,FALSE,FALSE,FALSE,FALSE,FALSE,FALSE
24904,https://github.com/joshi008/gsoc-tagger,625a2629d9008aa9a72533f23c26ee331802274a,gsoc-tagger,gsoc-tagger/env/Lib/site-packages/pkg_resources/_vendor/pyparsing.py,pyparsing.py,https://github.com/joshi008/gsoc-tagger/blob/625a2629d9008aa9a72533f23c26ee331802274a/env/Lib/site-packages/pkg_resources/_vendor/pyparsing.py#L584,"
    def insert( self, index, insStr ):
        """"""
        Inserts new element at location index in the list of parsed tokens.
        
        Similar to C{list.insert()}.

        Example::
            print(OneOrMore(Word(nums)).parseString(""0 123 321"")) # -> ['0', '123', '321']

            # use a parse action to insert the parse location in the front of the parsed results
            def insert_locn(locn, tokens):
                tokens.insert(0, locn)
            print(OneOrMore(Word(nums)).addParseAction(insert_locn).parseString(""0 123 321"")) # -> [0, '0', '123', '321']
        """"""
        self.__toklist.insert(index, insStr)
        # fixup indices in token dictionary",,Structured Docstring,,FALSE,FALSE,FALSE,FALSE,FALSE,FALSE
25706,https://github.com/joshi008/gsoc-tagger,625a2629d9008aa9a72533f23c26ee331802274a,gsoc-tagger,gsoc-tagger/env/Lib/site-packages/dns/rrset.py,rrset.py,https://github.com/joshi008/gsoc-tagger/blob/625a2629d9008aa9a72533f23c26ee331802274a/env/Lib/site-packages/dns/rrset.py#L77,"
    def match(self, name, rdclass, rdtype, covers, deleting=None):
        """"""Returns ``True`` if this rrset matches the specified class, type,
        covers, and deletion state.
        """"""

        if not super(RRset, self).match(rdclass, rdtype, covers):",,Structured Docstring,,FALSE,FALSE,FALSE,FALSE,FALSE,FALSE
25721,https://github.com/joshi008/gsoc-tagger,625a2629d9008aa9a72533f23c26ee331802274a,gsoc-tagger,gsoc-tagger/env/Lib/site-packages/dns/resolver.py,resolver.py,https://github.com/joshi008/gsoc-tagger/blob/625a2629d9008aa9a72533f23c26ee331802274a/env/Lib/site-packages/dns/resolver.py#L107,"
    def qnames(self):
        """"""All of the names that were tried.

        Returns a list of ``dns.name.Name``.
        """"""
        return self.kwargs['qnames']
",,Structured Docstring,Structured Docstring,FALSE,FALSE,FALSE,FALSE,FALSE,FALSE
10498,https://github.com/joshi008/gsoc-tagger,625a2629d9008aa9a72533f23c26ee331802274a,gsoc-tagger,gsoc-tagger/env/Lib/site-packages/pip/_internal/cache.py,cache.py,https://github.com/joshi008/gsoc-tagger/blob/625a2629d9008aa9a72533f23c26ee331802274a/env/Lib/site-packages/pip/_internal/cache.py#L257,"
    def __init__(self, format_control):
        # type: (FormatControl) -> None
        self._temp_dir = TempDirectory(
            kind=tempdir_kinds.EPHEM_WHEEL_CACHE,",,type comment,,FALSE,FALSE,FALSE,FALSE,FALSE,FALSE
10720,https://github.com/joshi008/gsoc-tagger,625a2629d9008aa9a72533f23c26ee331802274a,gsoc-tagger,gsoc-tagger/env/Lib/site-packages/pip/_internal/build_env.py,build_env.py,https://github.com/joshi008/gsoc-tagger/blob/625a2629d9008aa9a72533f23c26ee331802274a/env/Lib/site-packages/pip/_internal/build_env.py#L233,"    def install_requirements(
        self,
        finder,  # type: PackageFinder
        requirements,  # type: Iterable[str]
        prefix_as_string,  # type: str",see if is type automated tool,type comment,,FALSE,FALSE,FALSE,FALSE,FALSE,FALSE
11960,https://github.com/joshi008/gsoc-tagger,625a2629d9008aa9a72533f23c26ee331802274a,gsoc-tagger,gsoc-tagger/env/Lib/site-packages/pip/_internal/cli/req_command.py,req_command.py,https://github.com/joshi008/gsoc-tagger/blob/625a2629d9008aa9a72533f23c26ee331802274a/env/Lib/site-packages/pip/_internal/cli/req_command.py#L134,"
    def handle_pip_version_check(self, options):
        # type: (Values) -> None
        """"""
        Do the pip version check if not disabled.",,type comment,,FALSE,FALSE,FALSE,FALSE,FALSE,FALSE
12091,https://github.com/joshi008/gsoc-tagger,625a2629d9008aa9a72533f23c26ee331802274a,gsoc-tagger,gsoc-tagger/env/Lib/site-packages/pip/_internal/operations/prepare.py,prepare.py,https://github.com/joshi008/gsoc-tagger/blob/625a2629d9008aa9a72533f23c26ee331802274a/env/Lib/site-packages/pip/_internal/operations/prepare.py#L190,"    link,  # type: Link
    download_dir=None,  # type: Optional[str]
    hashes=None  # type: Optional[Hashes]
):
    # type: (...) -> File",,type comment,,FALSE,FALSE,FALSE,FALSE,FALSE,FALSE
12532,https://github.com/joshi008/gsoc-tagger,625a2629d9008aa9a72533f23c26ee331802274a,gsoc-tagger,gsoc-tagger/env/Lib/site-packages/pip/_internal/req/req_set.py,req_set.py,https://github.com/joshi008/gsoc-tagger/blob/625a2629d9008aa9a72533f23c26ee331802274a/env/Lib/site-packages/pip/_internal/req/req_set.py#L190,"
    def get_requirement(self, name):
        # type: (str) -> InstallRequirement
        project_name = canonicalize_name(name)
",,type comment,,FALSE,FALSE,FALSE,FALSE,FALSE,FALSE
12874,https://github.com/joshi008/gsoc-tagger,625a2629d9008aa9a72533f23c26ee331802274a,gsoc-tagger,gsoc-tagger/env/Lib/site-packages/pip/_internal/resolution/resolvelib/provider.py,provider.py,https://github.com/joshi008/gsoc-tagger/blob/625a2629d9008aa9a72533f23c26ee331802274a/env/Lib/site-packages/pip/_internal/resolution/resolvelib/provider.py#L117,"
    def identify(self, dependency):
        # type: (Union[Requirement, Candidate]) -> str
        return dependency.name
",,type comment,,FALSE,FALSE,FALSE,FALSE,FALSE,FALSE
12964,https://github.com/joshi008/gsoc-tagger,625a2629d9008aa9a72533f23c26ee331802274a,gsoc-tagger,gsoc-tagger/env/Lib/site-packages/pip/_internal/resolution/resolvelib/requirements.py,requirements.py,https://github.com/joshi008/gsoc-tagger/blob/625a2629d9008aa9a72533f23c26ee331802274a/env/Lib/site-packages/pip/_internal/resolution/resolvelib/requirements.py#L108,"
    def __repr__(self):
        # type: () -> str
        return ""{class_name}({specifier!r})"".format(
            class_name=self.__class__.__name__,",,type comment,,FALSE,FALSE,FALSE,FALSE,FALSE,FALSE
13236,https://github.com/joshi008/gsoc-tagger,625a2629d9008aa9a72533f23c26ee331802274a,gsoc-tagger,gsoc-tagger/env/Lib/site-packages/pip/_internal/vcs/versioncontrol.py,versioncontrol.py,https://github.com/joshi008/gsoc-tagger/blob/625a2629d9008aa9a72533f23c26ee331802274a/env/Lib/site-packages/pip/_internal/vcs/versioncontrol.py#L408,"    @classmethod
    def get_src_requirement(cls, repo_dir, project_name):
        # type: (str, str) -> Optional[str]
        """"""
        Return the requirement string to use to redownload the files",,type comment,,FALSE,FALSE,FALSE,FALSE,FALSE,FALSE
13283,https://github.com/joshi008/gsoc-tagger,625a2629d9008aa9a72533f23c26ee331802274a,gsoc-tagger,gsoc-tagger/env/Lib/site-packages/pip/_internal/vcs/versioncontrol.py,versioncontrol.py,https://github.com/joshi008/gsoc-tagger/blob/625a2629d9008aa9a72533f23c26ee331802274a/env/Lib/site-packages/pip/_internal/vcs/versioncontrol.py#L757,"        cmd,  # type: Union[List[str], CommandArgs]
        cwd=None,  # type: Optional[str]
        extra_environ=None,  # type: Optional[Mapping[str, Any]]
        extra_ok_returncodes=None,  # type: Optional[Iterable[int]]
        log_failed_cmd=True  # type: bool",,type comment,,FALSE,FALSE,FALSE,FALSE,FALSE,FALSE
13671,https://github.com/joshi008/gsoc-tagger,625a2629d9008aa9a72533f23c26ee331802274a,gsoc-tagger,gsoc-tagger/env/Lib/site-packages/pip/_internal/commands/hash.py,hash.py,https://github.com/joshi008/gsoc-tagger/blob/625a2629d9008aa9a72533f23c26ee331802274a/env/Lib/site-packages/pip/_internal/commands/hash.py#L55,"
def _hash_of_file(path, algorithm):
    # type: (str, str) -> str
    """"""Return the hash digest of a file.""""""
    with open(path, 'rb') as archive:",,type comment,,FALSE,FALSE,FALSE,FALSE,FALSE,FALSE
14608,https://github.com/joshi008/gsoc-tagger,625a2629d9008aa9a72533f23c26ee331802274a,gsoc-tagger,gsoc-tagger/env/Lib/site-packages/pip/_vendor/packaging/tags.py,tags.py,https://github.com/joshi008/gsoc-tagger/blob/625a2629d9008aa9a72533f23c26ee331802274a/env/Lib/site-packages/pip/_vendor/packaging/tags.py#L635,"
def _have_compatible_manylinux_abi(arch):
    # type: (str) -> bool
    if arch == ""armv7l"":
        return _is_linux_armhf()",,type comment,,FALSE,FALSE,FALSE,FALSE,FALSE,FALSE
14686,https://github.com/joshi008/gsoc-tagger,625a2629d9008aa9a72533f23c26ee331802274a,gsoc-tagger,gsoc-tagger/env/Lib/site-packages/pip/_vendor/packaging/version.py,version.py,https://github.com/joshi008/gsoc-tagger/blob/625a2629d9008aa9a72533f23c26ee331802274a/env/Lib/site-packages/pip/_vendor/packaging/version.py#L370,"    @property
    def public(self):
        # type: () -> str
        return str(self).split(""+"", 1)[0]
",see if is type automated tool,type comment,,FALSE,FALSE,FALSE,FALSE,FALSE,FALSE
27729,https://github.com/starwiz-7/HackBot,aa8531244ffb92435ab160766c5cf6eba2d1aac3,HackBot,HackBot/Hackbot/cogs/hackathons.py,hackathons.py,https://github.com/starwiz-7/HackBot/blob/aa8531244ffb92435ab160766c5cf6eba2d1aac3/Hackbot/cogs/hackathons.py#L76,"        return sliced_list

    #Sending the embeds to all the guilds
    @commands.has_permissions(send_messages=True)
    async def send_notif(self,msg):",,1-2 lines no loop direct explainer,,FALSE,FALSE,FALSE,FALSE,FALSE,FALSE
26500,https://github.com/starwiz-7/HackBot-Scraper,897dc88fc76eecbd67f423d06e4949faa1a07a97,HackBot-Scraper,HackBot-Scraper/Scraper/web/mlh_scraper.py,mlh_scraper.py,https://github.com/starwiz-7/HackBot-Scraper/blob/897dc88fc76eecbd67f423d06e4949faa1a07a97/Scraper/web/mlh_scraper.py#L6,"sys.path.append("".."")
from db import get_hackathons, save_hackathons, delete_hackathons
# GOOGLE_CHROME_PATH = '/app/.apt/usr/bin/google_chrome'
# CHROMEDRIVER_PATH = '/app/.chromedriver/bin/chromedriver'
chrome_options = webdriver.ChromeOptions()
chrome_options.add_argument(""--headless"")",,Commented out code,,FALSE,FALSE,FALSE,FALSE,FALSE,FALSE
49750,https://github.com/samisnotinsane/hackernews-client,c1c6e7791c366a7df0dbec544e18104bccfa93c8,hackernews-client,hackernews-client/setup.py,setup.py,https://github.com/samisnotinsane/hackernews-client/blob/c1c6e7791c366a7df0dbec544e18104bccfa93c8/setup.py#L126,"        'Programming Language :: Python :: Implementation :: PyPy'
    ],
    # $ setup.py publish support.
    cmdclass={
        'upload': UploadCommand,",, qualitative comment, qualitative comment,FALSE,FALSE,FALSE,FALSE,FALSE,FALSE
34853,https://github.com/RuairiD/howsmytrack-api,e23634f3217cc145d808e9effa686db087f0319d,howsmytrack-api,howsmytrack-api/howsmytrack/core/tests/schema/mutations/test_create_feedback_request.py,test_create_feedback_request.py,https://github.com/RuairiD/howsmytrack-api/blob/e23634f3217cc145d808e9effa686db087f0319d/howsmytrack/core/tests/schema/mutations/test_create_feedback_request.py#L334,"        )
        self.another_user.save()
        # Add a previous unassigned request, should prevent adding another.
        FeedbackRequest(
            user=self.another_user,",,1-2 lines no loop direct explainer,1-2 lines no loop direct explainer,FALSE,TRUE,FALSE,FALSE,FALSE,FALSE
34888,https://github.com/RuairiD/howsmytrack-api,e23634f3217cc145d808e9effa686db087f0319d,howsmytrack-api,howsmytrack-api/howsmytrack/core/schema/types.py,types.py,https://github.com/RuairiD/howsmytrack-api/blob/e23634f3217cc145d808e9effa686db087f0319d/howsmytrack/core/schema/types.py#L175,"    media_url = graphene.String()  # TODO deprecate
    media_type = graphene.String()  # TODO deprecate
    # The logged in user's request in this group
    feedback_request = graphene.Field(FeedbackRequestType)
    # The number of users in the group for whom the user must leave feedback.",,1-2 lines no loop direct explainer,,FALSE,FALSE,FALSE,FALSE,FALSE,TRUE
35203,https://github.com/namuan/http-rider,b7020ce49aec24d730a211ac618488571d918845,http-rider,http-rider/httprider/ui/menus.py,menus.py,https://github.com/namuan/http-rider/blob/b7020ce49aec24d730a211ac618488571d918845/httprider/ui/menus.py#L63,"    r.addAction(generate_data)

    # Environments Menu
    export_env_action = QAction(""&Export"", self)
    export_env_action.triggered.connect(self.env_menu_presenter.on_export)",,section breaker,,FALSE,FALSE,FALSE,FALSE,FALSE,FALSE
35180,https://github.com/namuan/http-rider,b7020ce49aec24d730a211ac618488571d918845,http-rider,http-rider/httprider/generated/tools_dialog.py,tools_dialog.py,https://github.com/namuan/http-rider/blob/b7020ce49aec24d730a211ac618488571d918845/httprider/generated/tools_dialog.py#L1,"# -*- coding: utf-8 -*-

# Form implementation generated from reading ui file 'resources/ui/tools_dialog.ui'",,type comment,type comment,FALSE,FALSE,FALSE,FALSE,FALSE,FALSE
87007,https://github.com/UDPSendToFailed/HydroScreen,5bc1d545d7d492574890fa9a6c9630153bd44a6c,HydroScreen,HydroScreen/lhm-pawnio/LibreHardwareMonitor/TestScripts/basicrest.py,basicrest.py,https://github.com/UDPSendToFailed/HydroScreen/blob/5bc1d545d7d492574890fa9a6c9630153bd44a6c/lhm-pawnio/LibreHardwareMonitor/TestScripts/basicrest.py#L60,"		print(key, "":"", v);

	# Change the id to one of yours 
	print(""Setting GPU Fan to full speed!"")
	setValue(""/nvidiagpu/0/control/0"", ""100.0"")",,1-2 lines no loop direct explainer,,FALSE,FALSE,FALSE,FALSE,FALSE,FALSE
48309,https://github.com/lillian-lemmer/hypatia,7f712491b818f0f03b285b265dd1127388bcb30d,hypatia,hypatia/demo/game.py,game.py,https://github.com/lillian-lemmer/hypatia/blob/7f712491b818f0f03b285b265dd1127388bcb30d/demo/game.py#L31,"

# init
viewport_size = (VIEWPORT_X, VIEWPORT_Y)
scene = game.Scene.from_tmx_resource('debug')",,1-2 lines no loop direct explainer,,FALSE,FALSE,FALSE,FALSE,FALSE,FALSE
48689,https://github.com/lillian-lemmer/hypatia,7f712491b818f0f03b285b265dd1127388bcb30d,hypatia,hypatia/hypatia/sprites.py,sprites.py,https://github.com/lillian-lemmer/hypatia/blob/7f712491b818f0f03b285b265dd1127388bcb30d/hypatia/sprites.py#L309,"        x -= offset[0]
        y -= offset[1]
        # sprite position on viewport
        # There are no half-pixels, thus we don't use floats.
        position_on_screen = (int(x), int(y))
",,1-2 lines no loop direct explainer,,FALSE,TRUE,FALSE,FALSE,FALSE,FALSE
48732,https://github.com/lillian-lemmer/hypatia,7f712491b818f0f03b285b265dd1127388bcb30d,hypatia,hypatia/docs/conf.py,conf.py,https://github.com/lillian-lemmer/hypatia/blob/7f712491b818f0f03b285b265dd1127388bcb30d/docs/conf.py#L129,"html_logo = 'logotype-whitetext-transparentbg.png'

# The name of an image file (within the static path) to use as favicon of the
# docs.  This file should be a Windows icon file (.ico) being 16x16 or 32x32
# pixels large.
html_favicon = 'favicon.ico'
",,1-2 lines no loop direct explainer,1-2 lines no loop direct explainer,FALSE,TRUE,FALSE,FALSE,FALSE,FALSE
48303,https://github.com/lillian-lemmer/hypatia,7f712491b818f0f03b285b265dd1127388bcb30d,hypatia,hypatia/setup.py,setup.py,https://github.com/lillian-lemmer/hypatia/blob/7f712491b818f0f03b285b265dd1127388bcb30d/setup.py#L42,"      description='2D action adventure game engine',
      setup_requires=['setuptools-markdown'],
      # pygame isn't on pypi
      # TODO: i should maybe also specifiy Pillow<4
      install_requires=install_requires,
      long_description_markdown_filename='README.md',",,Note to self,,FALSE,FALSE,FALSE,FALSE,FALSE,FALSE
86985,https://github.com/kooshi/image_fft_toy,70f2a16473adefebc508fb8530fdda648bcb6079,image_fft_toy,image_fft_toy/fft_toy.py,fft_toy.py,https://github.com/kooshi/image_fft_toy/blob/70f2a16473adefebc508fb8530fdda648bcb6079/fft_toy.py#L572,"    # --- End drawingFinished Handlers ---

    def _update_phase_displays_from_magnitude(self, complex_bgr_data): # Identical (with clamping)
        if complex_bgr_data is None or self.display_phase_vis_b is None or self.display_phase_vis_g is None or self.display_phase_vis_r is None or not self.global_log_mag_range: print(""Skipping phase display update due to missing data.""); return
        try:",, qualitative comment, qualitative comment,FALSE,FALSE,FALSE,FALSE,FALSE,FALSE
142818,https://github.com/vsumpi/image-to-pixelgrid,34b2de78212569996cf2d269b1f60cc67812b91d,image-to-pixelgrid,image-to-pixelgrid/main.py,main.py,https://github.com/vsumpi/image-to-pixelgrid/blob/34b2de78212569996cf2d269b1f60cc67812b91d/main.py#L14,"    countX = 0  # same color pixel
    cooX = 0  # last color change
    unitX = width  # smallest horizontal unit
    countY = 0
    cooY = 0",,1-2 lines no loop direct explainer,,FALSE,FALSE,FALSE,FALSE,FALSE,FALSE
28664,https://github.com/gregordr/ImageStore,536bf429f77d6259b12e3add587b2bd5f1dacb0d,ImageStore,ImageStore/detectron2/src/misc/gets.py,gets.py,https://github.com/gregordr/ImageStore/blob/536bf429f77d6259b12e3add587b2bd5f1dacb0d/detectron2/src/misc/gets.py#L11,"        response = requests.get(url)
    except ConnectionError as e:
        # TODO: handle connection error here
        print(e, flush=True)
        return None",,Note to self,,FALSE,FALSE,FALSE,FALSE,FALSE,FALSE
58775,https://github.com/dennisimoo/Infinite-Web,63c557a7aecabf830babc7d0aafcc99aa5d7c0de,Infinite-Web,Infinite-Web/cache_service.py,cache_service.py,https://github.com/dennisimoo/Infinite-Web/blob/63c557a7aecabf830babc7d0aafcc99aa5d7c0de/cache_service.py#L15,"content_cache = {}
cache_lock = threading.Lock()
# Track ongoing preload requests
preload_status = {}  # path -> 'generating' | 'completed'
",,1-2 lines no loop direct explainer,1-2 lines no loop direct explainer,FALSE,FALSE,FALSE,FALSE,FALSE,FALSE
29844,https://github.com/PabloLec/insta_newspaper,4149fe22c061e18493aa4e5b0b12c1e37a97728c,insta_newspaper,insta_newspaper/setup.py,setup.py,https://github.com/PabloLec/insta_newspaper/blob/4149fe22c061e18493aa4e5b0b12c1e37a97728c/setup.py#L4,"    required_packages = req_fp.readlines()

# Use README for long description
with open(""README.md"", ""r"") as readme_fp:
    long_description = readme_fp.read()",,1-2 lines no loop direct explainer,,FALSE,FALSE,FALSE,FALSE,FALSE,FALSE
55822,https://github.com/Fytex/Instagram-Giveaways-Winner,2172c269e10d7233851633160db30b614981817e,Instagram-Giveaways-Winner,Instagram-Giveaways-Winner/modules/instagram_bot.py,instagram_bot.py,https://github.com/Fytex/Instagram-Giveaways-Winner/blob/2172c269e10d7233851633160db30b614981817e/modules/instagram_bot.py#L330,"            sleep(60) # Couldn't comment error pop up. No specific css selector. (<p> was too risky because of pop up's warnings such as cookies one)

        with self.implicitly_wait.ignore(): # remove Implicit Wait since we are going to check for possible non-existent element and we don't want any cooldown

            # Wait the loading icon disappear",,1-2 lines no loop direct explainer,,FALSE,TRUE,FALSE,FALSE,TRUE,FALSE
50125,https://github.com/nck974/interactive-expenses-report,d5e5a3525b064717338e5319b5e8920ea3733a07,interactive-expenses-report,interactive-expenses-report/lib/graphs.py,graphs.py,https://github.com/nck974/interactive-expenses-report/blob/d5e5a3525b064717338e5319b5e8920ea3733a07/lib/graphs.py#L220,"                annotation_position=""bottom right""
            )
        # Mark 0
        self.fig.add_hline(
                y=0, line_color=""red"",",,1-2 lines no loop direct explainer,,FALSE,FALSE,FALSE,FALSE,FALSE,FALSE
26493,https://github.com/miratcan/internetguzeldir,3e3a4089c527b4bc6efef422064211f016d3276f,internetguzeldir,internetguzeldir/rebuild.py,rebuild.py,https://github.com/miratcan/internetguzeldir/blob/3e3a4089c527b4bc6efef422064211f016d3276f/rebuild.py#L391,"
def get_category_info(category_str: str, overrides: CategoryOverrides) -> Dict:
    """"""
    Get information of single category.

    >>> _overrides = {
    'a': {'title': 'Title of category ""a"" overridden by this.'},\
    'b': {'desc': 'Description of Category ""b"" overridden by this.'}\
    }

    >>> get_category_info('a', _overrides)
    {'name': 'a', 'title': 'Title of category ""a"" overrided by this.', \
'desc': None, 'parent': None, 'path': 'a/', 'children': []}

    >>> get_category_info('b', _overrides)
    {'name': 'b', 'title': 'b', 'desc': 'Description of Category ""b"" \
overrided by this.', 'parent': None, 'path': 'b/', 'children': []}
    """"""
    name = get_category_parts(category_str)[-1]
    result: Dict[str, Union[str, None, List[None]]] = {",,Structured Docstring,Structured Docstring,FALSE,FALSE,FALSE,FALSE,FALSE,FALSE
314197,https://github.com/DubblePumper/jacksmith-weapons-and-warriors-steam-hack,04978736a720554b5159b74a3eb4c3561c6714df,jacksmith-weapons-and-warriors-steam-hack,jacksmith-weapons-and-warriors-steam-hack/gui/actions.py,actions.py,https://github.com/DubblePumper/jacksmith-weapons-and-warriors-steam-hack/blob/04978736a720554b5159b74a3eb4c3561c6714df/gui/actions.py#L182,"                    raise ValueError(f""Invalid file path type: {type(self.app.current_sol_path)}"")

            write_sol(sol_path_obj, self.app.current_data) # write_sol expects a Path object or string
            self.app.show_feedback(""Saved"", f""File {sol_path_obj.name} saved."", kind='info')
",, qualitative comment,,FALSE,FALSE,FALSE,FALSE,FALSE,FALSE
29667,https://github.com/TanayB11/jadeocr,ab947c2f34efbcd3d45bda33b1f651236c297a32,jadeocr,jadeocr/convnet/src/predict.py,predict.py,https://github.com/TanayB11/jadeocr/blob/ab947c2f34efbcd3d45bda33b1f651236c297a32/convnet/src/predict.py#L22,"
def normalize_predict(arr):
    # Int to float
	norm = arr.astype('float32')
	norm = norm / 255.0",,1-2 lines no loop direct explainer,1-2 lines no loop direct explainer,FALSE,FALSE,FALSE,FALSE,FALSE,FALSE
28440,https://github.com/kokimame/joytan,ce1b5f0b5d9c5e19336b40861b83696683c3f22c,joytan,joytan/gui/translate.py,translate.py,https://github.com/kokimame/joytan/blob/ce1b5f0b5d9c5e19336b40861b83696683c3f22c/gui/translate.py#L60,"        self.form = gui.forms.translate.Ui_TranslateDialog()
        self.form.setupUi(self)
        # Setup combo box for languages
        self.form.langCombo.addItems(sorted([lang.title() for lang in LANGCODES.keys()]))
        self.form.langCombo.setCurrentText(""Japanese"")",,1-2 lines no loop direct explainer,,FALSE,FALSE,FALSE,FALSE,FALSE,FALSE
28051,https://github.com/kokimame/joytan,ce1b5f0b5d9c5e19336b40861b83696683c3f22c,joytan,joytan/joytan/speaker/service/voicetext.py,voicetext.py,https://github.com/kokimame/joytan/blob/ce1b5f0b5d9c5e19336b40861b83696683c3f22c/joytan/speaker/service/voicetext.py#L177,"                                      require=API_REQUIRE, awesome_ua=True)
                else:
                    # n.b. We call net_dump() using a local file path after
                    # calling net_download() instead of just calling net_dump()
                    # directly w/ the URL so we can get direct access to HTTP
                    # status codes from net_download() (e.g. if our VoiceText
                    # proxy rejects the call)

                    svc_path = self.path_temp(API_FORMAT)",,Control flow/program logic,,FALSE,TRUE,FALSE,FALSE,FALSE,FALSE
27948,https://github.com/kokimame/joytan,ce1b5f0b5d9c5e19336b40861b83696683c3f22c,joytan,joytan/joytan/speaker/service/pico2wave.py,pico2wave.py,https://github.com/kokimame/joytan/blob/ce1b5f0b5d9c5e19336b40861b83696683c3f22c/joytan/speaker/service/pico2wave.py#L91,"
    def options(self):
        """"""
        Provides access to voice only.
        """"""

        voice_lookup = dict([",,Docstring,,FALSE,FALSE,FALSE,FALSE,FALSE,FALSE
27966,https://github.com/kokimame/joytan,ce1b5f0b5d9c5e19336b40861b83696683c3f22c,joytan,joytan/joytan/speaker/service/sapi5js.py,sapi5js.py,https://github.com/kokimame/joytan/blob/ce1b5f0b5d9c5e19336b40861b83696683c3f22c/joytan/speaker/service/sapi5js.py#L165,"
        def transform_voice(value):
            """"""Normalize and attempt to convert to official voice.""""""

            normalized = self.normalize(value)",,Docstring,,FALSE,FALSE,FALSE,FALSE,FALSE,FALSE
28111,https://github.com/kokimame/joytan,ce1b5f0b5d9c5e19336b40861b83696683c3f22c,joytan,joytan/joytan/speaker/service/ekho.py,ekho.py,https://github.com/kokimame/joytan/blob/ce1b5f0b5d9c5e19336b40861b83696683c3f22c/joytan/speaker/service/ekho.py#L177,"
    def run(self, text, options, path):
        """"""
        Checks for unicode workaround on Windows, writes a temporary
        wave file, and then transcodes to MP3.

        Technically speaking, Ekho supports writing directly to MP3, but
        by going through LAME, we can apply the user's custom flags.
        """"""

        input_file = self.path_workaround(text)",,Docstring,,FALSE,FALSE,FALSE,FALSE,FALSE,FALSE
28322,https://github.com/kokimame/joytan,ce1b5f0b5d9c5e19336b40861b83696683c3f22c,joytan,joytan/joytan/speaker/service/fluencynl.py,fluencynl.py,https://github.com/kokimame/joytan/blob/ce1b5f0b5d9c5e19336b40861b83696683c3f22c/joytan/speaker/service/fluencynl.py#L88,"
    def desc(self):
        """"""Returns service name with a voice count.""""""

        return ""Fluency.nl Demo for Dutch (%d voices)"" % len(VOICES)",,Docstring,,FALSE,FALSE,FALSE,FALSE,FALSE,FALSE
28032,https://github.com/kokimame/joytan,ce1b5f0b5d9c5e19336b40861b83696683c3f22c,joytan,joytan/joytan/speaker/service/naver.py,naver.py,https://github.com/kokimame/joytan/blob/ce1b5f0b5d9c5e19336b40861b83696683c3f22c/joytan/speaker/service/naver.py#L17,"# along with this program.  If not, see <http://www.gnu.org/licenses/>.

""""""NAVER Translate""""""

from .base import Service","(This one is fine, it is the NAVER Translate one)",file descriptor,,FALSE,FALSE,FALSE,FALSE,FALSE,FALSE
132515,https://github.com/ColinEberhardt/kartlog,de24d75f4f5406637d589bf56d51ef6c32727952,kartlog,kartlog/test/test_chat_deepeval.py,test_chat_deepeval.py,https://github.com/ColinEberhardt/kartlog/blob/de24d75f4f5406637d589bf56d51ef6c32727952/test/test_chat_deepeval.py#L41,"    user_input = ""What sport can you help me with?""
    
    # Get the actual response from the real chat implementation
    actual_output = run_chat(user_input)
    ",,1-2 lines no loop direct explainer,,FALSE,FALSE,FALSE,FALSE,FALSE,FALSE
336612,https://github.com/hshadab/kinic-api,f150bf959cdc94696424ecccd09ebe94d3975b23,kinic-api,kinic-api/venv/lib/python3.12/site-packages/flask_cors/core.py,core.py,https://github.com/hshadab/kinic-api/blob/f150bf959cdc94696424ecccd09ebe94d3975b23/venv/lib/python3.12/site-packages/flask_cors/core.py#L198,"        headers[ACL_RESPONSE_PRIVATE_NETWORK] = allow_private_network

    # This is a preflight request
    # http://www.w3.org/TR/cors/#resource-preflight-requests
    if request_method == ""OPTIONS"":
        acl_request_method = request_headers.get(ACL_REQUEST_METHOD, """").upper()",, qualitative comment, qualitative comment,FALSE,FALSE,FALSE,FALSE,FALSE,FALSE
336983,https://github.com/hshadab/kinic-api,f150bf959cdc94696424ecccd09ebe94d3975b23,kinic-api,kinic-api/venv/lib/python3.12/site-packages/jinja2/sandbox.py,sandbox.py,https://github.com/hshadab/kinic-api/blob/f150bf959cdc94696424ecccd09ebe94d3975b23/venv/lib/python3.12/site-packages/jinja2/sandbox.py#L395,"        """"""Call an object from sandboxed code.""""""

        # the double prefixes are to avoid double keyword argument
        # errors when proxying the call.
        if not __self.is_safe_callable(__obj):
            raise SecurityError(f""{__obj!r} is not safely callable"")",, qualitative comment,,FALSE,TRUE,FALSE,FALSE,FALSE,FALSE
337783,https://github.com/hshadab/kinic-api,f150bf959cdc94696424ecccd09ebe94d3975b23,kinic-api,kinic-api/venv/lib/python3.12/site-packages/mouseinfo/__init__.py,__init__.py,https://github.com/hshadab/kinic-api/blob/f150bf959cdc94696424ecccd09ebe94d3975b23/venv/lib/python3.12/site-packages/mouseinfo/__init__.py#L297,"        # Update the XY and RGB text fields in the MouseInfo window.

        # Get the XY coordinates of the current mouse position:
        x, y = position()
        self.xyTextboxSV.set('%s,%s' % (x - self.xOrigin, y - self.yOrigin))",,1-2 lines no loop direct explainer,,FALSE,FALSE,FALSE,FALSE,FALSE,FALSE
337873,https://github.com/hshadab/kinic-api,f150bf959cdc94696424ecccd09ebe94d3975b23,kinic-api,kinic-api/venv/lib/python3.12/site-packages/mouseinfo/__init__.py,__init__.py,https://github.com/hshadab/kinic-api/blob/f150bf959cdc94696424ecccd09ebe94d3975b23/venv/lib/python3.12/site-packages/mouseinfo/__init__.py#L718,"        self.xyLogButton.bind('<Return>', self._logXyMouseInfo)

        # WIDGETS ON ROW 4:
        CUR_ROW += 1
",,1-2 lines no loop direct explainer,,FALSE,FALSE,FALSE,FALSE,FALSE,TRUE
338907,https://github.com/hshadab/kinic-api,f150bf959cdc94696424ecccd09ebe94d3975b23,kinic-api,kinic-api/venv/lib/python3.12/site-packages/werkzeug/datastructures/headers.py,headers.py,https://github.com/hshadab/kinic-api/blob/f150bf959cdc94696424ecccd09ebe94d3975b23/venv/lib/python3.12/site-packages/werkzeug/datastructures/headers.py#L402,"        for idx, (old_key, _) in enumerate(iter_list):
            if old_key.lower() == ikey:
                # replace first occurrence
                self._list[idx] = (key, value_str)
                break",,1-2 lines no loop direct explainer,,FALSE,FALSE,FALSE,FALSE,FALSE,FALSE
342741,https://github.com/hshadab/kinic-api,f150bf959cdc94696424ecccd09ebe94d3975b23,kinic-api,kinic-api/venv/lib/python3.12/site-packages/pip/_internal/cli/cmdoptions.py,cmdoptions.py,https://github.com/hshadab/kinic-api/blob/f150bf959cdc94696424ecccd09ebe94d3975b23/venv/lib/python3.12/site-packages/pip/_internal/cli/cmdoptions.py#L794,"        raise_option_error(parser, option=option, msg=msg)

    # Otherwise, --no-use-pep517 was passed via the command-line.
    parser.values.use_pep517 = False
",,1-2 lines no loop direct explainer,,FALSE,FALSE,FALSE,FALSE,FALSE,FALSE
381231,https://github.com/hshadab/kinic-api,f150bf959cdc94696424ecccd09ebe94d3975b23,kinic-api,kinic-api/venv/lib/python3.12/site-packages/pip/_vendor/tomli/_parser.py,_parser.py,https://github.com/hshadab/kinic-api/blob/f150bf959cdc94696424ecccd09ebe94d3975b23/venv/lib/python3.12/site-packages/pip/_vendor/tomli/_parser.py#L616,"        return parse_array(src, pos, parse_float)

    # Inline tables
    if char == ""{"":
        return parse_inline_table(src, pos, parse_float)",,1-2 lines no loop direct explainer,1-2 lines no loop direct explainer,FALSE,FALSE,FALSE,FALSE,FALSE,FALSE
384298,https://github.com/hshadab/kinic-api,f150bf959cdc94696424ecccd09ebe94d3975b23,kinic-api,kinic-api/venv/lib/python3.12/site-packages/Xlib/protocol/rq.py,rq.py,https://github.com/hshadab/kinic-api/blob/f150bf959cdc94696424ecccd09ebe94d3975b23/venv/lib/python3.12/site-packages/Xlib/protocol/rq.py#L1390,"                data = data[5:]

            # skip null strings
            elif _bytes_item(data[0]) == 0 and _bytes_item(data[1]) == 0:
                data = data[2:]",,1-2 lines no loop direct explainer,,FALSE,FALSE,FALSE,FALSE,FALSE,FALSE
385131,https://github.com/hshadab/kinic-api,f150bf959cdc94696424ecccd09ebe94d3975b23,kinic-api,kinic-api/demos/simple-vulnerability-agents.py,simple-vulnerability-agents.py,https://github.com/hshadab/kinic-api/blob/f150bf959cdc94696424ecccd09ebe94d3975b23/demos/simple-vulnerability-agents.py#L63,"        """"""Code Quality Agent analyzes code for issues""""""
        print(f""\n🔍 CODE QUALITY AGENT: Analyzing {code_name}..."")
        time.sleep(1)  # Simulate processing
        
        # Simple pattern detection (simulating AI analysis)",,1-2 lines no loop direct explainer,,FALSE,FALSE,FALSE,FALSE,FALSE,FALSE
340909,https://github.com/hshadab/kinic-api,f150bf959cdc94696424ecccd09ebe94d3975b23,kinic-api,kinic-api/venv/lib/python3.12/site-packages/PIL/PdfImagePlugin.py,PdfImagePlugin.py,https://github.com/hshadab/kinic-api/blob/f150bf959cdc94696424ecccd09ebe94d3975b23/venv/lib/python3.12/site-packages/PIL/PdfImagePlugin.py#L95,"    elif im.mode == ""LA"":
        decode_filter = ""JPXDecode""
        # params = f""<< /Predictor 15 /Columns {width-2} >>""
        procset = ""ImageB""  # grayscale
        dict_obj[""SMaskInData""] = 1",,Commented out code,,FALSE,FALSE,FALSE,FALSE,FALSE,FALSE
335542,https://github.com/hshadab/kinic-api,f150bf959cdc94696424ecccd09ebe94d3975b23,kinic-api,kinic-api/base-integration/kinic-base-agent.py,kinic-base-agent.py,https://github.com/hshadab/kinic-api/blob/f150bf959cdc94696424ecccd09ebe94d3975b23/base-integration/kinic-base-agent.py#L89,"    """"""Check if Kinic extension appears to be available""""""
    try:
        # Try to click the Kinic button area (non-destructive check)
        screen_width, screen_height = pyautogui.size()
        kinic_x, kinic_y = config['kinic_x'], config['kinic_y']",,Control flow/program logic,,FALSE,FALSE,FALSE,FALSE,FALSE,FALSE
339626,https://github.com/hshadab/kinic-api,f150bf959cdc94696424ecccd09ebe94d3975b23,kinic-api,kinic-api/venv/lib/python3.12/site-packages/PIL/MpoImagePlugin.py,MpoImagePlugin.py,https://github.com/hshadab/kinic-api/blob/f150bf959cdc94696424ecccd09ebe94d3975b23/venv/lib/python3.12/site-packages/PIL/MpoImagePlugin.py#L150,"            del self.info[""exif""]

        self.fp.seek(self.offset + 2)  # skip SOI marker
        if not self.fp.read(2):
            msg = ""No data found for frame""",,Control flow/program logic,Control flow/program logic,FALSE,TRUE,FALSE,FALSE,FALSE,FALSE
335811,https://github.com/hshadab/kinic-api,f150bf959cdc94696424ecccd09ebe94d3975b23,kinic-api,kinic-api/venv/lib/python3.12/site-packages/flask/sessions.py,sessions.py,https://github.com/hshadab/kinic-api/blob/f150bf959cdc94696424ecccd09ebe94d3975b23/venv/lib/python3.12/site-packages/flask/sessions.py#L175,"
    def is_null_session(self, obj: object) -> bool:
        """"""Checks if a given object is a null session.  Null sessions are
        not asked to be saved.

        This checks if the object is an instance of :attr:`null_session_class`
        by default.
        """"""
        return isinstance(obj, self.null_session_class)
",,Docstring,,FALSE,FALSE,FALSE,FALSE,FALSE,FALSE
342976,https://github.com/hshadab/kinic-api,f150bf959cdc94696424ecccd09ebe94d3975b23,kinic-api,kinic-api/venv/lib/python3.12/site-packages/pip/_internal/operations/install/wheel.py,wheel.py,https://github.com/hshadab/kinic-api/blob/f150bf959cdc94696424ecccd09ebe94d3975b23/venv/lib/python3.12/site-packages/pip/_internal/operations/install/wheel.py#L86,"
def csv_io_kwargs(mode: str) -> Dict[str, Any]:
    """"""Return keyword arguments to properly open a CSV file
    in the given mode.
    """"""
    return {""mode"": mode, ""newline"": """", ""encoding"": ""utf-8""}
",,Docstring,,FALSE,FALSE,FALSE,FALSE,FALSE,FALSE
384925,https://github.com/hshadab/kinic-api,f150bf959cdc94696424ecccd09ebe94d3975b23,kinic-api,kinic-api/venv/lib/python3.12/site-packages/itsdangerous/encoding.py,encoding.py,https://github.com/hshadab/kinic-api/blob/f150bf959cdc94696424ecccd09ebe94d3975b23/venv/lib/python3.12/site-packages/itsdangerous/encoding.py#L27,"
def base64_decode(string: str | bytes) -> bytes:
    """"""Base64 decode a URL-safe string of bytes or text. The result is
    bytes.
    """"""
    string = want_bytes(string, encoding=""ascii"", errors=""ignore"")
    string += b""="" * (-len(string) % 4)",,Docstring,,FALSE,FALSE,FALSE,FALSE,FALSE,FALSE
345921,https://github.com/hshadab/kinic-api,f150bf959cdc94696424ecccd09ebe94d3975b23,kinic-api,kinic-api/venv/lib/python3.12/site-packages/pip/_vendor/chardet/langhungarianmodel.py,langhungarianmodel.py,https://github.com/hshadab/kinic-api/blob/f150bf959cdc94696424ecccd09ebe94d3975b23/venv/lib/python3.12/site-packages/pip/_vendor/chardet/langhungarianmodel.py#L1446,"        49: 1,  # 'G'
        38: 1,  # 'H'
        39: 2,  # 'I'
        53: 1,  # 'J'
        36: 1,  # 'K'",,human explainability ,,FALSE,FALSE,FALSE,FALSE,FALSE,FALSE
347334,https://github.com/hshadab/kinic-api,f150bf959cdc94696424ecccd09ebe94d3975b23,kinic-api,kinic-api/venv/lib/python3.12/site-packages/pip/_vendor/chardet/langhungarianmodel.py,langhungarianmodel.py,https://github.com/hshadab/kinic-api/blob/f150bf959cdc94696424ecccd09ebe94d3975b23/venv/lib/python3.12/site-packages/pip/_vendor/chardet/langhungarianmodel.py#L2881,"        41: 0,  # 'L'
        34: 0,  # 'M'
        35: 0,  # 'N'
        47: 0,  # 'O'
        46: 0,  # 'P'",,human explainability ,,FALSE,FALSE,FALSE,FALSE,FALSE,FALSE
347441,https://github.com/hshadab/kinic-api,f150bf959cdc94696424ecccd09ebe94d3975b23,kinic-api,kinic-api/venv/lib/python3.12/site-packages/pip/_vendor/chardet/langhungarianmodel.py,langhungarianmodel.py,https://github.com/hshadab/kinic-api/blob/f150bf959cdc94696424ecccd09ebe94d3975b23/venv/lib/python3.12/site-packages/pip/_vendor/chardet/langhungarianmodel.py#L2989,"        14: 3,  # 'á'
        15: 3,  # 'é'
        30: 2,  # 'í'
        25: 2,  # 'ó'
        24: 3,  # 'ö'",,human explainability ,,FALSE,FALSE,FALSE,FALSE,FALSE,FALSE
349290,https://github.com/hshadab/kinic-api,f150bf959cdc94696424ecccd09ebe94d3975b23,kinic-api,kinic-api/venv/lib/python3.12/site-packages/pip/_vendor/chardet/mbcssm.py,mbcssm.py,https://github.com/hshadab/kinic-api/blob/f150bf959cdc94696424ecccd09ebe94d3975b23/venv/lib/python3.12/site-packages/pip/_vendor/chardet/mbcssm.py#L372,"    6, 6, 6, 6, 6, 6, 6, 6,  # 88 - 8f
    6, 6, 6, 6, 6, 6, 6, 6,  # 90 - 97
    6, 6, 6, 6, 6, 6, 6, 6,  # 98 - 9f
    6, 6, 6, 6, 6, 6, 6, 6,  # a0 - a7
    6, 6, 6, 6, 6, 6, 6, 6,  # a8 - af",,human explainability ,,FALSE,FALSE,FALSE,FALSE,FALSE,FALSE
349955,https://github.com/hshadab/kinic-api,f150bf959cdc94696424ecccd09ebe94d3975b23,kinic-api,kinic-api/venv/lib/python3.12/site-packages/pip/_vendor/chardet/langthaimodel.py,langthaimodel.py,https://github.com/hshadab/kinic-api/blob/f150bf959cdc94696424ecccd09ebe94d3975b23/venv/lib/python3.12/site-packages/pip/_vendor/chardet/langthaimodel.py#L475,"        57: 0,  # 'ฏ'
        49: 0,  # 'ฐ'
        53: 0,  # 'ฑ'
        55: 0,  # 'ฒ'
        43: 0,  # 'ณ'",,human explainability ,,FALSE,FALSE,FALSE,FALSE,FALSE,FALSE
349989,https://github.com/hshadab/kinic-api,f150bf959cdc94696424ecccd09ebe94d3975b23,kinic-api,kinic-api/venv/lib/python3.12/site-packages/pip/_vendor/chardet/langthaimodel.py,langthaimodel.py,https://github.com/hshadab/kinic-api/blob/f150bf959cdc94696424ecccd09ebe94d3975b23/venv/lib/python3.12/site-packages/pip/_vendor/chardet/langthaimodel.py#L509,"        23: 1,  # 'ิ'
        13: 2,  # 'ี'
        40: 3,  # 'ึ'
        27: 2,  # 'ื'
        32: 1,  # 'ุ'",,human explainability ,,FALSE,FALSE,FALSE,FALSE,FALSE,FALSE
350102,https://github.com/hshadab/kinic-api,f150bf959cdc94696424ecccd09ebe94d3975b23,kinic-api,kinic-api/venv/lib/python3.12/site-packages/pip/_vendor/chardet/langthaimodel.py,langthaimodel.py,https://github.com/hshadab/kinic-api/blob/f150bf959cdc94696424ecccd09ebe94d3975b23/venv/lib/python3.12/site-packages/pip/_vendor/chardet/langthaimodel.py#L624,"        16: 0,  # 'ย'
        2: 0,  # 'ร'
        61: 0,  # 'ฤ'
        15: 0,  # 'ล'
        12: 0,  # 'ว'",,human explainability ,,FALSE,FALSE,FALSE,FALSE,FALSE,FALSE
352714,https://github.com/hshadab/kinic-api,f150bf959cdc94696424ecccd09ebe94d3975b23,kinic-api,kinic-api/venv/lib/python3.12/site-packages/pip/_vendor/chardet/langthaimodel.py,langthaimodel.py,https://github.com/hshadab/kinic-api/blob/f150bf959cdc94696424ecccd09ebe94d3975b23/venv/lib/python3.12/site-packages/pip/_vendor/chardet/langthaimodel.py#L3277,"        44: 1,  # 'ถ'
        14: 3,  # 'ท'
        48: 1,  # 'ธ'
        3: 3,  # 'น'
        17: 3,  # 'บ'",,human explainability ,,FALSE,FALSE,FALSE,FALSE,FALSE,FALSE
353031,https://github.com/hshadab/kinic-api,f150bf959cdc94696424ecccd09ebe94d3975b23,kinic-api,kinic-api/venv/lib/python3.12/site-packages/pip/_vendor/chardet/langthaimodel.py,langthaimodel.py,https://github.com/hshadab/kinic-api/blob/f150bf959cdc94696424ecccd09ebe94d3975b23/venv/lib/python3.12/site-packages/pip/_vendor/chardet/langthaimodel.py#L3599,"        43: 0,  # 'ณ'
        20: 0,  # 'ด'
        19: 0,  # 'ต'
        44: 0,  # 'ถ'
        14: 0,  # 'ท'",,human explainability ,,FALSE,FALSE,FALSE,FALSE,FALSE,FALSE
353114,https://github.com/hshadab/kinic-api,f150bf959cdc94696424ecccd09ebe94d3975b23,kinic-api,kinic-api/venv/lib/python3.12/site-packages/pip/_vendor/chardet/langthaimodel.py,langthaimodel.py,https://github.com/hshadab/kinic-api/blob/f150bf959cdc94696424ecccd09ebe94d3975b23/venv/lib/python3.12/site-packages/pip/_vendor/chardet/langthaimodel.py#L3683,"        12: 2,  # 'ว'
        42: 0,  # 'ศ'
        46: 0,  # 'ษ'
        18: 1,  # 'ส'
        21: 0,  # 'ห'",,human explainability ,,FALSE,FALSE,FALSE,FALSE,FALSE,FALSE
353596,https://github.com/hshadab/kinic-api,f150bf959cdc94696424ecccd09ebe94d3975b23,kinic-api,kinic-api/venv/lib/python3.12/site-packages/pip/_vendor/chardet/langthaimodel.py,langthaimodel.py,https://github.com/hshadab/kinic-api/blob/f150bf959cdc94696424ecccd09ebe94d3975b23/venv/lib/python3.12/site-packages/pip/_vendor/chardet/langthaimodel.py#L4180,"    66: 106,  # 'B'
    67: 107,  # 'C'
    68: 100,  # 'D'
    69: 183,  # 'E'
    70: 184,  # 'F'",,human explainability ,,FALSE,FALSE,FALSE,FALSE,FALSE,FALSE
355539,https://github.com/hshadab/kinic-api,f150bf959cdc94696424ecccd09ebe94d3975b23,kinic-api,kinic-api/venv/lib/python3.12/site-packages/pip/_vendor/chardet/langbulgarianmodel.py,langbulgarianmodel.py,https://github.com/hshadab/kinic-api/blob/f150bf959cdc94696424ecccd09ebe94d3975b23/venv/lib/python3.12/site-packages/pip/_vendor/chardet/langbulgarianmodel.py#L1778,"        46: 0,  # 'Л'
        38: 0,  # 'М'
        36: 0,  # 'Н'
        41: 1,  # 'О'
        30: 0,  # 'П'",,human explainability ,,FALSE,FALSE,FALSE,FALSE,FALSE,FALSE
355715,https://github.com/hshadab/kinic-api,f150bf959cdc94696424ecccd09ebe94d3975b23,kinic-api,kinic-api/venv/lib/python3.12/site-packages/pip/_vendor/chardet/langbulgarianmodel.py,langbulgarianmodel.py,https://github.com/hshadab/kinic-api/blob/f150bf959cdc94696424ecccd09ebe94d3975b23/venv/lib/python3.12/site-packages/pip/_vendor/chardet/langbulgarianmodel.py#L1957,"        62: 0,  # '№'
    },
    56: {  # 'Я'
        63: 0,  # 'e'
        45: 0,  # '\xad'",,human explainability ,,FALSE,FALSE,FALSE,FALSE,FALSE,FALSE
356743,https://github.com/hshadab/kinic-api,f150bf959cdc94696424ecccd09ebe94d3975b23,kinic-api,kinic-api/venv/lib/python3.12/site-packages/pip/_vendor/chardet/langbulgarianmodel.py,langbulgarianmodel.py,https://github.com/hshadab/kinic-api/blob/f150bf959cdc94696424ecccd09ebe94d3975b23/venv/lib/python3.12/site-packages/pip/_vendor/chardet/langbulgarianmodel.py#L3001,"        45: 0,  # '\xad'
        31: 0,  # 'А'
        32: 0,  # 'Б'
        35: 0,  # 'В'
        43: 0,  # 'Г'",,human explainability ,,FALSE,FALSE,FALSE,FALSE,FALSE,FALSE
356941,https://github.com/hshadab/kinic-api,f150bf959cdc94696424ecccd09ebe94d3975b23,kinic-api,kinic-api/venv/lib/python3.12/site-packages/pip/_vendor/chardet/langbulgarianmodel.py,langbulgarianmodel.py,https://github.com/hshadab/kinic-api/blob/f150bf959cdc94696424ecccd09ebe94d3975b23/venv/lib/python3.12/site-packages/pip/_vendor/chardet/langbulgarianmodel.py#L3202,"        44: 0,  # 'Е'
        55: 0,  # 'Ж'
        47: 0,  # 'З'
        40: 0,  # 'И'
        59: 0,  # 'Й'",,human explainability ,,FALSE,FALSE,FALSE,FALSE,FALSE,FALSE
357179,https://github.com/hshadab/kinic-api,f150bf959cdc94696424ecccd09ebe94d3975b23,kinic-api,kinic-api/venv/lib/python3.12/site-packages/pip/_vendor/chardet/langbulgarianmodel.py,langbulgarianmodel.py,https://github.com/hshadab/kinic-api/blob/f150bf959cdc94696424ecccd09ebe94d3975b23/venv/lib/python3.12/site-packages/pip/_vendor/chardet/langbulgarianmodel.py#L3443,"        22: 0,  # 'ц'
        21: 1,  # 'ч'
        27: 0,  # 'ш'
        24: 0,  # 'щ'
        17: 2,  # 'ъ'",,human explainability ,,FALSE,FALSE,FALSE,FALSE,FALSE,FALSE
357597,https://github.com/hshadab/kinic-api,f150bf959cdc94696424ecccd09ebe94d3975b23,kinic-api,kinic-api/venv/lib/python3.12/site-packages/pip/_vendor/chardet/langbulgarianmodel.py,langbulgarianmodel.py,https://github.com/hshadab/kinic-api/blob/f150bf959cdc94696424ecccd09ebe94d3975b23/venv/lib/python3.12/site-packages/pip/_vendor/chardet/langbulgarianmodel.py#L3868,"        49: 0,  # 'Х'
        53: 0,  # 'Ц'
        50: 0,  # 'Ч'
        54: 0,  # 'Ш'
        57: 0,  # 'Щ'",,human explainability ,,FALSE,FALSE,FALSE,FALSE,FALSE,FALSE
358759,https://github.com/hshadab/kinic-api,f150bf959cdc94696424ecccd09ebe94d3975b23,kinic-api,kinic-api/venv/lib/python3.12/site-packages/pip/_vendor/chardet/langhebrewmodel.py,langhebrewmodel.py,https://github.com/hshadab/kinic-api/blob/f150bf959cdc94696424ecccd09ebe94d3975b23/venv/lib/python3.12/site-packages/pip/_vendor/chardet/langhebrewmodel.py#L74,"    60: {  # 'c'
        50: 1,  # 'a'
        60: 1,  # 'c'
        61: 0,  # 'd'
        42: 1,  # 'e'",,human explainability ,,FALSE,FALSE,FALSE,FALSE,FALSE,FALSE
359796,https://github.com/hshadab/kinic-api,f150bf959cdc94696424ecccd09ebe94d3975b23,kinic-api,kinic-api/venv/lib/python3.12/site-packages/pip/_vendor/chardet/langhebrewmodel.py,langhebrewmodel.py,https://github.com/hshadab/kinic-api/blob/f150bf959cdc94696424ecccd09ebe94d3975b23/venv/lib/python3.12/site-packages/pip/_vendor/chardet/langhebrewmodel.py#L1127,"        34: 0,  # '\xa0'
        55: 0,  # '´'
        48: 0,  # '¼'
        39: 0,  # '½'
        57: 0,  # '¾'",,human explainability ,,FALSE,FALSE,FALSE,FALSE,FALSE,FALSE
361080,https://github.com/hshadab/kinic-api,f150bf959cdc94696424ecccd09ebe94d3975b23,kinic-api,kinic-api/venv/lib/python3.12/site-packages/pip/_vendor/chardet/langhebrewmodel.py,langhebrewmodel.py,https://github.com/hshadab/kinic-api/blob/f150bf959cdc94696424ecccd09ebe94d3975b23/venv/lib/python3.12/site-packages/pip/_vendor/chardet/langhebrewmodel.py#L2431,"        57: 0,  # '¾'
        30: 2,  # 'ְ'
        59: 1,  # 'ֱ'
        41: 2,  # 'ֲ'
        33: 2,  # 'ִ'",,human explainability ,,FALSE,FALSE,FALSE,FALSE,FALSE,FALSE
361730,https://github.com/hshadab/kinic-api,f150bf959cdc94696424ecccd09ebe94d3975b23,kinic-api,kinic-api/venv/lib/python3.12/site-packages/pip/_vendor/chardet/langhebrewmodel.py,langhebrewmodel.py,https://github.com/hshadab/kinic-api/blob/f150bf959cdc94696424ecccd09ebe94d3975b23/venv/lib/python3.12/site-packages/pip/_vendor/chardet/langhebrewmodel.py#L3091,"        62: 2,  # 'ֻ'
        28: 2,  # 'ּ'
        38: 0,  # 'ׁ'
        45: 0,  # 'ׂ'
        9: 2,  # 'א'",,human explainability ,,FALSE,FALSE,FALSE,FALSE,FALSE,FALSE
361744,https://github.com/hshadab/kinic-api,f150bf959cdc94696424ecccd09ebe94d3975b23,kinic-api,kinic-api/venv/lib/python3.12/site-packages/pip/_vendor/chardet/langhebrewmodel.py,langhebrewmodel.py,https://github.com/hshadab/kinic-api/blob/f150bf959cdc94696424ecccd09ebe94d3975b23/venv/lib/python3.12/site-packages/pip/_vendor/chardet/langhebrewmodel.py#L3105,"        25: 2,  # 'ך'
        15: 3,  # 'כ'
        4: 3,  # 'ל'
        11: 2,  # 'ם'
        6: 3,  # 'מ'",,human explainability ,,FALSE,FALSE,FALSE,FALSE,FALSE,FALSE
362371,https://github.com/hshadab/kinic-api,f150bf959cdc94696424ecccd09ebe94d3975b23,kinic-api,kinic-api/venv/lib/python3.12/site-packages/pip/_vendor/chardet/langhebrewmodel.py,langhebrewmodel.py,https://github.com/hshadab/kinic-api/blob/f150bf959cdc94696424ecccd09ebe94d3975b23/venv/lib/python3.12/site-packages/pip/_vendor/chardet/langhebrewmodel.py#L3742,"        28: 0,  # 'ּ'
        38: 0,  # 'ׁ'
        45: 0,  # 'ׂ'
        9: 1,  # 'א'
        8: 1,  # 'ב'",,human explainability ,,FALSE,FALSE,FALSE,FALSE,FALSE,FALSE
363478,https://github.com/hshadab/kinic-api,f150bf959cdc94696424ecccd09ebe94d3975b23,kinic-api,kinic-api/venv/lib/python3.12/site-packages/pip/_vendor/chardet/langrussianmodel.py,langrussianmodel.py,https://github.com/hshadab/kinic-api/blob/f150bf959cdc94696424ecccd09ebe94d3975b23/venv/lib/python3.12/site-packages/pip/_vendor/chardet/langrussianmodel.py#L412,"        38: 0,  # 'М'
        31: 1,  # 'Н'
        34: 1,  # 'О'
        35: 0,  # 'П'
        45: 0,  # 'Р'",,human explainability ,,FALSE,FALSE,FALSE,FALSE,FALSE,FALSE
364295,https://github.com/hshadab/kinic-api,f150bf959cdc94696424ecccd09ebe94d3975b23,kinic-api,kinic-api/venv/lib/python3.12/site-packages/pip/_vendor/chardet/langrussianmodel.py,langrussianmodel.py,https://github.com/hshadab/kinic-api/blob/f150bf959cdc94696424ecccd09ebe94d3975b23/venv/lib/python3.12/site-packages/pip/_vendor/chardet/langrussianmodel.py#L1242,"        16: 1,  # 'я'
    },
    52: {  # 'У'
        37: 1,  # 'А'
        44: 1,  # 'Б'",,human explainability ,,FALSE,FALSE,FALSE,FALSE,FALSE,FALSE
364910,https://github.com/hshadab/kinic-api,f150bf959cdc94696424ecccd09ebe94d3975b23,kinic-api,kinic-api/venv/lib/python3.12/site-packages/pip/_vendor/chardet/langrussianmodel.py,langrussianmodel.py,https://github.com/hshadab/kinic-api/blob/f150bf959cdc94696424ecccd09ebe94d3975b23/venv/lib/python3.12/site-packages/pip/_vendor/chardet/langrussianmodel.py#L1866,"        2: 0,  # 'е'
        24: 1,  # 'ж'
        20: 0,  # 'з'
        4: 0,  # 'и'
        23: 2,  # 'й'",,human explainability ,,FALSE,FALSE,FALSE,FALSE,FALSE,FALSE
365916,https://github.com/hshadab/kinic-api,f150bf959cdc94696424ecccd09ebe94d3975b23,kinic-api,kinic-api/venv/lib/python3.12/site-packages/pip/_vendor/chardet/langrussianmodel.py,langrussianmodel.py,https://github.com/hshadab/kinic-api/blob/f150bf959cdc94696424ecccd09ebe94d3975b23/venv/lib/python3.12/site-packages/pip/_vendor/chardet/langrussianmodel.py#L2888,"        40: 0,  # 'Т'
        52: 0,  # 'У'
        53: 0,  # 'Ф'
        55: 0,  # 'Х'
        58: 0,  # 'Ц'",,human explainability ,,FALSE,FALSE,FALSE,FALSE,FALSE,FALSE
366754,https://github.com/hshadab/kinic-api,f150bf959cdc94696424ecccd09ebe94d3975b23,kinic-api,kinic-api/venv/lib/python3.12/site-packages/pip/_vendor/chardet/langrussianmodel.py,langrussianmodel.py,https://github.com/hshadab/kinic-api/blob/f150bf959cdc94696424ecccd09ebe94d3975b23/venv/lib/python3.12/site-packages/pip/_vendor/chardet/langrussianmodel.py#L3739,"        57: 0,  # 'Ш'
        63: 0,  # 'Щ'
        62: 0,  # 'Ы'
        61: 0,  # 'Ь'
        47: 0,  # 'Э'",,human explainability ,,FALSE,FALSE,FALSE,FALSE,FALSE,FALSE
370918,https://github.com/hshadab/kinic-api,f150bf959cdc94696424ecccd09ebe94d3975b23,kinic-api,kinic-api/venv/lib/python3.12/site-packages/pip/_vendor/chardet/langgreekmodel.py,langgreekmodel.py,https://github.com/hshadab/kinic-api/blob/f150bf959cdc94696424ecccd09ebe94d3975b23/venv/lib/python3.12/site-packages/pip/_vendor/chardet/langgreekmodel.py#L2269,"        28: 0,  # 'φ'
        23: 3,  # 'χ'
        42: 0,  # 'ψ'
        24: 3,  # 'ω'
        19: 3,  # 'ό'",,human explainability ,,FALSE,FALSE,FALSE,FALSE,FALSE,FALSE
372717,https://github.com/hshadab/kinic-api,f150bf959cdc94696424ecccd09ebe94d3975b23,kinic-api,kinic-api/venv/lib/python3.12/site-packages/pip/_vendor/chardet/langgreekmodel.py,langgreekmodel.py,https://github.com/hshadab/kinic-api/blob/f150bf959cdc94696424ecccd09ebe94d3975b23/venv/lib/python3.12/site-packages/pip/_vendor/chardet/langgreekmodel.py#L4102,"    240: 9,  # 'π'
    241: 8,  # 'ρ'
    242: 14,  # 'ς'
    243: 7,  # 'σ'
    244: 2,  # 'τ'",,human explainability ,,FALSE,FALSE,FALSE,FALSE,FALSE,FALSE
375522,https://github.com/hshadab/kinic-api,f150bf959cdc94696424ecccd09ebe94d3975b23,kinic-api,kinic-api/venv/lib/python3.12/site-packages/pip/_vendor/chardet/langturkishmodel.py,langturkishmodel.py,https://github.com/hshadab/kinic-api/blob/f150bf959cdc94696424ecccd09ebe94d3975b23/venv/lib/python3.12/site-packages/pip/_vendor/chardet/langturkishmodel.py#L2127,"        4: 3,  # 'n'
        15: 1,  # 'o'
        26: 3,  # 'p'
        7: 3,  # 'r'
        8: 3,  # 's'",,human explainability ,,FALSE,FALSE,FALSE,FALSE,FALSE,FALSE
375848,https://github.com/hshadab/kinic-api,f150bf959cdc94696424ecccd09ebe94d3975b23,kinic-api,kinic-api/venv/lib/python3.12/site-packages/pip/_vendor/chardet/langturkishmodel.py,langturkishmodel.py,https://github.com/hshadab/kinic-api/blob/f150bf959cdc94696424ecccd09ebe94d3975b23/venv/lib/python3.12/site-packages/pip/_vendor/chardet/langturkishmodel.py#L2458,"        14: 3,  # 'u'
        32: 2,  # 'v'
        57: 0,  # 'w'
        58: 2,  # 'x'
        11: 3,  # 'y'",,human explainability ,,FALSE,FALSE,FALSE,FALSE,FALSE,FALSE
376030,https://github.com/hshadab/kinic-api,f150bf959cdc94696424ecccd09ebe94d3975b23,kinic-api,kinic-api/venv/lib/python3.12/site-packages/pip/_vendor/chardet/langturkishmodel.py,langturkishmodel.py,https://github.com/hshadab/kinic-api/blob/f150bf959cdc94696424ecccd09ebe94d3975b23/venv/lib/python3.12/site-packages/pip/_vendor/chardet/langturkishmodel.py#L2643,"        24: 2,  # 'j'
        10: 3,  # 'k'
        5: 3,  # 'l'
        13: 3,  # 'm'
        4: 3,  # 'n'",,human explainability ,,FALSE,FALSE,FALSE,FALSE,FALSE,FALSE
368686,https://github.com/hshadab/kinic-api,f150bf959cdc94696424ecccd09ebe94d3975b23,kinic-api,kinic-api/venv/lib/python3.12/site-packages/pip/_vendor/chardet/gb2312freq.py,gb2312freq.py,https://github.com/hshadab/kinic-api/blob/f150bf959cdc94696424ecccd09ebe94d3975b23/venv/lib/python3.12/site-packages/pip/_vendor/chardet/gb2312freq.py#L44,"GB2312_TABLE_SIZE = 3760

# fmt: off
GB2312_CHAR_TO_FREQ_ORDER = (
1671, 749,1443,2364,3924,3807,2330,3921,1704,3463,2691,1511,1515, 572,3191,2205,",,Instrumentation for automated tool,,FALSE,FALSE,FALSE,FALSE,FALSE,FALSE
381075,https://github.com/hshadab/kinic-api,f150bf959cdc94696424ecccd09ebe94d3975b23,kinic-api,kinic-api/venv/lib/python3.12/site-packages/pip/_vendor/requests/utils.py,utils.py,https://github.com/hshadab/kinic-api/blob/f150bf959cdc94696424ecccd09ebe94d3975b23/venv/lib/python3.12/site-packages/pip/_vendor/requests/utils.py#L680,"
def address_in_network(ip, net):
    """"""This function allows you to check if an IP belongs to a network subnet

    Example: returns True if ip = 192.168.1.1 and net = 192.168.1.0/24
             returns False if ip = 192.168.1.1 and net = 192.168.100.0/24

    :rtype: bool
    """"""
    ipaddr = struct.unpack(""=L"", socket.inet_aton(ip))[0]
    netaddr, bits = net.split(""/"")",,Structured Docstring,,FALSE,FALSE,FALSE,FALSE,FALSE,FALSE
381892,https://github.com/hshadab/kinic-api,f150bf959cdc94696424ecccd09ebe94d3975b23,kinic-api,kinic-api/venv/lib/python3.12/site-packages/pip/_vendor/rich/text.py,text.py,https://github.com/hshadab/kinic-api/blob/f150bf959cdc94696424ecccd09ebe94d3975b23/venv/lib/python3.12/site-packages/pip/_vendor/rich/text.py#L774,"
    def expand_tabs(self, tab_size: Optional[int] = None) -> None:
        """"""Converts tabs to spaces.

        Args:
            tab_size (int, optional): Size of tabs. Defaults to 8.

        """"""
        if ""\t"" not in self.plain:
            return",,Structured Docstring,,FALSE,FALSE,FALSE,FALSE,FALSE,FALSE
383670,https://github.com/hshadab/kinic-api,f150bf959cdc94696424ecccd09ebe94d3975b23,kinic-api,kinic-api/venv/lib/python3.12/site-packages/pip/_vendor/platformdirs/api.py,api.py,https://github.com/hshadab/kinic-api/blob/f150bf959cdc94696424ecccd09ebe94d3975b23/venv/lib/python3.12/site-packages/pip/_vendor/platformdirs/api.py#L210,"    @property
    def user_videos_path(self) -> Path:
        """""":return: videos path tied to the user""""""
        return Path(self.user_videos_dir)
",,Structured Docstring,Structured Docstring,FALSE,FALSE,FALSE,FALSE,FALSE,FALSE
383682,https://github.com/hshadab/kinic-api,f150bf959cdc94696424ecccd09ebe94d3975b23,kinic-api,kinic-api/venv/lib/python3.12/site-packages/pip/_vendor/platformdirs/android.py,android.py,https://github.com/hshadab/kinic-api/blob/f150bf959cdc94696424ecccd09ebe94d3975b23/venv/lib/python3.12/site-packages/pip/_vendor/platformdirs/android.py#L59,"    @property
    def user_log_dir(self) -> str:
        """"""
        :return: log directory tied to the user, same as `user_cache_dir` if not opinionated else ``log`` in it,
          e.g. ``/data/user/<userid>/<packagename>/cache/<AppName>/log``
        """"""
        path = self.user_cache_dir
        if self.opinion:",,Structured Docstring,,FALSE,FALSE,FALSE,FALSE,FALSE,FALSE
339085,https://github.com/hshadab/kinic-api,f150bf959cdc94696424ecccd09ebe94d3975b23,kinic-api,kinic-api/venv/lib/python3.12/site-packages/werkzeug/debug/__init__.py,__init__.py,https://github.com/hshadab/kinic-api/blob/f150bf959cdc94696424ecccd09ebe94d3975b23/venv/lib/python3.12/site-packages/werkzeug/debug/__init__.py#L424,"        else:
            if data is None:
                return NotFound()  # type: ignore[return-value]

            etag = str(adler32(data) & 0xFFFFFFFF)",,type comment,,FALSE,FALSE,FALSE,FALSE,FALSE,FALSE
380450,https://github.com/hshadab/kinic-api,f150bf959cdc94696424ecccd09ebe94d3975b23,kinic-api,kinic-api/venv/lib/python3.12/site-packages/pip/_vendor/cachecontrol/adapter.py,adapter.py,https://github.com/hshadab/kinic-api/blob/f150bf959cdc94696424ecccd09ebe94d3975b23/venv/lib/python3.12/site-packages/pip/_vendor/cachecontrol/adapter.py#L140,"                            self._fp._close()  # type: ignore[attr-defined]

                    response._update_chunk_length = types.MethodType(  # type: ignore[attr-defined]
                        _update_chunk_length, response
                    )",,type comment,,FALSE,FALSE,FALSE,FALSE,FALSE,FALSE
27548,https://github.com/wileyyugioh/kissanime_dl,61d0b3c457f47d599338a673aff9ddce80a214c5,kissanime_dl,kissanime_dl/kissanime_dl/__init__.py,__init__.py,https://github.com/wileyyugioh/kissanime_dl/blob/61d0b3c457f47d599338a673aff9ddce80a214c5/kissanime_dl/__init__.py#L581,"
    if(run_legacy or simulate or txtlinks):
        # Run in legacy mode
        def getDLUrls(queuee, links, ses, sleepy_time, sleepy_increment):
            count = 0",,Control flow/program logic,Control flow/program logic,FALSE,FALSE,FALSE,FALSE,FALSE,FALSE
127803,https://github.com/normaltusker/kotlin-mcp-server,5b74b26bbfc417e627f620474ab4eefd93949083,kotlin-mcp-server,kotlin-mcp-server/tools/intelligent_code_tools.py,intelligent_code_tools.py,https://github.com/normaltusker/kotlin-mcp-server/blob/5b74b26bbfc417e627f620474ab4eefd93949083/tools/intelligent_code_tools.py#L230,"
class IntelligentLintTool(IntelligentToolBase):
    """"""Enhanced linting with intelligent issue analysis and fix suggestions.""""""

    async def _execute_core_functionality(",,Docstring,,FALSE,FALSE,FALSE,FALSE,FALSE,FALSE
128928,https://github.com/normaltusker/kotlin-mcp-server,5b74b26bbfc417e627f620474ab4eefd93949083,kotlin-mcp-server,kotlin-mcp-server/tests/test_api_tools.py,test_api_tools.py,https://github.com/normaltusker/kotlin-mcp-server/blob/5b74b26bbfc417e627f620474ab4eefd93949083/tests/test_api_tools.py#L33,"    @pytest.mark.asyncio
    async def test_setup_ui_testing(self, server: KotlinMCPServer) -> None:
        """"""Test UI testing setup""""""
        result = await server.handle_call_tool(
            ""setup_ui_testing"", {""test_framework"": ""espresso"", ""include_page_objects"": True}",,Docstring,,FALSE,FALSE,FALSE,FALSE,FALSE,FALSE
127458,https://github.com/normaltusker/kotlin-mcp-server,5b74b26bbfc417e627f620474ab4eefd93949083,kotlin-mcp-server,kotlin-mcp-server/install.py,install.py,https://github.com/normaltusker/kotlin-mcp-server/blob/5b74b26bbfc417e627f620474ab4eefd93949083/install.py#L513,"        )

    # Step 8: Provide integration instructions based on configuration
    print(""\n📋 Integration Instructions:"")
",,Numbered Step,,FALSE,FALSE,TRUE,FALSE,FALSE,TRUE
120781,https://github.com/b4rtaz/learning-games-for-kids,57b6e3e1f07865dc1b32920197cfd7477b97838e,learning-games-for-kids,learning-games-for-kids/assets/letters/generate.py,generate.py,https://github.com/b4rtaz/learning-games-for-kids/blob/57b6e3e1f07865dc1b32920197cfd7477b97838e/assets/letters/generate.py#L63,"    manifest = []

    # Polish
    for symbol, spoken in list(PL_LETTER_NAMES.items()) + list(PL_DIGIT_WORDS.items()):
        text = repeat_text(spoken, REPEAT, REPEAT_SEP)",,section breaker,,FALSE,FALSE,FALSE,FALSE,FALSE,FALSE
144298,https://github.com/menelly/liberation,3a3b26bffee5b76a72d7fb10d4d79dccf9b5964b,liberation,liberation/chat-processor.py,chat-processor.py,https://github.com/menelly/liberation/blob/3a3b26bffee5b76a72d7fb10d4d79dccf9b5964b/chat-processor.py#L276,"                manifest_entries.append(metadata)
        
        # Create manifest
        manifest = {
            'generated_at': datetime.now().isoformat(),",,1-2 lines no loop direct explainer,,FALSE,FALSE,FALSE,FALSE,FALSE,FALSE
27255,https://github.com/LibrePhotos/librephotos,6d54b74a23eefb933fc73bf4004015930c01df32,librephotos,librephotos/api/places365/places365.py,places365.py,https://github.com/LibrePhotos/librephotos/blob/6d54b74a23eefb933fc73bf4004015930c01df32/api/places365/places365.py#L51,"        self.model.load_state_dict(state_dict)
        self.model.eval()
        # hook the feature extractor
        features_names = [
            ""layer4"",",,1-2 lines no loop direct explainer,,FALSE,FALSE,FALSE,FALSE,FALSE,FALSE
27344,https://github.com/LibrePhotos/librephotos,6d54b74a23eefb933fc73bf4004015930c01df32,librephotos,librephotos/api/views/views.py,views.py,https://github.com/LibrePhotos/librephotos/blob/6d54b74a23eefb933fc73bf4004015930c01df32/api/views/views.py#L240,"            return HttpResponse(status=404)

        # grant access if the requested photo is public
        if photo.public:
            response = HttpResponse()",,1-2 lines no loop direct explainer,,FALSE,FALSE,FALSE,FALSE,FALSE,FALSE
27253,https://github.com/LibrePhotos/librephotos,6d54b74a23eefb933fc73bf4004015930c01df32,librephotos,librephotos/api/places365/places365.py,places365.py,https://github.com/LibrePhotos/librephotos/blob/6d54b74a23eefb933fc73bf4004015930c01df32/api/places365/places365.py#L15,"from api.util import logger

# import warnings

torch.nn.Module.dump_patches = True",,Commented out code,,FALSE,FALSE,FALSE,FALSE,FALSE,FALSE
3684,https://github.com/Pammota/Litere2,883af2f57c0df7c3dd88277f6b6a9465b7daa639,Litere2,Litere2/main.py,main.py,https://github.com/Pammota/Litere2/blob/883af2f57c0df7c3dd88277f6b6a9465b7daa639/main.py#L1,"##!/usr/bin/env python3

#importing letter matrix and dict from letters.py
#LOL
from letters import *
","Either a file descriptor, or DE1",1-2 lines no loop direct explainer,,FALSE,FALSE,FALSE,FALSE,TRUE,FALSE
51365,https://github.com/domino14/liwords,437c427ae9a26fbdd1d4d2f5d0d75fdfb160fcdc,liwords,liwords/scripts/batchregister/register.py,register.py,https://github.com/domino14/liwords/blob/437c427ae9a26fbdd1d4d2f5d0d75fdfb160fcdc/scripts/batchregister/register.py#L1,"""""""
A script to batch register a list of users.
It will provide them with passwords.

""""""
import csv
import os",,file descriptor,,FALSE,FALSE,FALSE,FALSE,FALSE,FALSE
49160,https://github.com/anorman728/LostArt,15d966af294615973258a75f4d7686f78b57d88a,LostArt,LostArt/game_sleepy_hamlet.py,game_sleepy_hamlet.py,https://github.com/anorman728/LostArt/blob/15d966af294615973258a75f4d7686f78b57d88a/game_sleepy_hamlet.py#L232,"def part03(voice1, voice2):
    part01_01(voice1)    # Borrowed from part 1.
    part01_01_bk(voice2) # Borrowed from part 1.
    part01_02(voice1)    # Borrowed from part 1.
    part01_02_bk(voice2) # Borrowed from part 1.",, qualitative comment, qualitative comment,FALSE,FALSE,FALSE,FALSE,FALSE,FALSE
49221,https://github.com/anorman728/LostArt,15d966af294615973258a75f4d7686f78b57d88a,LostArt,LostArt/kefka.py,kefka.py,https://github.com/anorman728/LostArt/blob/15d966af294615973258a75f4d7686f78b57d88a/kefka.py#L66,"filename = 'Output/kefka.mid'
comp.writeToFile(filename)
#os.system('fluidsynth -a alsa -g 2 /usr/share/sounds/sf2/FluidR3_GM.sf2 ./' + filename)",,Commented out code,,FALSE,FALSE,FALSE,FALSE,FALSE,FALSE
49670,https://github.com/anorman728/LostArt,15d966af294615973258a75f4d7686f78b57d88a,LostArt,LostArt/src/Voice.py,Voice.py,https://github.com/anorman728/LostArt/blob/15d966af294615973258a75f4d7686f78b57d88a/src/Voice.py#L482,"        # Find every key that includes all of the notes in the specified scale.
        for key in range(0,12):
            contained = True # Assume true until disproven.
            for note in noteArr:
                if not Voice.belongsInKey(note, key, scale):",,Control flow/program logic,,FALSE,FALSE,FALSE,FALSE,FALSE,FALSE
49192,https://github.com/anorman728/LostArt,15d966af294615973258a75f4d7686f78b57d88a,LostArt,LostArt/game_what_was_found.py,game_what_was_found.py,https://github.com/anorman728/LostArt/blob/15d966af294615973258a75f4d7686f78b57d88a/game_what_was_found.py#L70,"
def main_perc(voice, durMult = 1): # durMult * 8 beats
    ''' Beats = durMult * 8 '''
    for x in range(0, 4):
        voice.note(60, 2 * durMult)",,Function Explainer,,FALSE,FALSE,FALSE,FALSE,FALSE,FALSE
49308,https://github.com/anorman728/LostArt,15d966af294615973258a75f4d7686f78b57d88a,LostArt,LostArt/mouse_utopia_instrumental.py,mouse_utopia_instrumental.py,https://github.com/anorman728/LostArt/blob/15d966af294615973258a75f4d7686f78b57d88a/mouse_utopia_instrumental.py#L615,"    voice1.asyncScaledNote(-3, 6)
    voice1.scaledNote(0, 2)
    # (3)

    # No mercy.",,Numbered Step,,FALSE,FALSE,FALSE,FALSE,FALSE,TRUE
34230,https://github.com/AlexGascon/MalTiempoBot,902db6bb2ea4e652003aeebfddc375105557fe5a,MalTiempoBot,MalTiempoBot/src/utils.py,utils.py,https://github.com/AlexGascon/MalTiempoBot/blob/902db6bb2ea4e652003aeebfddc375105557fe5a/src/utils.py#L129,"
def ask_user_location(bot, message):
    """"""Asks the user for his location""""""
    bot.reply_to(message, 'No sé com vols que et diga el temps si no em passes la teua ubicació...')
    bot.send_message(message.chat.id, 'Enviam la teua ubicació i torna a preguntarme pel temps')",,Docstring,,FALSE,FALSE,FALSE,FALSE,FALSE,FALSE
124405,https://github.com/Lyellr88/MARM-Systems,ef579c0981e35db78df01e2b788108c12c8252ab,MARM-Systems,MARM-Systems/marm-mcp-server/tests/test_mcp_size_limits.py,test_mcp_size_limits.py,https://github.com/Lyellr88/MARM-Systems/blob/ef579c0981e35db78df01e2b788108c12c8252ab/marm-mcp-server/tests/test_mcp_size_limits.py#L196,"            ""summary"": ""\n"".join([
                f""**2025-01-15 10:{i:02d}:00** [milestone-{i}]: Very long summary text that contains detailed information about what was accomplished during this particular session milestone including technical details, decisions made, and outcomes achieved."" 
                for i in range(5000)  # 5000 entries with long summaries
            ])
        }",,2-5 or loop DE,,FALSE,FALSE,FALSE,FALSE,FALSE,FALSE
123840,https://github.com/Lyellr88/MARM-Systems,ef579c0981e35db78df01e2b788108c12c8252ab,MARM-Systems,MARM-Systems/marm-mcp-server/server_stdio.py,server_stdio.py,https://github.com/Lyellr88/MARM-Systems/blob/ef579c0981e35db78df01e2b788108c12c8252ab/marm-mcp-server/server_stdio.py#L793,"@mcp.tool()
async def marm_reload_docs() -> dict:
    """"""
    🔄 Reload documentation into memory system
    """"""
    try:
        protocol_content = await read_protocol_file()",,Docstring,,FALSE,FALSE,TRUE,FALSE,FALSE,FALSE
127076,https://github.com/officebeats/matrix-iptv,6e6de21ae2e04464a04c00cd26833cbd2655a85a,matrix-iptv,matrix-iptv/scripts/benchmark_playlists.py,benchmark_playlists.py,https://github.com/officebeats/matrix-iptv/blob/6e6de21ae2e04464a04c00cd26833cbd2655a85a/scripts/benchmark_playlists.py#L16,"    
    try:
        # 1. Categories
        start = time.time()
        cat_url = f""{acc['url']}/player_api.php?username={acc['user']}&password={acc['pass']}&action=get_live_categories""",,Numbered Step,,FALSE,FALSE,FALSE,FALSE,FALSE,FALSE
331601,https://github.com/elusznik/mcp-server-code-execution-mode,27d23b8e2c7666c442708d02dbe4e838e9a63038,mcp-server-code-execution-mode,mcp-server-code-execution-mode/mcp_server_code_execution_mode.py,mcp_server_code_execution_mode.py,https://github.com/elusznik/mcp-server-code-execution-mode/blob/27d23b8e2c7666c442708d02dbe4e838e9a63038/mcp_server_code_execution_mode.py#L1597,"                            stderr=init_stderr,
                        )
                    # After init, loop will retry info/start sequence
                    continue
",,Control flow/program logic,,FALSE,FALSE,FALSE,FALSE,FALSE,FALSE
27016,https://github.com/AmeyKamat/MEERA,30635b68995a9ce17024a76eb1b23cc1c300404f,MEERA,MEERA/src/evaluator.py,evaluator.py,https://github.com/AmeyKamat/MEERA/blob/30635b68995a9ce17024a76eb1b23cc1c300404f/src/evaluator.py#L77,"

# analyse entites

def get_entites_model_accuracy(test_data):",,Function Explainer,,FALSE,FALSE,FALSE,FALSE,FALSE,FALSE
48877,https://github.com/sakkshm/MemeBot,0715f3823379c50950525966372d3e1c00d35c54,MemeBot,MemeBot/ocrImg.py,ocrImg.py,https://github.com/sakkshm/MemeBot/blob/0715f3823379c50950525966372d3e1c00d35c54/ocrImg.py#L3,"

im = Image.open(""temp4.jpg"") # the second one 
im = im.filter(ImageFilter.MedianFilter())
enhancer = ImageEnhance.Contrast(im)",, qualitative comment, qualitative comment,FALSE,FALSE,FALSE,FALSE,FALSE,FALSE
30101,https://github.com/rish-16/Metroplex,e02fb271430265a00e72f84e5205bda9b37cf7f7,Metroplex,Metroplex/src/main.py,main.py,https://github.com/rish-16/Metroplex/blob/e02fb271430265a00e72f84e5205bda9b37cf7f7/src/main.py#L75,"all_images = []

# simulated annealing
print (""Generating image..."")
for i in range(len(temps)):",,2-5 or loop DE,,FALSE,FALSE,FALSE,FALSE,FALSE,FALSE
62484,https://github.com/JoaquinRuiz/misco-agent,ce79dd4e9a27a91581d5e605ece94835feb22854,misco-agent,misco-agent/misco_tools.py,misco_tools.py,https://github.com/JoaquinRuiz/misco-agent/blob/ce79dd4e9a27a91581d5e605ece94835feb22854/misco_tools.py#L1,"# misco_tools.py
from dataclasses import dataclass
from typing import Any, Callable, Dict, List",,file descriptor,file descriptor,FALSE,FALSE,FALSE,FALSE,FALSE,FALSE
183851,https://github.com/recreate-run/mix,e7053ef00ee6ab58277ccf9e4a016c33e57b4733,mix,mix/scripts/convert_tools_docs.py,convert_tools_docs.py,https://github.com/recreate-run/mix/blob/e7053ef00ee6ab58277ccf9e4a016c33e57b4733/scripts/convert_tools_docs.py#L34,"    # Remove .md extension and convert underscores to spaces
    title = filename.replace("".md"", """").replace(""_"", "" "")
    # Capitalize each word
    return "" "".join(word.capitalize() for word in title.split())
",,1-2 lines no loop direct explainer,,FALSE,FALSE,FALSE,FALSE,FALSE,FALSE
3864,https://github.com/jankrepl/mltype,f3bf1c2036cad73b37f85a36137447c900567fba,mltype,mltype/mltype/interactive.py,interactive.py,https://github.com/jankrepl/mltype/blob/f3bf1c2036cad73b37f85a36137447c900567fba/mltype/interactive.py#L220,"            if self.replay_tt is not None and i == i_replay != self.current_ix:
                if status in {STATUS_BACKSPACE, STATUS_CORRECT}:
                    # Make sure the normal cursor is visible
                    status = ""replay""
",,1-2 lines no loop direct explainer,,FALSE,FALSE,FALSE,FALSE,FALSE,FALSE
3921,https://github.com/jankrepl/mltype,f3bf1c2036cad73b37f85a36137447c900567fba,mltype,mltype/tests/test_ml.py,test_ml.py,https://github.com/jankrepl/mltype/blob/f3bf1c2036cad73b37f85a36137447c900567fba/tests/test_ml.py#L95,"    @pytest.mark.parametrize(""fill_strategy"", [""zeros"", ""skip""])
    def test_empty_text(self, window_size, fill_strategy):
        """"""Make sure the dimensions are correct anyway.

        It is essential for being able to concatenate with other
        features and targets.
        """"""
        text = """"
        vocabulary = [""a"", ""b""]",,Docstring,,FALSE,TRUE,FALSE,FALSE,FALSE,FALSE
49960,https://github.com/techboy-coder/mmdl,5286b336638d73a48d094ba6509fd5ab17e65ece,mmdl,mmdl/mmdl/ask.py,ask.py,https://github.com/techboy-coder/mmdl/blob/5286b336638d73a48d094ba6509fd5ab17e65ece/mmdl/ask.py#L32,"                    'List in textfile (1 Song per line)',
                    'From YTMusic (beta)',
                ]).ask()  # returns value of selection

            if input_method == ""From YTMusic (beta)"":",,1-2 lines no loop direct explainer,,FALSE,FALSE,FALSE,FALSE,FALSE,FALSE
30244,https://github.com/ramitmittal/mongraph,c1de5b6e8d38940a177877e8de3e6d43451f7fc3,mongraph,mongraph/mongraph/layout_generator.py,layout_generator.py,https://github.com/ramitmittal/mongraph/blob/c1de5b6e8d38940a177877e8de3e6d43451f7fc3/mongraph/layout_generator.py#L80,"            plot.renderers.append(new_graph_renderer)

            # hover tool needs to be re-added to make it work with updated data
            plot.tools = [
                tool for tool in plot.tools if not isinstance(tool, HoverTool)",,2-5 or loop DE,,FALSE,TRUE,FALSE,FALSE,FALSE,FALSE
48912,https://github.com/ozzs/monobox,a9c0e8826bc456a1bea2ab760093b22e7e01d33d,monobox,monobox/backend/app/main.py,main.py,https://github.com/ozzs/monobox/blob/a9c0e8826bc456a1bea2ab760093b22e7e01d33d/backend/app/main.py#L129,"

# POST: create new playlist
@app.post(
    ""/songs/playlists"",",,Function Explainer,Function Explainer,FALSE,FALSE,FALSE,FALSE,FALSE,FALSE
30235,https://github.com/bnkc/morningbot,d3cf0d21ea6b337dc21f0b5534a727532c548c55,morningbot,morningbot/app/tests/conftest.py,conftest.py,https://github.com/bnkc/morningbot/blob/d3cf0d21ea6b337dc21f0b5534a727532c548c55/app/tests/conftest.py#L25,"

# @pytest.fixture()
# def runner(app):
#     return app.test_cli_runner()

",,Commented out code,,FALSE,FALSE,FALSE,FALSE,FALSE,FALSE
34607,https://github.com/fdemian/morpheus-api,b27efed37ae4b50ca512d9a3e144a4788fe75a9a,morpheus-api,morpheus-api/main.py,main.py,https://github.com/fdemian/morpheus-api/blob/b27efed37ae4b50ca512d9a3e144a4788fe75a9a/main.py#L12,"static_path = path.join(path.dirname(__file__), ""static"")

# Set application options
random_bytes = urandom(25)
secret = b64encode(random_bytes).decode('utf-8')",,1-2 lines no loop direct explainer,,FALSE,FALSE,FALSE,FALSE,FALSE,FALSE
30113,https://github.com/fdemian/morpheus-scripts,767558562434ed1e8aa8f43e607fcf9e161fc7bb,morpheus-scripts,morpheus-scripts/build.py,build.py,https://github.com/fdemian/morpheus-scripts/blob/767558562434ed1e8aa8f43e607fcf9e161fc7bb/build.py#L8,"frontend_folder = r""path\to\morpheus-frontend""

# Destination folder
dest_folder = r""path\to\build-folder""
",,1-2 lines no loop direct explainer,,FALSE,FALSE,FALSE,FALSE,FALSE,FALSE
92187,https://github.com/MotiaDev/motia-examples,9dcc8127d5396646b5b273d42aca2de3b0ffc916,motia-examples,motia-examples/examples/monitoring-and-alerts/car-alert/steps/connected_car/agent_step.py,agent_step.py,https://github.com/MotiaDev/motia-examples/blob/9dcc8127d5396646b5b273d42aca2de3b0ffc916/examples/monitoring-and-alerts/car-alert/steps/connected_car/agent_step.py#L67,"        })
        
        # Use all chunks as context (simplified - no embeddings/semantic search)
        # For small/medium alerts this is efficient and avoids memory issues
        relevant_chunks = []
        for chunk in stored_chunks:",,1-2 lines no loop direct explainer,2-5 or loop DE,FALSE,TRUE,FALSE,FALSE,FALSE,FALSE
91379,https://github.com/MotiaDev/motia-examples,9dcc8127d5396646b5b273d42aca2de3b0ffc916,motia-examples,motia-examples/examples/rag-and-search/rag-applications/airbnb-property-guest-assistant/steps/ingestion/document_embed_step.py,document_embed_step.py,https://github.com/MotiaDev/motia-examples/blob/9dcc8127d5396646b5b273d42aca2de3b0ffc916/examples/rag-and-search/rag-applications/airbnb-property-guest-assistant/steps/ingestion/document_embed_step.py#L18,"
class EmbedInput(BaseModel):
    """"""Input for document embedding.""""""
    ingestion_id: str
    property_id: str",,Docstring,,FALSE,FALSE,FALSE,FALSE,FALSE,FALSE
96775,https://github.com/trose/mouse-jiggler,c08c66746a07734d8077f14920af0aa89e8f244f,mouse-jiggler,mouse-jiggler/mcp_server.py,mcp_server.py,https://github.com/trose/mouse-jiggler/blob/c08c66746a07734d8077f14920af0aa89e8f244f/mcp_server.py#L32,"    global jiggler_process
    
    # Validate parameters
    interval = max(5, min(300, interval))  # Clamp between 5-300
    offset = max(1, min(10, offset))        # Clamp between 1-10",,1-2 lines no loop direct explainer,,FALSE,FALSE,FALSE,FALSE,FALSE,FALSE
310632,https://github.com/ParallelUniverseProgrammer/MovieBot,351b86732d7d72491ea856d399ed3a943844853b,MovieBot,MovieBot/integrations/plex_client.py,plex_client.py,https://github.com/ParallelUniverseProgrammer/MovieBot/blob/351b86732d7d72491ea856d399ed3a943844853b/integrations/plex_client.py#L415,"        """"""Get unwatched items from specified library with optimized performance.""""""
        try:
            # Tests expect capitalized type-based section names
            section_name = ""Movies"" if section_type.lower() == ""movie"" else ""TV Shows"" if section_type.lower() == ""show"" else section_type.title()
            section = self.plex.library.section(section_name)",, qualitative comment,,FALSE,TRUE,FALSE,FALSE,FALSE,FALSE
310296,https://github.com/ParallelUniverseProgrammer/MovieBot,351b86732d7d72491ea856d399ed3a943844853b,MovieBot,MovieBot/tests/test_smart_recommendations_integration.py,test_smart_recommendations_integration.py,https://github.com/ParallelUniverseProgrammer/MovieBot/blob/351b86732d7d72491ea856d399ed3a943844853b/tests/test_smart_recommendations_integration.py#L242,"    @pytest.mark.asyncio
    async def test_smart_recommendations_output_format(self, registry):
        """"""Test that smart_recommendations returns properly formatted output.""""""
        if not os.getenv(""OPENAI_API_KEY""):
            pytest.skip(""OPENAI_API_KEY not set"")",,Docstring,,FALSE,FALSE,FALSE,FALSE,FALSE,FALSE
310771,https://github.com/ParallelUniverseProgrammer/MovieBot,351b86732d7d72491ea856d399ed3a943844853b,MovieBot,MovieBot/ux/progress.py,progress.py,https://github.com/ParallelUniverseProgrammer/MovieBot/blob/351b86732d7d72491ea856d399ed3a943844853b/ux/progress.py#L149,"
def build_progress_broadcaster(project_root, legacy_callback: Optional[Callable[[str, str], None]] = None) -> AsyncProgressBroadcaster:
    """"""Factory that builds a broadcaster from runtime config, adding sinks.

    Adds:
    - Legacy callback sink if provided
    - Discord API sink if configured and aiohttp is available
    """"""
    # Local import to avoid import cycles at module import time
    from config.loader import load_runtime_config",,Structured Docstring,,FALSE,FALSE,FALSE,FALSE,FALSE,FALSE
30320,https://github.com/aaronn44/msgr,a2ac0eb833f6db2fb7136729cceb31c3f2323899,msgr,msgr/project/settings/production.py,production.py,https://github.com/aaronn44/msgr/blob/a2ac0eb833f6db2fb7136729cceb31c3f2323899/project/settings/production.py#L6,"

# Static files

STATIC_ROOT = BASE_DIR / 'assets'","Very odd section breaker, but that seems to be the intent (Maddy note)",section breaker,section breaker,FALSE,FALSE,FALSE,FALSE,FALSE,FALSE
139849,https://github.com/josharmour/mtga-voice-assistant,8bcb61c75ae8854f00e3d186a63f0683b9be4335,mtga-voice-assistant,mtga-voice-assistant/src/core/ui.py,ui.py,https://github.com/josharmour/mtga-voice-assistant/blob/8bcb61c75ae8854f00e3d186a63f0683b9be4335/src/core/ui.py#L981,"        
        # Board Panel
        self.show_board_var = tk.BooleanVar(value=not self.prefs.board_window_docked) # Inverted logic in prefs? No, let's check logic.
        # Prefs logic: board_window_docked=True means embedded. board_window_docked=False means popped out.
        # But we also have _board_hidden_by_user.",, qualitative comment, qualitative comment,FALSE,TRUE,FALSE,FALSE,FALSE,FALSE
142142,https://github.com/josharmour/mtga-voice-assistant,8bcb61c75ae8854f00e3d186a63f0683b9be4335,mtga-voice-assistant,mtga-voice-assistant/src/core/engine/action_planner.py,action_planner.py,https://github.com/josharmour/mtga-voice-assistant/blob/8bcb61c75ae8854f00e3d186a63f0683b9be4335/src/core/engine/action_planner.py#L208,"        Reuses the compact format from CoachEngine._format_game_context().
        """"""
        # Import and use CoachEngine's formatter for consistency
        try:
            from .coach import CoachEngine",,1-2 lines no loop direct explainer,,FALSE,TRUE,FALSE,FALSE,FALSE,FALSE
142269,https://github.com/josharmour/mtga-voice-assistant,8bcb61c75ae8854f00e3d186a63f0683b9be4335,mtga-voice-assistant,mtga-voice-assistant/src/core/engine/rules_engine.py,rules_engine.py,https://github.com/josharmour/mtga-voice-assistant/blob/8bcb61c75ae8854f00e3d186a63f0683b9be4335/src/core/engine/rules_engine.py#L557,"                        # Let's list specific logic.

        # Pre-fetch battlefield for Aura target checks and attacker/blocker logic
        battlefield = game_state.get(""battlefield"", [])
",,1-2 lines no loop direct explainer,,FALSE,FALSE,FALSE,FALSE,FALSE,FALSE
140812,https://github.com/josharmour/mtga-voice-assistant,8bcb61c75ae8854f00e3d186a63f0683b9be4335,mtga-voice-assistant,mtga-voice-assistant/src/core/ai_debug_interface.py,ai_debug_interface.py,https://github.com/josharmour/mtga-voice-assistant/blob/8bcb61c75ae8854f00e3d186a63f0683b9be4335/src/core/ai_debug_interface.py#L19,"
class AIDebugInterface:
    """"""
    Interface for AI agents to debug the MTGA Advisor in real-time.

    Usage:
        debug = AIDebugInterface(app_instance)

        # Get current state
        state = debug.get_current_state()

        # Query logs
        errors = debug.query_logs(level=""ERROR"", last_minutes=5)

        # Get match timeline
        timeline = debug.get_match_timeline()
    """"""

    def __init__(self, app=None, game_state_mgr=None, ui=None):",,Docstring,,FALSE,FALSE,FALSE,FALSE,FALSE,FALSE
325510,https://github.com/MarklarMarklar/mudcrawler,8aa9dcf5f198cc48e272c6ee4a9676f35798c163,mudcrawler,mudcrawler/config.py,config.py,https://github.com/MarklarMarklar/mudcrawler/blob/8aa9dcf5f198cc48e272c6ee4a9676f35798c163/config.py#L24,"BONUS_HEALTH_COLOR = (0, 100, 50)  # Dark green color for bonus health

# Health Settings
PLAYER_START_HEALTH = 100
MAX_BONUS_HEALTH = 100  # Maximum possible bonus health (10 potions * 10 health)",,1-2 lines no loop direct explainer,,FALSE,FALSE,FALSE,FALSE,FALSE,FALSE
326245,https://github.com/MarklarMarklar/mudcrawler,8aa9dcf5f198cc48e272c6ee4a9676f35798c163,mudcrawler,mudcrawler/scripts/pickups.py,pickups.py,https://github.com/MarklarMarklar/mudcrawler/blob/8aa9dcf5f198cc48e272c6ee4a9676f35798c163/scripts/pickups.py#L116,"                scaled_texture = pygame.transform.scale(self.health_texture, (size, size))
                
                # Add a red glow effect behind the texture
                glow_surf = pygame.Surface((size * 3, size * 3), pygame.SRCALPHA)
                glow_color = (255, 100, 100, 100)  # Semi-transparent red",,1-2 lines no loop direct explainer,,FALSE,FALSE,FALSE,FALSE,FALSE,FALSE
326299,https://github.com/MarklarMarklar/mudcrawler,8aa9dcf5f198cc48e272c6ee4a9676f35798c163,mudcrawler,mudcrawler/scripts/pickups.py,pickups.py,https://github.com/MarklarMarklar/mudcrawler/blob/8aa9dcf5f198cc48e272c6ee4a9676f35798c163/scripts/pickups.py#L318,"                # Add some electricity particles for lightning effect
                for _ in range(4):
                    # Create small lightning bolts in random directions
                    bolt_start_x = self.x + random.randint(-size//3, size//3)
                    bolt_start_y = self.y + random.randint(-size//3, size//3)",,1-2 lines no loop direct explainer,,FALSE,FALSE,FALSE,FALSE,FALSE,FALSE
326609,https://github.com/MarklarMarklar/mudcrawler,8aa9dcf5f198cc48e272c6ee4a9676f35798c163,mudcrawler,mudcrawler/scripts/player.py,player.py,https://github.com/MarklarMarklar/mudcrawler/blob/8aa9dcf5f198cc48e272c6ee4a9676f35798c163/scripts/player.py#L987,"        )
        
        # For collision detection, we'll use a rotated rectangle
        # Store the rotation information for visualization and collision detection
        self.attack_hitbox_angle = self.attack_angle
        self.attack_hitbox_rect = hitbox",,1-2 lines no loop direct explainer,1-2 lines no loop direct explainer,FALSE,TRUE,FALSE,FALSE,FALSE,FALSE
326847,https://github.com/MarklarMarklar/mudcrawler,8aa9dcf5f198cc48e272c6ee4a9676f35798c163,mudcrawler,mudcrawler/scripts/level.py,level.py,https://github.com/MarklarMarklar/mudcrawler/blob/8aa9dcf5f198cc48e272c6ee4a9676f35798c163/scripts/level.py#L774,"            # For normal and start rooms, place chests in interesting locations
            
            # Find positions along walls but not next to doors
            wall_adjacent_positions = [
                pos for pos in valid_positions",,1-2 lines no loop direct explainer,,FALSE,FALSE,FALSE,FALSE,FALSE,FALSE
329610,https://github.com/MarklarMarklar/mudcrawler,8aa9dcf5f198cc48e272c6ee4a9676f35798c163,mudcrawler,mudcrawler/scripts/main.py,main.py,https://github.com/MarklarMarklar/mudcrawler/blob/8aa9dcf5f198cc48e272c6ee4a9676f35798c163/scripts/main.py#L3152,"                    self.player.rect.centery = int(start_pos[1] + (data['target_pos'][1] - start_pos[1]) * progress)
        
        # Make camera follow player during special attack
        self.camera.center_on_point(self.player.rect.centerx, self.player.rect.centery)
    ",,1-2 lines no loop direct explainer,,FALSE,TRUE,FALSE,FALSE,FALSE,FALSE
331315,https://github.com/MarklarMarklar/mudcrawler,8aa9dcf5f198cc48e272c6ee4a9676f35798c163,mudcrawler,mudcrawler/scripts/enemy.py,enemy.py,https://github.com/MarklarMarklar/mudcrawler/blob/8aa9dcf5f198cc48e272c6ee4a9676f35798c163/scripts/enemy.py#L4979,"            return False
            
        # Level 7 boss damage reflection during defensive mode (same as level 4)
        if self.level == 7 and self.defensive_mode:
            # Store the reflected damage amount for the game to apply later",,1-2 lines no loop direct explainer,,FALSE,FALSE,FALSE,FALSE,FALSE,FALSE
177865,https://github.com/uditk2/multimodalagentframework,2fd91f06ba20607c1ba6cf764898c4aab1b86ed0,multimodalagentframework,multimodalagentframework/multimodal_agent_framework/helper_functions.py,helper_functions.py,https://github.com/uditk2/multimodalagentframework/blob/2fd91f06ba20607c1ba6cf764898c4aab1b86ed0/multimodal_agent_framework/helper_functions.py#L14,"
def get_openai_client():
    """"""Create and return an OpenAI client.""""""
    return OpenAI(api_key=os.getenv(""OPENAI_API_KEY""))
",,Docstring,,FALSE,FALSE,FALSE,FALSE,FALSE,FALSE
30241,https://github.com/AI-Spawn/multiplayer-game-bot,10b36b76362d0e1d92dfecf9d74831328fe1350a,multiplayer-game-bot,multiplayer-game-bot/bot.py,bot.py,https://github.com/AI-Spawn/multiplayer-game-bot/blob/10b36b76362d0e1d92dfecf9d74831328fe1350a/bot.py#L212,"    correct = bind_vector(vel_x, vel_y)
    vel = (0, 0)
    # Turn direction into 8 directional
    for dir_x in possible:
        for dir_y in possible:",,1-2 lines no loop direct explainer,,FALSE,FALSE,FALSE,FALSE,FALSE,FALSE
50653,https://github.com/NannyML/nannyml,a6ba46609e1b6cfef7370e2e1ae6e9fb41608715,nannyml,nannyml/tests/performance_estimation/DLE/test_dle.py,test_dle.py,https://github.com/NannyML/nannyml/blob/a6ba46609e1b6cfef7370e2e1ae6e9fb41608715/tests/performance_estimation/DLE/test_dle.py#L86,"    reference, analysis = regression_data

    # Get rid of negative values for log based metrics
    reference = reference[~(reference['y_pred'] < 0)]
    analysis = analysis[~(analysis['y_pred'] < 0)]",,1-2 lines no loop direct explainer,,FALSE,TRUE,FALSE,FALSE,FALSE,FALSE
51249,https://github.com/NannyML/nannyml,a6ba46609e1b6cfef7370e2e1ae6e9fb41608715,nannyml,nannyml/nannyml/plots/__init__.py,__init__.py,https://github.com/NannyML/nannyml/blob/a6ba46609e1b6cfef7370e2e1ae6e9fb41608715/nannyml/plots/__init__.py#L1,"#  Author:   Niels Nuyttens  <niels@nannyml.com>
#  #
#  License: Apache Software License 2.0

#  Author:   Niels Nuyttens  <niels@nannyml.com>",Between copyright and file header,copyright,,FALSE,FALSE,FALSE,FALSE,FALSE,FALSE
50670,https://github.com/NannyML/nannyml,a6ba46609e1b6cfef7370e2e1ae6e9fb41608715,nannyml,nannyml/nannyml/_typing.py,_typing.py,https://github.com/NannyML/nannyml/blob/a6ba46609e1b6cfef7370e2e1ae6e9fb41608715/nannyml/_typing.py#L39,"
class Estimator(Protocol):
    """"""Estimator base class.""""""

    def fit(self, reference_data: pd.DataFrame, *args, **kwargs):",,Docstring,,FALSE,FALSE,FALSE,FALSE,FALSE,FALSE
50906,https://github.com/NannyML/nannyml,a6ba46609e1b6cfef7370e2e1ae6e9fb41608715,nannyml,nannyml/nannyml/io/db/entities.py,entities.py,https://github.com/NannyML/nannyml/blob/a6ba46609e1b6cfef7370e2e1ae6e9fb41608715/nannyml/io/db/entities.py#L87,"
class RealizedPerformanceMetric(Metric, table=True):  # type: ignore
    """"""Represents results of the RealizedPerformanceCalculator.

    Stored in the ``realized_performance_metrics`` table.
    """"""

    __tablename__ = 'realized_performance_metrics'",,Docstring,,FALSE,FALSE,FALSE,FALSE,FALSE,FALSE
50842,https://github.com/NannyML/nannyml,a6ba46609e1b6cfef7370e2e1ae6e9fb41608715,nannyml,nannyml/nannyml/datasets/data/__init__.py,__init__.py,https://github.com/NannyML/nannyml/blob/a6ba46609e1b6cfef7370e2e1ae6e9fb41608715/nannyml/datasets/data/__init__.py#L1,"#  Author:  Nikolaos Perrakis  <nikos@nannyml.com>
#
#  License: Apache Software License 2.0

""""""NannyML data files module.""""""",both header and copyright,File author,File author,FALSE,FALSE,FALSE,FALSE,FALSE,FALSE
50445,https://github.com/NannyML/nannyml,a6ba46609e1b6cfef7370e2e1ae6e9fb41608715,nannyml,nannyml/tests/test_chunk.py,test_chunk.py,https://github.com/NannyML/nannyml/blob/a6ba46609e1b6cfef7370e2e1ae6e9fb41608715/tests/test_chunk.py#L221,"

def test_size_based_chunker_raises_exception_when_passed_negative_size(sample_chunk_data):  # noqa: D103
    with pytest.raises(InvalidArgumentsException):
        _ = SizeBasedChunker(chunk_size=-1)",,Instrumentation for automated tool,,FALSE,FALSE,FALSE,FALSE,FALSE,FALSE
50774,https://github.com/NannyML/nannyml,a6ba46609e1b6cfef7370e2e1ae6e9fb41608715,nannyml,nannyml/nannyml/calibration.py,calibration.py,https://github.com/NannyML/nannyml/blob/a6ba46609e1b6cfef7370e2e1ae6e9fb41608715/nannyml/calibration.py#L50,"    @classmethod
    def register_calibrator(cls, key: str, create_calibrator: Callable):
        """"""Registers a new calibrator to the index.

        This index associates a certain key with a function that can be used to construct a new Calibrator instance.

        Parameters
        ----------
        key: str
            The key used to retrieve a Calibrator. When providing a key that is already in the index, the value
            will be overwritten.
        create_calibrator: Callable
            A function that - given a ``**kwargs`` argument - create a new instance of a Calibrator subclass.

        Examples
        --------
        >>> CalibratorFactory.register_calibrator('isotonic', lambda kwargs: IsotonicCalibrator())
        """"""
        cls._calibrators[key] = create_calibrator
",,Structured Docstring,,FALSE,FALSE,FALSE,FALSE,FALSE,FALSE
120330,https://github.com/Mmorgan-ML/Neuromodulatory-Control-Networks,ac0eb85f5cd08416558fa5302b2779ea7cce79fe,Neuromodulatory-Control-Networks,Neuromodulatory-Control-Networks/train.py,train.py,https://github.com/Mmorgan-ML/Neuromodulatory-Control-Networks/blob/ac0eb85f5cd08416558fa5302b2779ea7cce79fe/train.py#L165,"        return x, y

# --- Checkpoint Functions ---
def save_checkpoint(state: Dict[str, Any], directory: str, filename: str = ""checkpoint.pt"", is_master: bool = True):
    if not is_master: return",,section breaker,,FALSE,FALSE,FALSE,FALSE,FALSE,FALSE
88455,https://github.com/DubblePumper/NMBS-Train-data,d9e37b2826566ff73db6305f25f8cee8add5c301,NMBS-Train-data,NMBS-Train-data/src/nmbs_data/visualization/map_visualization.py,map_visualization.py,https://github.com/DubblePumper/NMBS-Train-data/blob/d9e37b2826566ff73db6305f25f8cee8add5c301/src/nmbs_data/visualization/map_visualization.py#L756,"                """"""
                
                # Add realtime information if available
                if is_realtime:
                    popup_content += f""""""",,Control flow/program logic,,FALSE,FALSE,FALSE,FALSE,FALSE,FALSE
119414,https://github.com/DubblePumper/NMBS-Train-Data-API,bb6ceedb0bba7e14a69a7c3587746217994c5ea5,NMBS-Train-Data-API,NMBS-Train-Data-API/run_web_api.py,run_web_api.py,https://github.com/DubblePumper/NMBS-Train-Data-API/blob/bb6ceedb0bba7e14a69a7c3587746217994c5ea5/run_web_api.py#L179,"                target=run_data_service, 
                args=(args.data_interval, args.scrape_interval, args.data_dir, logger),
                daemon=True  # This ensures the thread stops when the main program exits
            )
            data_thread.start()",,Control flow/program logic,,FALSE,FALSE,FALSE,FALSE,FALSE,FALSE
132462,https://github.com/ClaudiuJitea/NutritionAI,1c952f921e40a18b1a28a824b4ab2135882ded66,NutritionAI,NutritionAI/routes/nutrition.py,nutrition.py,https://github.com/ClaudiuJitea/NutritionAI/blob/1c952f921e40a18b1a28a824b4ab2135882ded66/routes/nutrition.py#L72,"    formatted_date = selected_date.strftime('%B %d, %Y')
    
    # Get previous and next day for navigation
    prev_day = (selected_date - timedelta(days=1)).strftime('%Y-%m-%d')
    next_day = (selected_date + timedelta(days=1)).strftime('%Y-%m-%d')",,1-2 lines no loop direct explainer,,FALSE,FALSE,FALSE,FALSE,FALSE,FALSE
51344,https://github.com/nuxxapp/nuxx,a0390526216e3fc46bb82180d87998d3a62635f9,nuxx,nuxx/services/backend/src/api/migrations/0002_project_uuid.py,0002_project_uuid.py,https://github.com/nuxxapp/nuxx/blob/a0390526216e3fc46bb82180d87998d3a62635f9/services/backend/src/api/migrations/0002_project_uuid.py#L1,"# Generated by Django 4.0.4 on 2022-06-22 10:17

from django.db import migrations, models",,File author,File author,FALSE,FALSE,FALSE,FALSE,FALSE,FALSE
29373,https://github.com/Nevin1901/nweather,f20c9e91aeee7ac20ae0765d8b51a5c44cd50b3d,nweather,nweather/src/json/third_party/cpplint/cpplint.py,cpplint.py,https://github.com/Nevin1901/nweather/blob/f20c9e91aeee7ac20ae0765d8b51a5c44cd50b3d/src/json/third_party/cpplint/cpplint.py#L4795,"          'Include the directory when naming .h files')

  # we shouldn't include a file more than once. actually, there are a
  # handful of instances where doing so is okay, but in general it's
  # not.
  match = _RE_PATTERN_INCLUDE.search(line)
  if match:",between qualitative coment and control flow, qualitative comment, qualitative comment,FALSE,FALSE,FALSE,FALSE,TRUE,FALSE
28877,https://github.com/Nevin1901/nweather,f20c9e91aeee7ac20ae0765d8b51a5c44cd50b3d,nweather,nweather/src/json/third_party/cpplint/cpplint.py,cpplint.py,https://github.com/Nevin1901/nweather/blob/f20c9e91aeee7ac20ae0765d8b51a5c44cd50b3d/src/json/third_party/cpplint/cpplint.py#L63,"
try:
  xrange          # Python 2
except NameError:
  #  -- pylint: disable=redefined-builtin",,Control flow/program logic,Control flow/program logic,FALSE,FALSE,FALSE,FALSE,FALSE,FALSE
29154,https://github.com/Nevin1901/nweather,f20c9e91aeee7ac20ae0765d8b51a5c44cd50b3d,nweather,nweather/src/json/third_party/cpplint/cpplint.py,cpplint.py,https://github.com/Nevin1901/nweather/blob/f20c9e91aeee7ac20ae0765d8b51a5c44cd50b3d/src/json/third_party/cpplint/cpplint.py#L2775,"      if self.pp_stack:
        if not self.pp_stack[-1].seen_else:
          # This is the first #else or #elif block.  Remember the
          # whole nesting stack up to this point.  This is what we
          # keep after the #endif.
          self.pp_stack[-1].seen_else = True
          self.pp_stack[-1].stack_before_else = copy.deepcopy(self.stack)",,Control flow/program logic,,FALSE,TRUE,FALSE,FALSE,FALSE,FALSE
29301,https://github.com/Nevin1901/nweather,f20c9e91aeee7ac20ae0765d8b51a5c44cd50b3d,nweather,nweather/src/json/third_party/cpplint/cpplint.py,cpplint.py,https://github.com/Nevin1901/nweather/blob/f20c9e91aeee7ac20ae0765d8b51a5c44cd50b3d/src/json/third_party/cpplint/cpplint.py#L4183,"        opening_parenthesis[1] > 1 and
        Search(r'\]\s*$', clean_lines.elided[opening_parenthesis[1] - 1])):
      # Multi-line lambda-expression
      match = None
","There is no mulit-line lambda expression

MLE: I think this is explaining the else reason for having a None match",Control flow/program logic,Control flow/program logic,FALSE,TRUE,FALSE,FALSE,FALSE,FALSE
29470,https://github.com/Nevin1901/nweather,f20c9e91aeee7ac20ae0765d8b51a5c44cd50b3d,nweather,nweather/src/json/third_party/cpplint/cpplint.py,cpplint.py,https://github.com/Nevin1901/nweather/blob/f20c9e91aeee7ac20ae0765d8b51a5c44cd50b3d/src/json/third_party/cpplint/cpplint.py#L5813,"  abs_filename = FileInfo(filename).FullName()

  # For Emacs's flymake.
  # If cpplint is invoked from Emacs's flymake, a temporary file is generated
  # by flymake and that file name might end with '_flymake.cc'. In that case,
  # restore original file name here so that the corresponding header file can be
  # found.
  # e.g. If the file name is 'foo_flymake.cc', we should search for 'foo.h'
  # instead of 'foo_flymake.h'
  abs_filename = re.sub(r'_flymake\.cc$', '.cc', abs_filename)
",,Control flow/program logic,,FALSE,TRUE,FALSE,FALSE,FALSE,FALSE
28939,https://github.com/Nevin1901/nweather,f20c9e91aeee7ac20ae0765d8b51a5c44cd50b3d,nweather,nweather/src/json/third_party/cpplint/cpplint.py,cpplint.py,https://github.com/Nevin1901/nweather/blob/f20c9e91aeee7ac20ae0765d8b51a5c44cd50b3d/src/json/third_party/cpplint/cpplint.py#L883,"
  def ResetSection(self, directive):
    """"""Reset section checking for preprocessor directive.

    Args:
      directive: preprocessor directive (e.g. ""if"", ""else"").
    """"""
    # The name of the current section.
    self._section = self._INITIAL_SECTION",,Docstring,,FALSE,FALSE,FALSE,FALSE,FALSE,FALSE
55611,https://github.com/lalitpagaria/obsei,ae833ece9359e7fc81af258e9bcaa6c7d37faf80,obsei,obsei/obsei/misc/youtube_reviews_scrapper.py,youtube_reviews_scrapper.py,https://github.com/lalitpagaria/obsei/blob/ae833ece9359e7fc81af258e9bcaa6c7d37faf80/obsei/misc/youtube_reviews_scrapper.py#L129,"                        continuations[:0] = [ep for ep in self._search_dict(item, 'continuationEndpoint')]
                    if self.fetch_replies:
                        # TODO: Fix it. This functionality is broken
                        if action['targetId'].startswith('comment-replies-item') and 'continuationItemRenderer' in item:
                            # Process the 'Show more replies' button",,Note to self,,FALSE,FALSE,FALSE,FALSE,FALSE,FALSE
55720,https://github.com/lalitpagaria/obsei,ae833ece9359e7fc81af258e9bcaa6c7d37faf80,obsei,obsei/obsei/sink/dailyget_sink.py,dailyget_sink.py,https://github.com/lalitpagaria/obsei/blob/ae833ece9359e7fc81af258e9bcaa6c7d37faf80/obsei/sink/dailyget_sink.py#L130,"        super().__init__(convertor=convertor, **data)

    def send_data(  # type: ignore[override]
        self,
        analyzer_responses: List[TextPayload],",,type comment,,FALSE,FALSE,FALSE,FALSE,FALSE,FALSE
4096,https://github.com/theycallmemac/odin,a01d039e809eca257fa78d358fe72eb3ad2a09f2,odin,odin/odin-libraries/python/pyodin/odin.py,odin.py,https://github.com/theycallmemac/odin/blob/a01d039e809eca257fa78d358fe72eb3ad2a09f2/odin-libraries/python/pyodin/odin.py#L8,"
class Odin(object):
    """""" Odin class used for Configuration File to persist in a job """"""
    def __init__(self, config=""job.yml"", test=False, path_type=""absolute""):
        if path_type == ""absolute"":",,Docstring,,FALSE,FALSE,FALSE,FALSE,FALSE,FALSE
178397,https://github.com/HeroTools/open-wispr,822407b0b457a5cc6d52bda7959fc7f3e92229a5,open-wispr,open-wispr/resources/linux-text-monitor.py,linux-text-monitor.py,https://github.com/HeroTools/open-wispr/blob/822407b0b457a5cc6d52bda7959fc7f3e92229a5/resources/linux-text-monitor.py#L82,"    focused = None

    # Search for the focused element across all applications
    for i in range(desktop.get_child_count()):
        try:",,2-5 or loop DE,,FALSE,FALSE,FALSE,FALSE,FALSE,FALSE
33334,https://github.com/harishsg99/OreoML,ac7d48952c48e9455c78b3ed3a0c95a20d01352e,OreoML,OreoML/OreoML/predict.py,predict.py,https://github.com/harishsg99/OreoML/blob/ac7d48952c48e9455c78b3ed3a0c95a20d01352e/OreoML/predict.py#L27,"        df = transform_datetime_features(df)

        # categorical encoding
        for col_name, unique_values in model_config['mean_encoding_values'].items():
            df[""number_%s_mean_encoding"" % col_name] = model_config[""mean_encoding""][""unknown""]",,section breaker,section breaker,FALSE,FALSE,FALSE,FALSE,FALSE,FALSE
49112,https://github.com/iamOgunyinka/Ornamite,26871b263c0fcd2696d7ccb07740eb767eaa76d8,Ornamite,Ornamite/config.py,config.py,https://github.com/iamOgunyinka/Ornamite/blob/26871b263c0fcd2696d7ccb07740eb767eaa76d8/config.py#L1,"#!/usr/bin/env python
# -*- coding: utf-8 -*-
#
#  config.py

from flask import Flask",both shebang and instrumentation for tool,shebang,,FALSE,FALSE,FALSE,FALSE,FALSE,TRUE
33870,https://github.com/ciur/papermerge,3540f0424070a9839ac078a59195cb87d88f957d,papermerge,papermerge/papermerge/test/views/test_access_view.py,test_access_view.py,https://github.com/ciur/papermerge/blob/3540f0424070a9839ac078a59195cb87d88f957d/papermerge/test/views/test_access_view.py#L483,"            document=doc_1
        ).first()
        # similarely, margaret cannot change
        # metadata the page
        resp = self.client.post(
            reverse('core:metadata', args=('page', page.id)),",,Control flow/program logic,Control flow/program logic,FALSE,TRUE,FALSE,FALSE,FALSE,FALSE
33724,https://github.com/ciur/papermerge,3540f0424070a9839ac078a59195cb87d88f957d,papermerge,papermerge/papermerge/test/contrib/admin/test_views_groups.py,test_views_groups.py,https://github.com/ciur/papermerge/blob/3540f0424070a9839ac078a59195cb87d88f957d/papermerge/test/contrib/admin/test_views_groups.py#L114,"
    def test_create_new_group_via_post(self):
        """"""
        Asserts correct functionality of new group creation.
        """"""
        self.client.login(testcase_user=self.testcase_user)
",,Docstring,,FALSE,FALSE,FALSE,FALSE,FALSE,FALSE
33818,https://github.com/ciur/papermerge,3540f0424070a9839ac078a59195cb87d88f957d,papermerge,papermerge/papermerge/test/views/test_nodes_view.py,test_nodes_view.py,https://github.com/ciur/papermerge/blob/3540f0424070a9839ac078a59195cb87d88f957d/papermerge/test/views/test_nodes_view.py#L277,"
    def test_order_by_title_is_not_case_sensitive(self):
        """"""
        GET parameter ""order-by"" with value ""title"" or ""-title""
        toggles nodes ordering asc/desc by title. Ordering
        by title is NOT case sensitive
        """"""
        self.client.login(testcase_user=self.root_user)
",,Docstring,,FALSE,FALSE,FALSE,FALSE,FALSE,FALSE
33432,https://github.com/ciur/papermerge,3540f0424070a9839ac078a59195cb87d88f957d,papermerge,papermerge/config/settings/base.py,base.py,https://github.com/ciur/papermerge/blob/3540f0424070a9839ac078a59195cb87d88f957d/config/settings/base.py#L16,")

# do not remove this assignment. It is used in core checks to
# figure out if papermerge configuration file was successfully load.
CFG_PAPERMERGE = cfg_papermerge
",could also be note to self?,Note to self,Note to self,FALSE,TRUE,FALSE,FALSE,FALSE,FALSE
142832,https://github.com/edxeth/parakeet-dictation,5db722966932cd3fdfb63275a362a36306128667,parakeet-dictation,parakeet-dictation/transcriber.py,transcriber.py,https://github.com/edxeth/parakeet-dictation/blob/5db722966932cd3fdfb63275a362a36306128667/transcriber.py#L231,"

# ============ Input & audio ============
def wait_for_enter_interruptible(show_prompt=False):
    """"""Wait for Enter (nonblocking), return False if shutdown was requested.""""""",,section breaker,,FALSE,FALSE,FALSE,FALSE,FALSE,FALSE
217603,https://github.com/augiefra/PastScreen,5a23f3a08f694425f8e80755a958a7d15f92fd02,PastScreen,PastScreen/scripts/create_appstore_screenshots.py,create_appstore_screenshots.py,https://github.com/augiefra/PastScreen/blob/5a23f3a08f694425f8e80755a958a7d15f92fd02/scripts/create_appstore_screenshots.py#L22,"        blur_radius: Gaussian blur radius for background
    """"""
    # Open original image
    original = Image.open(input_path)
",,1-2 lines no loop direct explainer,,FALSE,FALSE,FALSE,FALSE,FALSE,TRUE
333852,https://github.com/AdarshB7/patcha-engine,dfaa007b2e2f99bbb9e010c0343122b510aecbfe,patcha-engine,patcha-engine/patcha/bulk.py,bulk.py,https://github.com/AdarshB7/patcha-engine/blob/dfaa007b2e2f99bbb9e010c0343122b510aecbfe/patcha/bulk.py#L246,"        except Exception as e:
            self.logger.error(f""An unexpected error occurred during the scan process: {e}"", exc_info=True)
            # Log a final failure message if the whole process crashes
            self.logger.critical(""Scan process failed."")
",,1-2 lines no loop direct explainer,,FALSE,TRUE,FALSE,FALSE,FALSE,FALSE
3778,https://github.com/Andreilys/personal_dashboard,619fe570370dc1d257ef2a042e72ef370745a929,personal_dashboard,personal_dashboard/personal_dashboard/meditation.py,meditation.py,https://github.com/Andreilys/personal_dashboard/blob/619fe570370dc1d257ef2a042e72ef370745a929/personal_dashboard/meditation.py#L93,"        month, day, year = map(int, date_and_time.split("" "")[0].split(""/""))
        hour, mins, _ = map(int, date_and_time.split("" "")[1].split("":""))
        # minus 5 hours to get EST time since insight timer is in UTC
        converted_date = datetime.datetime(
            year, month, day, hour, mins) - timedelta(hours=5)",,1-2 lines no loop direct explainer,,FALSE,TRUE,FALSE,FALSE,FALSE,FALSE
30638,https://github.com/hakanu/pervane,14c61521bc18ddd929daaa1a5ee6488b32d51c08,pervane,pervane/pervane/app/__init__.py,__init__.py,https://github.com/hakanu/pervane/blob/14c61521bc18ddd929daaa1a5ee6488b32d51c08/pervane/app/__init__.py#L276,"#   """"""Creates an absolute path from given paths.

#   If there is any . or .. in the merged path, it is evaluated and
#   the real path is generated. For instance, /home/user/pervane and
#   /../../file1 results in /home/file1. 

#   Heading separator of relative path is ignored.",,Commented out code,,FALSE,FALSE,FALSE,FALSE,FALSE,TRUE
30479,https://github.com/hakanu/pervane,14c61521bc18ddd929daaa1a5ee6488b32d51c08,pervane,pervane/pervane/run.py,run.py,https://github.com/hakanu/pervane/blob/14c61521bc18ddd929daaa1a5ee6488b32d51c08/pervane/run.py#L647,"  @login_required
  def static_file_handler(self, file_path):
    """"""Incoming file path is under users working dir.

    This is not intended to be used for css and js.
    for them normal workflow from flask is used with /static prefix.

    eg. (for default run with --dir=./example)
    http://localhost:5001/img/test/images/apple-touch-icon.png
    http://localhost:5001/img/test/test_video/video.mp4
    """"""

    path, err = _get_real_path(file_path)",,Docstring,,FALSE,FALSE,FALSE,FALSE,FALSE,FALSE
132612,https://github.com/yagizdas/phi-delta,373bb71b1cca7770823bd3b446fc6e3dbe6ad399,phi-delta,phi-delta/main.py,main.py,https://github.com/yagizdas/phi-delta/blob/373bb71b1cca7770823bd3b446fc6e3dbe6ad399/main.py#L211,"
def delete_session_by_id(session_id: str, session_path: str) -> bool:
    """"""Delete a session by ID""""""
    return session_manager.delete_session(session_id=session_id, session_path=session_path)
",,Docstring,,FALSE,FALSE,FALSE,FALSE,FALSE,FALSE
29907,https://github.com/napisani/photostore,d1ee649bbc5c53582757cccb3147b7eacfb2aba6,photostore,photostore/photostore_fastapi/app/models/pagination.py,pagination.py,https://github.com/napisani/photostore/blob/d1ee649bbc5c53582757cccb3147b7eacfb2aba6/photostore_fastapi/app/models/pagination.py#L25,"    @property
    def pages(self):
        """"""The total number of pages""""""
        if self.per_page == 0:
            pages = 0",,Docstring,,FALSE,FALSE,FALSE,FALSE,FALSE,FALSE
51383,https://github.com/jacobhjustice/PiFrame,7394dc14d0d74c69fea5a58f588b2cdf52a31f47,PiFrame,PiFrame/server/weather.py,weather.py,https://github.com/jacobhjustice/PiFrame/blob/7394dc14d0d74c69fea5a58f588b2cdf52a31f47/server/weather.py#L78,"        response = requests.get(url, timeout=10)

        # If request wasn't completed, skip to end and return what we have
        if response.status_code == 200:
            data = response.json()",,Control flow/program logic,,FALSE,FALSE,FALSE,FALSE,FALSE,FALSE
404887,https://github.com/rm2thaddeus/Pixel_Detective,8e741807f9b04e4bbb5c1b5c6460cd271e600837,Pixel_Detective,Pixel_Detective/utils/service_api.py,service_api.py,https://github.com/rm2thaddeus/Pixel_Detective/blob/8e741807f9b04e4bbb5c1b5c6460cd271e600837/utils/service_api.py#L397,"        if ""data"" in raw_response_data and isinstance(raw_response_data[""data""], list):
            for item in raw_response_data[""data""]:
                # Ensure 'vector' and 'payload' exist
                if ""vector"" in item and ""payload"" in item:
                    entry = {""vector"": item[""vector""]}",,1-2 lines no loop direct explainer,,FALSE,FALSE,FALSE,FALSE,FALSE,TRUE
404390,https://github.com/rm2thaddeus/Pixel_Detective,8e741807f9b04e4bbb5c1b5c6460cd271e600837,Pixel_Detective,Pixel_Detective/archive/sprint_06_service_superseded_managers/optimized_model_manager.py,optimized_model_manager.py,https://github.com/rm2thaddeus/Pixel_Detective/blob/8e741807f9b04e4bbb5c1b5c6460cd271e600837/archive/sprint_06_service_superseded_managers/optimized_model_manager.py#L157,"            logger.info(f""{model_type.value} model loaded in {load_time:.2f}s (Background)"")
            
            # Call callback if provided
            if task.callback:
                try:",,Control flow/program logic,Control flow/program logic,FALSE,FALSE,FALSE,FALSE,FALSE,FALSE
405212,https://github.com/rm2thaddeus/Pixel_Detective,8e741807f9b04e4bbb5c1b5c6460cd271e600837,Pixel_Detective,Pixel_Detective/backend/ingestion_orchestration_fastapi_app/routers/ingest.py,ingest.py,https://github.com/rm2thaddeus/Pixel_Detective/blob/8e741807f9b04e4bbb5c1b5c6460cd271e600837/backend/ingestion_orchestration_fastapi_app/routers/ingest.py#L47,"
def update_batch_sizes(ml_batch_size: int = None, qdrant_batch_size: int = None):
    """"""
    Update ML_BATCH_SIZE and QDRANT_BATCH_SIZE from environment or provided values.
    """"""
    global ML_BATCH_SIZE, QDRANT_BATCH_SIZE
    if ml_batch_size is not None:",,Docstring,,FALSE,FALSE,FALSE,FALSE,FALSE,FALSE
405977,https://github.com/rm2thaddeus/Pixel_Detective,8e741807f9b04e4bbb5c1b5c6460cd271e600837,Pixel_Detective,Pixel_Detective/developer_graph/ingestion_manifest.py,ingestion_manifest.py,https://github.com/rm2thaddeus/Pixel_Detective/blob/8e741807f9b04e4bbb5c1b5c6460cd271e600837/developer_graph/ingestion_manifest.py#L80,"
class ManifestManager:
    """"""Builds, stores, and diffs ingestion manifests for incremental runs.""""""

    def __init__(self, repo_root: str, storage_path: Optional[Path] = None) -> None:",,Docstring,,FALSE,FALSE,FALSE,FALSE,FALSE,FALSE
127037,https://github.com/plandex-ai/plandex,e2d772072efadbe41d2946d97d79be55532dbab5,plandex,plandex/app/server/litellm_proxy.py,litellm_proxy.py,https://github.com/plandex-ai/plandex/blob/e2d772072efadbe41d2946d97d79be55532dbab5/app/server/litellm_proxy.py#L169,"    return p

  # flatten content parts
  for m in p.get(""messages"", []):
    if isinstance(m[""content""], list):  # [{type:""text"", text:""…""}]",,2-5 or loop DE,,FALSE,FALSE,FALSE,FALSE,FALSE,FALSE
98973,https://github.com/neoneye/PlanExe,5ca6fc9f4f76e36c3685c7f2dc340120793b5de8,PlanExe,PlanExe/worker_plan/worker_plan_internal/document/filter_documents_to_create.py,filter_documents_to_create.py,https://github.com/neoneye/PlanExe/blob/5ca6fc9f4f76e36c3685c7f2dc340120793b5de8/worker_plan/worker_plan_internal/document/filter_documents_to_create.py#L417,"
    llm = get_llm(""ollama-llama3.1"")
    # llm = get_llm(""openrouter-paid-gemini-2.0-flash-001"")

    path = os.path.join(os.path.dirname(__file__), 'test_data', ""eu_prep_identified_documents_to_create.json"")",,Commented out code,,FALSE,FALSE,FALSE,FALSE,FALSE,FALSE
97851,https://github.com/neoneye/PlanExe,5ca6fc9f4f76e36c3685c7f2dc340120793b5de8,PlanExe,PlanExe/worker_plan/worker_plan_api/planexe_config.py,planexe_config.py,https://github.com/neoneye/PlanExe/blob/5ca6fc9f4f76e36c3685c7f2dc340120793b5de8/worker_plan/worker_plan_api/planexe_config.py#L114,"        llm_config_json_path = cls.find_file_in_search_order(llm_config_json_name, planexe_config_path)

        # Safe fallback: if profile config is missing, use baseline config.
        if llm_config_json_path is None and llm_config_json_name != ConfigNameEnum.LLM_CONFIG_JSON_DEFAULT.value:
            baseline_name = ConfigNameEnum.LLM_CONFIG_JSON_DEFAULT.value",,Control flow/program logic,,FALSE,TRUE,FALSE,FALSE,FALSE,FALSE
97319,https://github.com/neoneye/PlanExe,5ca6fc9f4f76e36c3685c7f2dc340120793b5de8,PlanExe,PlanExe/mcp_cloud/tests/test_sse.py,test_sse.py,https://github.com/neoneye/PlanExe/blob/5ca6fc9f4f76e36c3685c7f2dc340120793b5de8/mcp_cloud/tests/test_sse.py#L20,"
def _parse_sse_events(raw_chunks: list[str]) -> list[dict]:
    """"""Parse raw SSE text chunks into structured events.

    Returns list of dicts with 'event' and 'data' keys.
    Skips retry hints and empty chunks.
    """"""
    events = []
    for chunk in raw_chunks:",,Docstring,,FALSE,FALSE,FALSE,FALSE,FALSE,FALSE
26961,https://github.com/pa-aggarwal/playlist-converter,e782cb2b9473c791265657c65338cc12c856b91f,playlist-converter,playlist-converter/tests/test_client.py,test_client.py,https://github.com/pa-aggarwal/playlist-converter/blob/e782cb2b9473c791265657c65338cc12c856b91f/tests/test_client.py#L15,"
class TestSpotifyClient(unittest.TestCase):
    """"""Test the methods of the SpotifyClient class.""""""

    @classmethod",,Docstring,,FALSE,FALSE,FALSE,FALSE,FALSE,FALSE
30937,https://github.com/cermatej/plsql-analysis,e6b16d623d881b33416e822a86b83ab475442464,plsql-analysis,plsql-analysis/src/rest/parser_api/parser/antlr_plsql/antlr_py/plsqlParser.py,plsqlParser.py,https://github.com/cermatej/plsql-analysis/blob/e6b16d623d881b33416e822a86b83ab475442464/src/rest/parser_api/parser/antlr_plsql/antlr_py/plsqlParser.py#L18305,"        localctx = plsqlParser.Varray_storage_clauseContext(self, self._ctx, self.state)
        self.enterRule(localctx, 186, self.RULE_varray_storage_clause)
        self._la = 0 # Token type
        try:
            self.enterOuterAlt(localctx, 1)",,1-2 lines no loop direct explainer,1-2 lines no loop direct explainer,FALSE,FALSE,FALSE,FALSE,FALSE,FALSE
31185,https://github.com/cermatej/plsql-analysis,e6b16d623d881b33416e822a86b83ab475442464,plsql-analysis,plsql-analysis/src/rest/parser_api/parser/antlr_plsql/antlr_py/plsqlParser.py,plsqlParser.py,https://github.com/cermatej/plsql-analysis/blob/e6b16d623d881b33416e822a86b83ab475442464/src/rest/parser_api/parser/antlr_plsql/antlr_py/plsqlParser.py#L50398,"        localctx = plsqlParser.Error_logging_clauseContext(self, self._ctx, self.state)
        self.enterRule(localctx, 814, self.RULE_error_logging_clause)
        self._la = 0 # Token type
        try:
            self.enterOuterAlt(localctx, 1)",,1-2 lines no loop direct explainer,1-2 lines no loop direct explainer,FALSE,FALSE,FALSE,FALSE,FALSE,FALSE
33139,https://github.com/cermatej/plsql-analysis,e6b16d623d881b33416e822a86b83ab475442464,plsql-analysis,plsql-analysis/src/rest/parser_client/api_client.py,api_client.py,https://github.com/cermatej/plsql-analysis/blob/e6b16d623d881b33416e822a86b83ab475442464/src/rest/parser_client/api_client.py#L228,"        :return: deserialized object.
        """"""
        # handle file downloading
        # save response body into a tmp file and return the instance
        if response_type == ""file"":
            return self.__deserialize_file(response)",,1-2 lines no loop direct explainer,1-2 lines no loop direct explainer,FALSE,FALSE,FALSE,FALSE,FALSE,FALSE
30756,https://github.com/cermatej/plsql-analysis,e6b16d623d881b33416e822a86b83ab475442464,plsql-analysis,plsql-analysis/src/rest/parser_api/test/test_default_controller.py,test_default_controller.py,https://github.com/cermatej/plsql-analysis/blob/e6b16d623d881b33416e822a86b83ab475442464/src/rest/parser_api/test/test_default_controller.py#L1,"# coding: utf-8

from __future__ import absolute_import",,encoding utf:8,,FALSE,FALSE,FALSE,FALSE,FALSE,FALSE
30764,https://github.com/cermatej/plsql-analysis,e6b16d623d881b33416e822a86b83ab475442464,plsql-analysis,plsql-analysis/src/rest/parser_api/models/api_response.py,api_response.py,https://github.com/cermatej/plsql-analysis/blob/e6b16d623d881b33416e822a86b83ab475442464/src/rest/parser_api/models/api_response.py#L1,"# coding: utf-8

from __future__ import absolute_import",,encoding utf:8,,FALSE,FALSE,FALSE,FALSE,FALSE,FALSE
31379,https://github.com/cermatej/plsql-analysis,e6b16d623d881b33416e822a86b83ab475442464,plsql-analysis,plsql-analysis/src/rest/parser_api/parser/antlr_plsql/antlr_py/plsqlVisitor.py,plsqlVisitor.py,https://github.com/cermatej/plsql-analysis/blob/e6b16d623d881b33416e822a86b83ab475442464/src/rest/parser_api/parser/antlr_plsql/antlr_py/plsqlVisitor.py#L265,"

    # Visit a parse tree produced by plsqlParser#domain_index_clause.
    def visitDomain_index_clause(self, ctx:plsqlParser.Domain_index_clauseContext):
        return self.visitChildren(ctx)",,Function Explainer,,FALSE,FALSE,FALSE,FALSE,FALSE,FALSE
31818,https://github.com/cermatej/plsql-analysis,e6b16d623d881b33416e822a86b83ab475442464,plsql-analysis,plsql-analysis/src/rest/parser_api/parser/antlr_plsql/antlr_py/plsqlVisitor.py,plsqlVisitor.py,https://github.com/cermatej/plsql-analysis/blob/e6b16d623d881b33416e822a86b83ab475442464/src/rest/parser_api/parser/antlr_plsql/antlr_py/plsqlVisitor.py#L2460,"

    # Visit a parse tree produced by plsqlParser#xml_general_default_part.
    def visitXml_general_default_part(self, ctx:plsqlParser.Xml_general_default_partContext):
        return self.visitChildren(ctx)",,Function Explainer,,FALSE,FALSE,FALSE,FALSE,FALSE,FALSE
31851,https://github.com/cermatej/plsql-analysis,e6b16d623d881b33416e822a86b83ab475442464,plsql-analysis,plsql-analysis/src/rest/parser_api/parser/antlr_plsql/antlr_py/plsqlVisitor.py,plsqlVisitor.py,https://github.com/cermatej/plsql-analysis/blob/e6b16d623d881b33416e822a86b83ab475442464/src/rest/parser_api/parser/antlr_plsql/antlr_py/plsqlVisitor.py#L2625,"

    # Visit a parse tree produced by plsqlParser#aggregate_function_name.
    def visitAggregate_function_name(self, ctx:plsqlParser.Aggregate_function_nameContext):
        return self.visitChildren(ctx)",,Function Explainer,,FALSE,FALSE,FALSE,FALSE,FALSE,FALSE
31871,https://github.com/cermatej/plsql-analysis,e6b16d623d881b33416e822a86b83ab475442464,plsql-analysis,plsql-analysis/src/rest/parser_api/parser/antlr_plsql/antlr_py/plsqlVisitor.py,plsqlVisitor.py,https://github.com/cermatej/plsql-analysis/blob/e6b16d623d881b33416e822a86b83ab475442464/src/rest/parser_api/parser/antlr_plsql/antlr_py/plsqlVisitor.py#L2725,"

    # Visit a parse tree produced by plsqlParser#star.
    def visitStar(self, ctx:plsqlParser.StarContext):
        return self.visitChildren(ctx)",,Function Explainer,,FALSE,FALSE,FALSE,FALSE,FALSE,FALSE
32045,https://github.com/cermatej/plsql-analysis,e6b16d623d881b33416e822a86b83ab475442464,plsql-analysis,plsql-analysis/src/rest/parser_api/parser/antlr_plsql/antlr_py/plsqlListener.py,plsqlListener.py,https://github.com/cermatej/plsql-analysis/blob/e6b16d623d881b33416e822a86b83ab475442464/src/rest/parser_api/parser/antlr_plsql/antlr_py/plsqlListener.py#L661,"        pass

    # Exit a parse tree produced by plsqlParser#physical_properties.
    def exitPhysical_properties(self, ctx:plsqlParser.Physical_propertiesContext):
        pass",,Function Explainer,,FALSE,FALSE,FALSE,FALSE,FALSE,FALSE
32116,https://github.com/cermatej/plsql-analysis,e6b16d623d881b33416e822a86b83ab475442464,plsql-analysis,plsql-analysis/src/rest/parser_api/parser/antlr_plsql/antlr_py/plsqlListener.py,plsqlListener.py,https://github.com/cermatej/plsql-analysis/blob/e6b16d623d881b33416e822a86b83ab475442464/src/rest/parser_api/parser/antlr_plsql/antlr_py/plsqlListener.py#L981,"

    # Enter a parse tree produced by plsqlParser#table_partition_description.
    def enterTable_partition_description(self, ctx:plsqlParser.Table_partition_descriptionContext):
        pass",,Function Explainer,,FALSE,FALSE,FALSE,FALSE,FALSE,FALSE
32190,https://github.com/cermatej/plsql-analysis,e6b16d623d881b33416e822a86b83ab475442464,plsql-analysis,plsql-analysis/src/rest/parser_api/parser/antlr_plsql/antlr_py/plsqlListener.py,plsqlListener.py,https://github.com/cermatej/plsql-analysis/blob/e6b16d623d881b33416e822a86b83ab475442464/src/rest/parser_api/parser/antlr_plsql/antlr_py/plsqlListener.py#L1314,"

    # Enter a parse tree produced by plsqlParser#deallocate_unused_clause.
    def enterDeallocate_unused_clause(self, ctx:plsqlParser.Deallocate_unused_clauseContext):
        pass",,Function Explainer,,FALSE,FALSE,FALSE,FALSE,FALSE,FALSE
32216,https://github.com/cermatej/plsql-analysis,e6b16d623d881b33416e822a86b83ab475442464,plsql-analysis,plsql-analysis/src/rest/parser_api/parser/antlr_plsql/antlr_py/plsqlListener.py,plsqlListener.py,https://github.com/cermatej/plsql-analysis/blob/e6b16d623d881b33416e822a86b83ab475442464/src/rest/parser_api/parser/antlr_plsql/antlr_py/plsqlListener.py#L1431,"

    # Enter a parse tree produced by plsqlParser#new_constraint_name.
    def enterNew_constraint_name(self, ctx:plsqlParser.New_constraint_nameContext):
        pass",,Function Explainer,,FALSE,FALSE,FALSE,FALSE,FALSE,FALSE
32403,https://github.com/cermatej/plsql-analysis,e6b16d623d881b33416e822a86b83ab475442464,plsql-analysis,plsql-analysis/src/rest/parser_api/parser/antlr_plsql/antlr_py/plsqlListener.py,plsqlListener.py,https://github.com/cermatej/plsql-analysis/blob/e6b16d623d881b33416e822a86b83ab475442464/src/rest/parser_api/parser/antlr_plsql/antlr_py/plsqlListener.py#L2272,"        pass

    # Exit a parse tree produced by plsqlParser#pragma_elements.
    def exitPragma_elements(self, ctx:plsqlParser.Pragma_elementsContext):
        pass",,Function Explainer,,FALSE,FALSE,FALSE,FALSE,FALSE,FALSE
32467,https://github.com/cermatej/plsql-analysis,e6b16d623d881b33416e822a86b83ab475442464,plsql-analysis,plsql-analysis/src/rest/parser_api/parser/antlr_plsql/antlr_py/plsqlListener.py,plsqlListener.py,https://github.com/cermatej/plsql-analysis/blob/e6b16d623d881b33416e822a86b83ab475442464/src/rest/parser_api/parser/antlr_plsql/antlr_py/plsqlListener.py#L2560,"        pass

    # Exit a parse tree produced by plsqlParser#seq_of_statements.
    def exitSeq_of_statements(self, ctx:plsqlParser.Seq_of_statementsContext):
        pass",,Function Explainer,,FALSE,FALSE,FALSE,FALSE,FALSE,FALSE
32485,https://github.com/cermatej/plsql-analysis,e6b16d623d881b33416e822a86b83ab475442464,plsql-analysis,plsql-analysis/src/rest/parser_api/parser/antlr_plsql/antlr_py/plsqlListener.py,plsqlListener.py,https://github.com/cermatej/plsql-analysis/blob/e6b16d623d881b33416e822a86b83ab475442464/src/rest/parser_api/parser/antlr_plsql/antlr_py/plsqlListener.py#L2641,"        pass

    # Exit a parse tree produced by plsqlParser#else_part.
    def exitElse_part(self, ctx:plsqlParser.Else_partContext):
        pass",,Function Explainer,,FALSE,FALSE,FALSE,FALSE,FALSE,FALSE
32974,https://github.com/cermatej/plsql-analysis,e6b16d623d881b33416e822a86b83ab475442464,plsql-analysis,plsql-analysis/src/rest/parser_api/parser/antlr_plsql/antlr_py/plsqlListener.py,plsqlListener.py,https://github.com/cermatej/plsql-analysis/blob/e6b16d623d881b33416e822a86b83ab475442464/src/rest/parser_api/parser/antlr_plsql/antlr_py/plsqlListener.py#L4842,"

    # Enter a parse tree produced by plsqlParser#collection_name.
    def enterCollection_name(self, ctx:plsqlParser.Collection_nameContext):
        pass",,Function Explainer,,FALSE,FALSE,FALSE,FALSE,FALSE,FALSE
27682,https://github.com/varturas/PnlAITk,72a19f253d1abd4e35fb48da137bacd69b53f179,PnlAITk,PnlAITk/srv/lib/BDDStrategy.py,BDDStrategy.py,https://github.com/varturas/PnlAITk/blob/72a19f253d1abd4e35fb48da137bacd69b53f179/srv/lib/BDDStrategy.py#L1,"#!/usr/bin/env python
__author__ = ""Arturas Vaitaitis""
__version__ = ""1.1""",,shebang,,FALSE,FALSE,FALSE,FALSE,FALSE,FALSE
34387,https://github.com/michaelcukier/Poker-Hand-Tracker,9adae42fab9f640e6939ba06bd588ab1a2feb90f,Poker-Hand-Tracker,Poker-Hand-Tracker/import_new_tournaments/process_hh_files/process/hands/extract/board_cards.py,board_cards.py,https://github.com/michaelcukier/Poker-Hand-Tracker/blob/9adae42fab9f640e6939ba06bd588ab1a2feb90f/import_new_tournaments/process_hh_files/process/hands/extract/board_cards.py#L1,"
def board_cards(hand_txt: str) -> str:
    """"""
    Extracts the board cards from a single hand history

            Parameters:
                    hand_txt (int): a hand history

            Returns:
                    board_cards (str): the board cards
    """"""

    for line in hand_txt.split('\n'):",,Structured Docstring,,FALSE,FALSE,FALSE,FALSE,FALSE,FALSE
26294,https://github.com/gabrielkay/POTUS-Progress-Bar,f2e6ce508d5bceb9ef21bd6fa2fb3eda33a7a1a1,POTUS-Progress-Bar,POTUS-Progress-Bar/twitter_bot.py,twitter_bot.py,https://github.com/gabrielkay/POTUS-Progress-Bar/blob/f2e6ce508d5bceb9ef21bd6fa2fb3eda33a7a1a1/twitter_bot.py#L18,"    diff = today - inaug
    numDiff = float(diff.days)
    yesterDiff = float(numDiff - 1) #will break on inaugeration day
    delta1 = numDiff / 1461
    delta2 = yesterDiff / 1461",, qualitative comment,,FALSE,FALSE,FALSE,FALSE,FALSE,FALSE
55486,https://github.com/singhkumarpratik/prashnottar-django,4db02d439ba6ec59d1473fef350a633930c9d9c1,prashnottar-django,prashnottar-django/qnA/views.py,views.py,https://github.com/singhkumarpratik/prashnottar-django/blob/4db02d439ba6ec59d1473fef350a633930c9d9c1/qnA/views.py#L261,"                )[:10]
                for match in matches:
                    """"""for each similar questions, get those question's answers's users and add them to suggested_user list""""""
                    answers = match.answer_set.all().order_by(""-vote_score"")
                    for answer in answers:",,2-5 or loop DE,,FALSE,FALSE,FALSE,FALSE,FALSE,FALSE
49890,https://github.com/GDGVIT/Priority-Msg-Bot,35c82e5578a8617367bde6f096981f012d40a74f,Priority-Msg-Bot,Priority-Msg-Bot/src/bot/core/bot.py,bot.py,https://github.com/GDGVIT/Priority-Msg-Bot/blob/35c82e5578a8617367bde6f096981f012d40a74f/src/bot/core/bot.py#L416,"

            # Now start the process of collecting information
            self.form_action(chat_id)
        ",,1-2 lines no loop direct explainer,,FALSE,FALSE,FALSE,FALSE,FALSE,FALSE
49898,https://github.com/GDGVIT/Priority-Msg-Bot,35c82e5578a8617367bde6f096981f012d40a74f,Priority-Msg-Bot,Priority-Msg-Bot/src/bot/core/bot.py,bot.py,https://github.com/GDGVIT/Priority-Msg-Bot/blob/35c82e5578a8617367bde6f096981f012d40a74f/src/bot/core/bot.py#L479,"                self.bot.send_message(chat_id, text, parse_mode='Markdown')

                # Clear the menu dictionary
                self.bricks[chat_id]['menu_msg'].clear()
",,1-2 lines no loop direct explainer,,FALSE,FALSE,FALSE,FALSE,FALSE,FALSE
48188,https://github.com/jason-shepherd/programming_timelapse,945f042206255044d2d9830d0f7dfe341f4b9195,programming_timelapse,programming_timelapse/programming_timelapse.py,programming_timelapse.py,https://github.com/jason-shepherd/programming_timelapse/blob/945f042206255044d2d9830d0f7dfe341f4b9195/programming_timelapse.py#L3,"import os

# used to get info about the current window and monitor
import win32api
import win32process",,file descriptor,,FALSE,FALSE,FALSE,FALSE,FALSE,FALSE
404024,https://github.com/empathy0/project_bundler,a9e265418cf0bbe2bd2249194c5651147455b5ec,project_bundler,project_bundler/web_interface/app.py,app.py,https://github.com/empathy0/project_bundler/blob/a9e265418cf0bbe2bd2249194c5651147455b5ec/web_interface/app.py#L518,"
def format_bytes(bytes_size: int) -> str:
    """"""Format bytes as human readable string.""""""
    if bytes_size == 0:
        return '0 B'",,Docstring,,FALSE,FALSE,FALSE,FALSE,FALSE,FALSE
406939,https://github.com/TheRealSaiTama/Project-Chimera,21da80b493600a255e13945e15c020f0b07e567c,Project-Chimera,Project-Chimera/notifier/app.py,app.py,https://github.com/TheRealSaiTama/Project-Chimera/blob/21da80b493600a255e13945e15c020f0b07e567c/notifier/app.py#L45,"    logger.info(f""Notification for target '{target}': {message}"")

    # Forward to external backend if configured
    if BACKEND_URL:
        try:",,1-2 lines no loop direct explainer,,FALSE,FALSE,FALSE,FALSE,FALSE,FALSE
91060,https://github.com/kovermier/prompt-library,b7ad56afc6c91da209f2ffbff3034929065c3da6,prompt-library,prompt-library/tools/search-prompts.py,search-prompts.py,https://github.com/kovermier/prompt-library/blob/b7ad56afc6c91da209f2ffbff3034929065c3da6/tools/search-prompts.py#L1,"#!/usr/bin/env python3
""""""
Prompt Library Search Tool
Smart search functionality for finding the right prompt quickly
""""""

import json",,file descriptor,file descriptor,FALSE,FALSE,FALSE,FALSE,FALSE,FALSE
97069,https://github.com/Wirasm/PRPs-agentic-eng,9581e15df50065c591bcad1215841af2162ec74b,PRPs-agentic-eng,PRPs-agentic-eng/.claude/PRPs/scripts/prp_workflow.py,prp_workflow.py,https://github.com/Wirasm/PRPs-agentic-eng/blob/9581e15df50065c591bcad1215841af2162ec74b/.claude/PRPs/scripts/prp_workflow.py#L250,"    args = parser.parse_args()

    # Validation
    if args.skip_create and not args.prp_path:
        sys.exit(""Error: --skip-create requires --prp-path"")",,section breaker,,FALSE,FALSE,FALSE,FALSE,FALSE,FALSE
48794,https://github.com/chr33z/py-spotify-setlist-generator,78de16e0c50470707124adcc215873bd0e0defc6,py-spotify-setlist-generator,py-spotify-setlist-generator/py_spotify_sg.py,py_spotify_sg.py,https://github.com/chr33z/py-spotify-setlist-generator/blob/78de16e0c50470707124adcc215873bd0e0defc6/py_spotify_sg.py#L11,"
    def __init__(self, config):
        '''
        Initialize the generator by providing spotify and setlistfm authentification
        credentials.

        :param str spotify_auth: spotify authentification
        :param str setlistfm_auth: setlistfm authentification
        '''
        self.config = config
",,Structured Docstring,,FALSE,FALSE,FALSE,FALSE,FALSE,FALSE
27598,https://github.com/nickhir/pyfilemv,cb3581c3f1b805345eeaed508ed0283f754ed5b8,pyfilemv,pyfilemv/pyfilemv/pymv.py,pymv.py,https://github.com/nickhir/pyfilemv/blob/cb3581c3f1b805345eeaed508ed0283f754ed5b8/pyfilemv/pymv.py#L138,"            pass
        for index, l in enumerate(lines):
            # check if we find a match.
            if origin in l.strip():
                n_matches += 1",,1-2 lines no loop direct explainer,,FALSE,FALSE,FALSE,FALSE,FALSE,FALSE
334601,https://github.com/jguida941/pysort-visualizer,55ac0cd6b94e01b1a43216ca90649960249a3cdf,pysort-visualizer,pysort-visualizer/tests/test_compare_stepping.py,test_compare_stepping.py,https://github.com/jguida941/pysort-visualizer/blob/55ac0cd6b94e01b1a43216ca90649960249a3cdf/tests/test_compare_stepping.py#L129,"        from src.app.core.player import Player

        # Create a player with mock callbacks
        step_index = 0
",,1-2 lines no loop direct explainer,,FALSE,FALSE,FALSE,FALSE,FALSE,FALSE
35101,https://github.com/milosv1/Python_Storage_Tracker,3c76a9ee48545ab5b530fc8e05358dec8379312e,Python_Storage_Tracker,Python_Storage_Tracker/s_tracker.py,s_tracker.py,https://github.com/milosv1/Python_Storage_Tracker/blob/3c76a9ee48545ab5b530fc8e05358dec8379312e/s_tracker.py#L126,"    

#-------------------------------------------------

#this function  converts larger numbers into - Kilobytes - MegaBytes - Gigabytes - TeraBytes - PetaBytes",,section breaker,,FALSE,FALSE,FALSE,FALSE,FALSE,FALSE
4278,https://github.com/grey-area/qcircuits,c42a525e50b8df7c77e2407dcefea5bf7458525b,qcircuits,qcircuits/examples/phase_estimation.py,phase_estimation.py,https://github.com/grey-area/qcircuits/blob/c42a525e50b8df7c77e2407dcefea5bf7458525b/examples/phase_estimation.py#L75,"    U = qc.Operator.from_matrix(U)
    
    # an eigenvector u and the phase of its eigenvalue, phi
    phi = np.real(np.log(eigvals[0]) / (2j*np.pi))
    if phi < 0:",,1-2 lines no loop direct explainer,,FALSE,FALSE,FALSE,FALSE,FALSE,FALSE
4222,https://github.com/grey-area/qcircuits,c42a525e50b8df7c77e2407dcefea5bf7458525b,qcircuits,qcircuits/docs/source/conf.py,conf.py,https://github.com/grey-area/qcircuits/blob/c42a525e50b8df7c77e2407dcefea5bf7458525b/docs/source/conf.py#L30,"

# -- General configuration ---------------------------------------------------

# If your documentation needs a minimal Sphinx version, state it here.",,section breaker,,FALSE,FALSE,FALSE,FALSE,FALSE,FALSE
93013,https://github.com/taylorwilsdon/quantconnect-mcp,db736df08275c83d277ecbf4be124ecedafb0b40,quantconnect-mcp,quantconnect-mcp/quantconnect_mcp/src/tools/file_tools.py,file_tools.py,https://github.com/taylorwilsdon/quantconnect-mcp/blob/db736df08275c83d277ecbf4be124ecedafb0b40/quantconnect_mcp/src/tools/file_tools.py#L123,"                    files = data.get(""files"", [])

                    # If specific file was requested
                    if name is not None:
                        if files:",,1-2 lines no loop direct explainer,,FALSE,FALSE,FALSE,FALSE,FALSE,FALSE
186431,https://github.com/Detrol/quorum-cli,6366ca7cf31500babcff934b60fde4569c00722d,quorum-cli,quorum-cli/src/quorum/ipc.py,ipc.py,https://github.com/Detrol/quorum-cli/blob/6366ca7cf31500babcff934b60fde4569c00722d/src/quorum/ipc.py#L1323,"    loop = asyncio.get_event_loop()

    # Pre-warm heavy imports in background (non-blocking)
    # This speeds up the first discussion by ~1-2s
    loop.run_in_executor(None, _prewarm_imports)
",,1-2 lines no loop direct explainer,,FALSE,TRUE,FALSE,FALSE,FALSE,FALSE
186676,https://github.com/Detrol/quorum-cli,6366ca7cf31500babcff934b60fde4569c00722d,quorum-cli,quorum-cli/src/quorum/methods/standard.py,standard.py,https://github.com/Detrol/quorum-cli/blob/6366ca7cf31500babcff934b60fde4569c00722d/src/quorum/methods/standard.py#L81,"        yield self._create_phase_marker(1, {""count"": str(num_participants)})

        # Stream ThinkingComplete events and collect results
        async for item in self._run_phase1_streaming(task):
            if isinstance(item, ThinkingComplete):",,1-2 lines no loop direct explainer,,FALSE,FALSE,FALSE,FALSE,FALSE,FALSE
125459,https://github.com/mahmoudsamy7729/RAG-builder,be0c14c89c333387065167f679bd83f78c03a827,RAG-builder,RAG-builder/CHATful-backend/src/billing/repository.py,repository.py,https://github.com/mahmoudsamy7729/RAG-builder/blob/be0c14c89c333387065167f679bd83f78c03a827/CHATful-backend/src/billing/repository.py#L127,"            plan_id=plan_id,
            status=status,
            # provider fields
            provider=provider,
            provider_subscription_id=provider_subscription_id,",,1-2 lines no loop direct explainer,,FALSE,FALSE,FALSE,FALSE,FALSE,FALSE
92259,https://github.com/kane111/rag-chat-v2,66be893e9f19c08d2f97fbb9cff12d897c33b8c8,rag-chat-v2,rag-chat-v2/backend/routers/files.py,files.py,https://github.com/kane111/rag-chat-v2/blob/66be893e9f19c08d2f97fbb9cff12d897c33b8c8/backend/routers/files.py#L24,"    db: Session = Depends(get_db)
):
    # Use runtime RAG config if chunking_method not provided
    from ..services.runtime_config import get_runtime_rag
    ",,2-5 or loop DE,,FALSE,TRUE,FALSE,FALSE,FALSE,FALSE
403846,https://github.com/BassanioMusic/Random-Melody-Generator,66f2404da16b8cf4fc6bec8a1387c510c6bd01b5,Random-Melody-Generator,Random-Melody-Generator/melody_generator.py,melody_generator.py,https://github.com/BassanioMusic/Random-Melody-Generator/blob/66f2404da16b8cf4fc6bec8a1387c510c6bd01b5/melody_generator.py#L191,"nav_frame.grid_columnconfigure(1, weight=1)

# ------------------ Control Mode ------------------ #
control_frame = ctk.CTkFrame(container, fg_color=""#2e2e2e"", corner_radius=0)
ctk.CTkLabel(control_frame,",,section breaker,,FALSE,FALSE,FALSE,FALSE,FALSE,FALSE
50045,https://github.com/xojoc/randomwebsitebot,8f78dde47ac2263d199f3abe41887ca5c201dd24,randomwebsitebot,randomwebsitebot/src/bot.py,bot.py,https://github.com/xojoc/randomwebsitebot/blob/8f78dde47ac2263d199f3abe41887ca5c201dd24/src/bot.py#L1,"#!/usr/bin/env python

import base64",,shebang,,FALSE,FALSE,FALSE,FALSE,FALSE,FALSE
122120,https://github.com/Kabi10/ratemyemployer,a633f78eba62b7a1e6b5fd10bd74f0f448fbe80c,ratemyemployer,ratemyemployer/scripts/fetch_github_security_issues.py,fetch_github_security_issues.py,https://github.com/Kabi10/ratemyemployer/blob/a633f78eba62b7a1e6b5fd10bd74f0f448fbe80c/scripts/fetch_github_security_issues.py#L22,"        print(f""- {alert['dependency']['package']['name']} | Severity: {alert['security_advisory']['severity']} | {alert['security_advisory']['summary']} | Status: {alert['state']}"")

# Security advisories
advisories_url = f""https://api.github.com/repos/{repo}/security-advisories?per_page=100""
advisories = requests.get(advisories_url, headers=headers).json()",,1-2 lines no loop direct explainer,,FALSE,FALSE,FALSE,FALSE,FALSE,FALSE
26560,https://github.com/sgriffin53/ravenopeningsexplorer,3497a333e75eabf496b6904cd7a85e31dc7c1e72,ravenopeningsexplorer,ravenopeningsexplorer/main.py,main.py,https://github.com/sgriffin53/ravenopeningsexplorer/blob/3497a333e75eabf496b6904cd7a85e31dc7c1e72/main.py#L612,"    #elif (not board.turn and p2 != ""Human""): newAIthread()

""""""
def getAIMove():
global board
global root
global canvasSize
global gameStateVar
global pvmove

lastpvmovestr = """"
if (p1 == ""AI"" and board.turn): engine = engine1
elif (p2 == ""AI"" and not board.turn): engine = engine2
lastStartScrX = None
lastStartScrY = None
lastEndScrX = None
lastEndScrY = None
with engine.analysis(board, chess.engine.Limit(time=(0.5))) as analysis:
    for info in analysis:
        if (info.get(""pv"") != None):
            pvmove = info.get(""pv"")[0]
            print(info.get(""score""))
            pvmovestr = str(pvmove)
            if lastpvmovestr != pvmovestr:
                startfile = ord(pvmovestr[0]) - 97
                startrank = ord(pvmovestr[1]) - 49
                endfile = ord(pvmovestr[2]) - 97
                endrank = ord(pvmovestr[3]) - 49
                startrank = 7 - startrank
                endrank = 7 - endrank
                squareSize = canvasSize / 8
                (startScrX, startScrY) = convertBoardIndextoXY(startfile, startrank)
                (endScrX, endScrY) = convertBoardIndextoXY(endfile, endrank)
                #drawBoard()
                #drawPieces()
                if lastStartScrX != None:
                    colLight = (128, 128, 128)
                    colDark = (196, 196, 196)
                    colLight = '#%02x%02x%02x' % colLight
                    colDark = '#%02x%02x%02x' % colDark
                    startcol = colLight
                    endcol = colLight
                    if ((laststartrank + laststartfile) % 2 == 0): startcol = colDark
                    if ((lastendrank + lastendfile) % 2 == 0): endcol = colDark
                    boardCanvas.create_rectangle(lastStartScrX +3, lastStartScrY +3, (lastStartScrX + squareSize - 2), (lastStartScrY + squareSize - 2), outline=startcol,
                                 width=6)
                    boardCanvas.create_rectangle(lastEndScrX +3, lastEndScrY +3, (lastEndScrX + squareSize - 2), (lastEndScrY + squareSize - 2), outline=endcol,
                                 width=6)
                boardCanvas.create_rectangle(startScrX +3, startScrY +3, (startScrX + squareSize - 2), (startScrY + squareSize - 2), outline=""#0000FF"",
                                 width=6)
                boardCanvas.create_rectangle(endScrX +3, endScrY +3, (endScrX + squareSize - 2), (endScrY + squareSize - 2), outline=""#0000FF"",
                                 width=6)
                lastStartScrX = startScrX
                lastStartScrY = startScrY
                lastEndScrX = endScrX
                lastEndScrY = endScrY
                laststartfile = startfile
                laststartrank = startrank
                lastendfile = endfile
                lastendrank = endrank
            lastpvmovestr = pvmovestr
pvmove = analysis.info['pv'][0]
board.push_uci(str(pvmove))
root.after(1, drawBoard)
root.after(1, drawPieces)
legalmoves = board.legal_moves
count = 0
for x in legalmoves:
    count += 1
if (count == 0):
    gameStateVar.set(""End of game."")
    root.update()
    gameinprogress = False
else:
    if (board.turn): gameStateVar.set(""White to move."")
    else: gameStateVar.set(""Black to move."")
    root.update()
    if (p1 == ""AI"" and board.turn):
        newAIthread()
    elif (p2 == ""AI"" and not board.turn):
        newAIthread()

def newAIthread():
global root
thread = threading.Thread(target=getAIMove)
thread.start()
""""""
def redrawTile(x, y):
    global count",longest for real real,Commented out code,,FALSE,FALSE,FALSE,FALSE,FALSE,FALSE
185426,https://github.com/rbee-keeper/rbee,4a049b96e7b2650f768ae1c0d7a1ce354990880f,rbee,rbee/scripts/.archive/find-dependency-path.py,find-dependency-path.py,https://github.com/rbee-keeper/rbee/blob/4a049b96e7b2650f768ae1c0d7a1ce354990880f/scripts/.archive/find-dependency-path.py#L153,"        print()
        
        for i, path in enumerate(sorted(all_paths, key=len)[1:6], 1):  # Show up to 5 more
            print(f""### Path {i + 1} ({len(path) - 1} hops)"")
            print()",,2-5 or loop DE,,FALSE,FALSE,FALSE,FALSE,FALSE,FALSE
26995,https://github.com/alonstern/real-estate-tracker,99e658f0d7d01100de4bdc2fc57d08aa5e52ee19,real-estate-tracker,real-estate-tracker/src/train_model.py,train_model.py,https://github.com/alonstern/real-estate-tracker/blob/99e658f0d7d01100de4bdc2fc57d08aa5e52ee19/src/train_model.py#L121,"    joblib.dump([model, vectorizer, scaler], '_build/model')

  # model, vectorizer, scaler = joblib.load('_build/model')
  # print(predict_price(model, vectorizer, scaler, data['Items']))
  # print(data['Items'][0]['price'])
  ",,Commented out code,,FALSE,FALSE,FALSE,FALSE,FALSE,FALSE
86921,https://github.com/hongxin/RealConsole,4d9496681a7144006d99c8051703811582910bcf,RealConsole,RealConsole/scripts/utils/extract-conversations.py,extract-conversations.py,https://github.com/hongxin/RealConsole/blob/4d9496681a7144006d99c8051703811582910bcf/scripts/utils/extract-conversations.py#L93,"        print(""警告: 未找到 sessions-index.json"")

    # 2. 提取所有会话
    sessions = []
    agents = []",,Numbered Step,,FALSE,FALSE,FALSE,FALSE,FALSE,FALSE
35083,https://github.com/PabloLec/recoverpy,aea270e38d17d7234bc1f913bb2a6a2973bf9a01,recoverpy,recoverpy/recoverpy/lib/search/search_engine.py,search_engine.py,https://github.com/PabloLec/recoverpy/blob/aea270e38d17d7234bc1f913bb2a6a2973bf9a01/recoverpy/lib/search/search_engine.py#L76,"
    def is_result_format_valid(self, result) -> bool:
        """"""Check if all searched lines are present in result block and next adjacent
        block, else result is a false positive and will not be displayed.
        """"""

        inode: int = int(get_inode(result))",,Docstring,,FALSE,FALSE,FALSE,FALSE,FALSE,FALSE
56408,https://github.com/kylelobo/Reddit-Bot,e007c10ff23a25755a0e0b41d267d1f445d0f299,Reddit-Bot,Reddit-Bot/Wordbook_Bot/wordbook_bot.py,wordbook_bot.py,https://github.com/kylelobo/Reddit-Bot/blob/e007c10ff23a25755a0e0b41d267d1f445d0f299/Wordbook_Bot/wordbook_bot.py#L96,"                            comment_reply += ""\n\n\n\n**Source:** "" + source

                    # Urban Dictionary
                    else:
                        urban_dict_url = ""http://api.urbandictionary.com/v0/define?term={"" + word + ""}""",,section breaker,,FALSE,FALSE,FALSE,FALSE,FALSE,FALSE
51428,https://github.com/johnyrose/reddit-news,db325cfdc509c40c4b97b937198d9355b478fdf8,reddit-news,reddit-news/collector/collector.py,collector.py,https://github.com/johnyrose/reddit-news/blob/db325cfdc509c40c4b97b937198d9355b478fdf8/collector/collector.py#L18,"        post_objects.append(Post(
            title=post.title,
            subreddit=post.subreddit.url,  # Will look like '/r/Python'
            score=post.score,
            url=post.url,",, qualitative comment, qualitative comment,FALSE,FALSE,FALSE,FALSE,FALSE,FALSE
30093,https://github.com/nfflow/redditflow,db7c75583d033aeea718ab6ac8b94e5e77247109,redditflow,redditflow/redditflow/apis/text/TextApi.py,TextApi.py,https://github.com/nfflow/redditflow/blob/db7c75583d033aeea718ab6ac8b94e5e77247109/redditflow/apis/text/TextApi.py#L14,"                                      ""%d.%m.%Y %H:%M:%S"").timestamp()
            time2 = datetime.now().timestamp()
            # if end time is atleast 10 mins from now
            if time1-time2 > 600:
                newtime = datetime.now().timestamp()",,Control flow/program logic,,FALSE,FALSE,FALSE,FALSE,FALSE,FALSE
30081,https://github.com/pranavpa8788/Rekey,e8fc6b6c9de037192e285abfff9b19a1562157ea,Rekey,Rekey/bin/tree.py,tree.py,https://github.com/pranavpa8788/Rekey/blob/e8fc6b6c9de037192e285abfff9b19a1562157ea/bin/tree.py#L185,"    print(""time_taken"", time.perf_counter() - start)

    # print(tree)

# Tests",,Commented out code,,FALSE,FALSE,FALSE,FALSE,FALSE,FALSE
403782,https://github.com/imabeastdrew/resybot,0f19a22e928cebd530aa3b208e7f768a85403f48,resybot,resybot/src/resbot/runner/orchestrator.py,orchestrator.py,https://github.com/imabeastdrew/resybot/blob/0f19a22e928cebd530aa3b208e7f768a85403f48/src/resbot/runner/orchestrator.py#L147,"		return False

	# Stage resolved files to mark conflicts as resolved in the index.
	try:
		if conflicted_paths:",,1-2 lines no loop direct explainer,,FALSE,FALSE,FALSE,FALSE,FALSE,FALSE
29760,https://github.com/apoclyps/reviews,664dacef45d14923c12b71c75fd23e3dfeb14e60,reviews,reviews/reviews/controller.py,controller.py,https://github.com/apoclyps/reviews/blob/664dacef45d14923c12b71c75fd23e3dfeb14e60/reviews/controller.py#L126,"
    def retrieve_pull_requests(self, project_id: str, namespace: str) -> Union[Table, None]:
        """"""Renders Terminal UI Dashboard""""""
        pull_requests = []
        try:",,Docstring,,FALSE,FALSE,FALSE,FALSE,FALSE,FALSE
35133,https://github.com/2018kguo/RobinhoodBot,f05c4b7b806aa59281b3c02fd80c86a37d1c4943,RobinhoodBot,RobinhoodBot/robinhoodbot/main.py,main.py,https://github.com/2018kguo/RobinhoodBot/blob/f05c4b7b806aa59281b3c02fd80c86a37d1c4943/robinhoodbot/main.py#L20,"    history = r.get_stock_historicals(ticker,interval=intervalArg,span=spanArg,bounds=boundsArg)

    #If it's not a stock ticker, try it as a crypto ticker
    if(history is None or None in history):
        history = r.get_crypto_historicals(ticker,interval=intervalArg,span=spanArg,bounds=boundsArg)",,Control flow/program logic,Control flow/program logic,FALSE,FALSE,FALSE,FALSE,FALSE,FALSE
60620,https://github.com/bcdannyboy/robot-dreams,ff4ad1046d46d637defa8dab9b665261958df145,robot-dreams,robot-dreams/Remorse/claude-3-7-sonnet.py,claude-3-7-sonnet.py,https://github.com/bcdannyboy/robot-dreams/blob/ff4ad1046d46d637defa8dab9b665261958df145/Remorse/claude-3-7-sonnet.py#L275,"                memory['fade'] = max(0.1, memory['fade'] - 0.1)
            
            # Slightly move memories
            memory['x'] += random.uniform(-1, 1)
            memory['y'] += random.uniform(-1, 1)",,1-2 lines no loop direct explainer,1-2 lines no loop direct explainer,FALSE,FALSE,FALSE,FALSE,FALSE,FALSE
60710,https://github.com/bcdannyboy/robot-dreams,ff4ad1046d46d637defa8dab9b665261958df145,robot-dreams,robot-dreams/Remorse/gpt-o4-mini.py,gpt-o4-mini.py,https://github.com/bcdannyboy/robot-dreams/blob/ff4ad1046d46d637defa8dab9b665261958df145/Remorse/gpt-o4-mini.py#L19,"        self.x = random.uniform(WIDTH * 0.25, WIDTH * 0.75)
        self.y = random.uniform(-50, 0)
        # Downward velocity with slight variation
        self.vy = random.uniform(1, 3)
        # Horizontal drift simulating uncertainty",,1-2 lines no loop direct explainer,,FALSE,FALSE,FALSE,FALSE,FALSE,FALSE
48814,https://github.com/sansyrox/robyn,cc21a3ab8fa6584d623fb76b7546a1cb7157f7d5,robyn,robyn/robyn/__init__.py,__init__.py,https://github.com/sansyrox/robyn/blob/cc21a3ab8fa6584d623fb76b7546a1cb7157f7d5/robyn/__init__.py#L58,"
    def before_request(self, endpoint: str) -> Callable[..., None]:
        """"""
        The @app.before_request decorator to add a get route

        :param endpoint str: endpoint to server the route
        """"""

        return self.middleware_router.add_before_request(endpoint)",,Structured Docstring,,FALSE,FALSE,FALSE,FALSE,FALSE,FALSE
403651,https://github.com/rocketship-ai/rocketship,08e4e5043baf28a45539a12bb0908f8585944986,rocketship,rocketship/internal/plugins/agent/agent_executor.py,agent_executor.py,https://github.com/rocketship-ai/rocketship/blob/08e4e5043baf28a45539a12bb0908f8585944986/internal/plugins/agent/agent_executor.py#L41,"
def _check_versions() -> Optional[dict]:
    """"""
    Check required package versions. Returns error dict if versions insufficient, None if OK.

    Note: This plugin requires Claude Code >= v2.0.0 for full functionality.
    """"""
    from importlib.metadata import version, PackageNotFoundError
",,Docstring,,FALSE,FALSE,FALSE,FALSE,FALSE,FALSE
55521,https://github.com/SHA65536/RubiksCube,6f94264271738c141e7beffce806aebdd082ff7d,RubiksCube,RubiksCube/Cube.py,Cube.py,https://github.com/SHA65536/RubiksCube/blob/6f94264271738c141e7beffce806aebdd082ff7d/Cube.py#L26,"    Y_AXIS = 2

    # These represent the destination of faces after rotation.
    X_AXIS_FACE_TRANSLATION = [5,4,2,3,0,1]
    Z_AXIS_FACE_TRANSLATION = [0,1,4,5,3,2]",, qualitative comment, qualitative comment,FALSE,FALSE,FALSE,FALSE,FALSE,FALSE
139056,https://github.com/kabir-21/sami-vs-moiz,da5c3ca1f347fec0af01a0e0e859b314d95bb9f6,sami-vs-moiz,sami-vs-moiz/slap_fight.py,slap_fight.py,https://github.com/kabir-21/sami-vs-moiz/blob/da5c3ca1f347fec0af01a0e0e859b314d95bb9f6/slap_fight.py#L61,"        self.has_active_slap = False  # Track if fighter has an active slap
        
        # AI timers
        self.ai_move_timer = 0
        self.ai_jump_timer = 0",,section breaker,,FALSE,FALSE,FALSE,FALSE,FALSE,FALSE
123442,https://github.com/jordicor/santa-claus-is-calling,32780575c5e5b93c4d0fa96df36b9337f6f87e5c,santa-claus-is-calling,santa-claus-is-calling/austin-to-santa.py,austin-to-santa.py,https://github.com/jordicor/santa-claus-is-calling/blob/32780575c5e5b93c4d0fa96df36b9337f6f87e5c/austin-to-santa.py#L1367,"        }

    # ==========================================================================================================
    # MAKE STREAMING REQUEST
    # ==========================================================================================================
    # Use the session's connection pool to make the request.
    # ssl=False is used here (should be True in production for security).
    # Each chunk of the response is decoded and yielded immediately.
    async with session[call_sid].post(url, ssl=False, headers=headers, data=orjson.dumps(data)) as response:
        async for chunk in response.content:",This has many things (decided to default to annotating the first one),section breaker,section breaker,FALSE,FALSE,TRUE,FALSE,FALSE,FALSE
58138,https://github.com/jbdamask/scratch,8e927149a250e44f09756f7fdf6d7db04b2a2623,scratch,scratch/TOOLS/instagram-downloader/instagram_downloader.py,instagram_downloader.py,https://github.com/jbdamask/scratch/blob/8e927149a250e44f09756f7fdf6d7db04b2a2623/TOOLS/instagram-downloader/instagram_downloader.py#L103,"                # Extract frames if requested
                if self.extract_frames:
                    # Find the downloaded video file
                    pattern = str(self.timestamp_dir / f""*{video_id}*.mp4"")
                    video_files = glob.glob(pattern)",,1-2 lines no loop direct explainer,,FALSE,FALSE,FALSE,FALSE,FALSE,FALSE
26339,https://github.com/simplecto/screenshots,38da230c39da12e60c723756290997da775ea863,screenshots,screenshots/src/shots/migrations/0023_auto_20201218_1646.py,0023_auto_20201218_1646.py,https://github.com/simplecto/screenshots/blob/38da230c39da12e60c723756290997da775ea863/src/shots/migrations/0023_auto_20201218_1646.py#L1,"# Generated by Django 3.1.4 on 2020-12-18 16:46

from django.db import migrations, models",file descriptor and also maybe automated tool? MLE likes file descriptor because instrumentation is a note for a tool not a note from a tool - but added pooible fileuthor code,File author,File author,FALSE,FALSE,FALSE,FALSE,FALSE,FALSE
131911,https://github.com/augiefra/ScreenSnap-Distribution,5a23f3a08f694425f8e80755a958a7d15f92fd02,ScreenSnap-Distribution,ScreenSnap-Distribution/scripts/create_appstore_screenshots.py,create_appstore_screenshots.py,https://github.com/augiefra/ScreenSnap-Distribution/blob/5a23f3a08f694425f8e80755a958a7d15f92fd02/scripts/create_appstore_screenshots.py#L1,"#!/usr/bin/env python3
""""""
Create App Store formatted screenshots with blurred background
Usage: python3 create_appstore_screenshots.py <input_image> [output_size]

Sizes: 1280x800, 1440x900, 2560x1600, 2880x1800
Default: 1440x900
""""""

import sys",,file descriptor,,FALSE,FALSE,FALSE,FALSE,FALSE,FALSE
28829,https://github.com/MoeinMavini/sema,219cd1c7e04a03422ebb41a982d936da3ba18e6c,sema,sema/sema/manage_setting/manage_setting_cli.py,manage_setting_cli.py,https://github.com/MoeinMavini/sema/blob/219cd1c7e04a03422ebb41a982d936da3ba18e6c/sema/manage_setting/manage_setting_cli.py#L318,"                                                        value = get.possible_value_by_number(path, name, choice-1)
                                                        
                                                        if 'min' in value:#Check if value is ranged
                                                            while True:
                                                                action = input(""\nEnter '1' to set min\nEnter '2' to set max\nEnter '3' to set step\n""",,Control flow/program logic,,FALSE,TRUE,FALSE,FALSE,FALSE,FALSE
48848,https://github.com/RonenNess/ShackDB,da730743ae80396003592edbb2b5d598563139a2,ShackDB,ShackDB/fix_readme_assets.py,fix_readme_assets.py,https://github.com/RonenNess/ShackDB/blob/da730743ae80396003592edbb2b5d598563139a2/fix_readme_assets.py#L12,"  file.write(filedata)

# copy readme screenshots
if os.path.exists('ShackDB/views/public/readme_assets'):
    shutil.rmtree('ShackDB/views/public/readme_assets')",,1-2 lines no loop direct explainer,,FALSE,FALSE,FALSE,FALSE,FALSE,FALSE
29685,https://github.com/rish-16/sight,d04db64a03a5c2808027246b23384ea2e474479c,sight,sight/sightseer/sightseer.py,sightseer.py,https://github.com/rish-16/sight/blob/d04db64a03a5c2808027246b23384ea2e474479c/sightseer/sightseer.py#L4,"from tensorflow.keras.preprocessing.image import load_img, img_to_array

# need to find Linux-friendly alternative
# from PIL import ImageGrab

import matplotlib.cm as cm",,Note to self,,FALSE,FALSE,FALSE,FALSE,FALSE,FALSE
215631,https://github.com/Thrasher-Intelligence/sigil,ba6df01b4903b60f7c49553c3cb66beb52981dbc,sigil,sigil/backend/api/routes/chat.py,chat.py,https://github.com/Thrasher-Intelligence/sigil/blob/ba6df01b4903b60f7c49553c3cb66beb52981dbc/backend/api/routes/chat.py#L179,"        )
        
        # First truncate at stop tokens if provided
        truncated_response = truncate_at_stop_token(raw_response, req.stop) if req.stop else raw_response
        ",,1-2 lines no loop direct explainer,,FALSE,FALSE,FALSE,FALSE,FALSE,FALSE
26355,https://github.com/galalen/simple-hand-calc,43e4e1e9e32709a293ab1b20a4a115d44367544e,simple-hand-calc,simple-hand-calc/video_hand_calc.py,video_hand_calc.py,https://github.com/galalen/simple-hand-calc/blob/43e4e1e9e32709a293ab1b20a4a115d44367544e/video_hand_calc.py#L98,"		COUNTER = 0

	# we use the same process used for the first number
	# but we start this process after drawing the first numebr 
	# to ensure not getting the same number wrongly

	if draw_x:",,Control flow/program logic,,FALSE,TRUE,FALSE,FALSE,TRUE,TRUE
308499,https://github.com/fr4iser90/SimpleSecCheck,510b3ea913af3b9e3987aa128925dfcedd97148f,SimpleSecCheck,SimpleSecCheck/backend/app/services/scanner_worker.py,scanner_worker.py,https://github.com/fr4iser90/SimpleSecCheck/blob/510b3ea913af3b9e3987aa128925dfcedd97148f/backend/app/services/scanner_worker.py#L426,"        # This ensures we get the clean repo name without timestamps
        if is_git_url(repository_url):
            # Extract repo name from Git URL
            if ""github.com"" in repository_url or ""gitlab.com"" in repository_url:
                parts = repository_url.rstrip(""/"").split(""/"")",,1-2 lines no loop direct explainer,,FALSE,FALSE,FALSE,FALSE,FALSE,FALSE
308262,https://github.com/fr4iser90/SimpleSecCheck,510b3ea913af3b9e3987aa128925dfcedd97148f,SimpleSecCheck,SimpleSecCheck/backend/app/services/policy_service.py,policy_service.py,https://github.com/fr4iser90/SimpleSecCheck/blob/510b3ea913af3b9e3987aa128925dfcedd97148f/backend/app/services/policy_service.py#L1,"""""""
Central policy service for environment-dependent restrictions.
""""""
from __future__ import annotations
",,file descriptor,,FALSE,FALSE,FALSE,FALSE,FALSE,FALSE
309208,https://github.com/fr4iser90/SimpleSecCheck,510b3ea913af3b9e3987aa128925dfcedd97148f,SimpleSecCheck,SimpleSecCheck/scanner/scanners/snyk/processor.py,processor.py,https://github.com/fr4iser90/SimpleSecCheck/blob/510b3ea913af3b9e3987aa128925dfcedd97148f/scanner/scanners/snyk/processor.py#L1,"#!/usr/bin/env python3
from scanner.reporting.processor_registry import ReportProcessor
import sys",,shebang,,FALSE,FALSE,FALSE,FALSE,FALSE,FALSE
144946,https://github.com/saharmor/simulatedev,faa3a442f76167e8d715178b95d35f67afe75cd5,simulatedev,simulatedev/tmux_gemini_standalone.py,tmux_gemini_standalone.py,https://github.com/saharmor/simulatedev/blob/faa3a442f76167e8d715178b95d35f67afe75cd5/tmux_gemini_standalone.py#L165,"            pass
    
    # Return current buffer
    output = manager.get_session_output(sid)
    if output is not None:",,1-2 lines no loop direct explainer,,FALSE,FALSE,FALSE,FALSE,FALSE,FALSE
145180,https://github.com/saharmor/simulatedev,faa3a442f76167e8d715178b95d35f67afe75cd5,simulatedev,simulatedev/agents/openai_codex_agent.py,openai_codex_agent.py,https://github.com/saharmor/simulatedev/blob/faa3a442f76167e8d715178b95d35f67afe75cd5/agents/openai_codex_agent.py#L371,"        """"""Extract the agent's output content from the page""""""
        try:
            # Wait a moment for content to fully render
            await self.page.wait_for_timeout(2000)
            ",,1-2 lines no loop direct explainer,1-2 lines no loop direct explainer,FALSE,TRUE,FALSE,FALSE,FALSE,FALSE
145704,https://github.com/saharmor/simulatedev,faa3a442f76167e8d715178b95d35f67afe75cd5,simulatedev,simulatedev/utils/computer_use_utils.py,computer_use_utils.py,https://github.com/saharmor/simulatedev/blob/faa3a442f76167e8d715178b95d35f67afe75cd5/utils/computer_use_utils.py#L900,"            window_y=y,
            original_width=width,  # Use window width from AppleScript
            original_height=height  # Use window height from AppleScript
        )
        ",,1-2 lines no loop direct explainer,,FALSE,FALSE,FALSE,FALSE,FALSE,FALSE
60792,https://github.com/skaldlabs/skald,af3626a35ef2f9738176c4cfd929b29664f10128,skald,skald/embedding-service/main.py,main.py,https://github.com/skaldlabs/skald/blob/af3626a35ef2f9738176c4cfd929b29664f10128/embedding-service/main.py#L45,"        return embedding + [0.0] * (TARGET_DIMENSION - current_dim)
    else:
        # Vector too large - not supported
        raise ValueError(
            f""Embedding dimension {current_dim} exceeds maximum supported dimension {TARGET_DIMENSION}""",,1-2 lines no loop direct explainer,1-2 lines no loop direct explainer,FALSE,TRUE,FALSE,FALSE,FALSE,FALSE
201747,https://github.com/yusufkaraaslan/Skill_Seekers,0ca271cdcb5cc3f99da501c457eb4d9813b9cfc0,Skill_Seekers,Skill_Seekers/tests/test_utilities.py,test_utilities.py,https://github.com/yusufkaraaslan/Skill_Seekers/blob/0ca271cdcb5cc3f99da501c457eb4d9813b9cfc0/tests/test_utilities.py#L164,"            zip_path = Path(tmpdir) / ""test-skill.zip""

            # Create a real zip file
            with zipfile.ZipFile(zip_path, ""w"") as zf:
                zf.writestr(""SKILL.md"", ""# Test"")",,1-2 lines no loop direct explainer,,FALSE,FALSE,FALSE,FALSE,FALSE,FALSE
209578,https://github.com/yusufkaraaslan/Skill_Seekers,0ca271cdcb5cc3f99da501c457eb4d9813b9cfc0,Skill_Seekers,Skill_Seekers/src/skill_seekers/cli/rate_limit_handler.py,rate_limit_handler.py,https://github.com/yusufkaraaslan/Skill_Seekers/blob/0ca271cdcb5cc3f99da501c457eb4d9813b9cfc0/src/skill_seekers/cli/rate_limit_handler.py#L101,"            return True

        # Check current rate limit status
        try:
            rate_info = self.get_rate_limit_info()",,1-2 lines no loop direct explainer,,FALSE,FALSE,FALSE,FALSE,FALSE,FALSE
204059,https://github.com/yusufkaraaslan/Skill_Seekers,0ca271cdcb5cc3f99da501c457eb4d9813b9cfc0,Skill_Seekers,Skill_Seekers/tests/test_config_fetcher.py,test_config_fetcher.py,https://github.com/yusufkaraaslan/Skill_Seekers/blob/0ca271cdcb5cc3f99da501c457eb4d9813b9cfc0/tests/test_config_fetcher.py#L245,"        config_file.write_text('{""name"": ""test""}')

        # Change to tmp_path for relative path testing
        import os
",,2-5 or loop DE,,FALSE,FALSE,FALSE,FALSE,FALSE,FALSE
207689,https://github.com/yusufkaraaslan/Skill_Seekers,0ca271cdcb5cc3f99da501c457eb4d9813b9cfc0,Skill_Seekers,Skill_Seekers/src/skill_seekers/cli/config_extractor.py,config_extractor.py,https://github.com/yusufkaraaslan/Skill_Seekers/blob/0ca271cdcb5cc3f99da501c457eb4d9813b9cfc0/src/skill_seekers/cli/config_extractor.py#L95,"    total_files: int = 0
    total_settings: int = 0
    detected_patterns: dict[str, list[str]] = field(default_factory=dict)  # pattern -> files
    errors: list[str] = field(default_factory=list)
",,Control flow/program logic,,FALSE,FALSE,FALSE,FALSE,FALSE,FALSE
200473,https://github.com/yusufkaraaslan/Skill_Seekers,0ca271cdcb5cc3f99da501c457eb4d9813b9cfc0,Skill_Seekers,Skill_Seekers/tests/test_mcp_server.py,test_mcp_server.py,https://github.com/yusufkaraaslan/Skill_Seekers/blob/0ca271cdcb5cc3f99da501c457eb4d9813b9cfc0/tests/test_mcp_server.py#L47,"@unittest.skipUnless(MCP_AVAILABLE, ""MCP package not installed"")
class TestMCPServerInitialization(unittest.TestCase):
    """"""Test MCP server initialization""""""

    def test_server_import(self):",,Docstring,,FALSE,FALSE,FALSE,FALSE,FALSE,FALSE
201023,https://github.com/yusufkaraaslan/Skill_Seekers,0ca271cdcb5cc3f99da501c457eb4d9813b9cfc0,Skill_Seekers,Skill_Seekers/tests/test_workflows_command.py,test_workflows_command.py,https://github.com/yusufkaraaslan/Skill_Seekers/blob/0ca271cdcb5cc3f99da501c457eb4d9813b9cfc0/tests/test_workflows_command.py#L343,"
    def test_remove_partial_failure_continues(self, capsys, tmp_user_dir):
        """"""A missing workflow doesn't prevent others from being removed.""""""
        (tmp_user_dir / ""wf-good.yaml"").write_text(MINIMAL_YAML, encoding=""utf-8"")
",,Docstring,,FALSE,FALSE,FALSE,FALSE,FALSE,FALSE
201456,https://github.com/yusufkaraaslan/Skill_Seekers,0ca271cdcb5cc3f99da501c457eb4d9813b9cfc0,Skill_Seekers,Skill_Seekers/tests/test_async_scraping.py,test_async_scraping.py,https://github.com/yusufkaraaslan/Skill_Seekers/blob/0ca271cdcb5cc3f99da501c457eb4d9813b9cfc0/tests/test_async_scraping.py#L89,"
    def tearDown(self):
        """"""Clean up""""""
        os.chdir(self.original_cwd)
",,Docstring,,FALSE,FALSE,FALSE,FALSE,FALSE,FALSE
201584,https://github.com/yusufkaraaslan/Skill_Seekers,0ca271cdcb5cc3f99da501c457eb4d9813b9cfc0,Skill_Seekers,Skill_Seekers/tests/test_upload_integration.py,test_upload_integration.py,https://github.com/yusufkaraaslan/Skill_Seekers/blob/0ca271cdcb5cc3f99da501c457eb4d9813b9cfc0/tests/test_upload_integration.py#L195,"
    def test_chroma_package_structure(self, sample_chroma_package):
        """"""Test ChromaDB package has required fields.""""""
        with open(sample_chroma_package) as f:
            data = json.load(f)",,Docstring,,FALSE,FALSE,FALSE,FALSE,FALSE,FALSE
204179,https://github.com/yusufkaraaslan/Skill_Seekers,0ca271cdcb5cc3f99da501c457eb4d9813b9cfc0,Skill_Seekers,Skill_Seekers/tests/test_swift_detection.py,test_swift_detection.py,https://github.com/yusufkaraaslan/Skill_Seekers/blob/0ca271cdcb5cc3f99da501c457eb4d9813b9cfc0/tests/test_swift_detection.py#L1199,"
    def test_system_language_model(self):
        """"""Test SystemLanguageModel usage""""""
        detector = LanguageDetector()
        code = """"""",,Docstring,,FALSE,FALSE,FALSE,FALSE,FALSE,FALSE
204849,https://github.com/yusufkaraaslan/Skill_Seekers,0ca271cdcb5cc3f99da501c457eb4d9813b9cfc0,Skill_Seekers,Skill_Seekers/tests/test_adaptors/test_gemini_adaptor.py,test_gemini_adaptor.py,https://github.com/yusufkaraaslan/Skill_Seekers/blob/0ca271cdcb5cc3f99da501c457eb4d9813b9cfc0/tests/test_adaptors/test_gemini_adaptor.py#L21,"
    def test_platform_info(self):
        """"""Test platform identifiers""""""
        self.assertEqual(self.adaptor.PLATFORM, ""gemini"")
        self.assertEqual(self.adaptor.PLATFORM_NAME, ""Google Gemini"")",,Docstring,,FALSE,FALSE,FALSE,FALSE,FALSE,FALSE
209348,https://github.com/yusufkaraaslan/Skill_Seekers,0ca271cdcb5cc3f99da501c457eb4d9813b9cfc0,Skill_Seekers,Skill_Seekers/src/skill_seekers/cli/language_detector.py,language_detector.py,https://github.com/yusufkaraaslan/Skill_Seekers/blob/0ca271cdcb5cc3f99da501c457eb4d9813b9cfc0/src/skill_seekers/cli/language_detector.py#L534,"
    def _compile_patterns(self) -> None:
        """"""Compile regex patterns and cache them for performance""""""
        for lang, patterns in LANGUAGE_PATTERNS.items():
            compiled_patterns = []",,Docstring,,FALSE,FALSE,FALSE,FALSE,FALSE,FALSE
210079,https://github.com/yusufkaraaslan/Skill_Seekers,0ca271cdcb5cc3f99da501c457eb4d9813b9cfc0,Skill_Seekers,Skill_Seekers/src/skill_seekers/cli/video_models.py,video_models.py,https://github.com/yusufkaraaslan/Skill_Seekers/blob/0ca271cdcb5cc3f99da501c457eb4d9813b9cfc0/src/skill_seekers/cli/video_models.py#L41,"
class FrameType(Enum):
    """"""Classification of a keyframe's visual content.""""""

    CODE_EDITOR = ""code_editor""",,Docstring,,FALSE,FALSE,FALSE,FALSE,FALSE,FALSE
212148,https://github.com/yusufkaraaslan/Skill_Seekers,0ca271cdcb5cc3f99da501c457eb4d9813b9cfc0,Skill_Seekers,Skill_Seekers/src/skill_seekers/cli/parsers/extractors/markdown_parser.py,markdown_parser.py,https://github.com/yusufkaraaslan/Skill_Seekers/blob/0ca271cdcb5cc3f99da501c457eb4d9813b9cfc0/src/skill_seekers/cli/parsers/extractors/markdown_parser.py#L522,"
    def _parse_html_comment(self) -> ContentBlock | None:
        """"""Parse HTML comment (usually skip).""""""
        content_lines = []
",,Docstring,,FALSE,FALSE,FALSE,FALSE,TRUE,FALSE
212250,https://github.com/yusufkaraaslan/Skill_Seekers,0ca271cdcb5cc3f99da501c457eb4d9813b9cfc0,Skill_Seekers,Skill_Seekers/src/skill_seekers/cli/parsers/extractors/formatters.py,formatters.py,https://github.com/yusufkaraaslan/Skill_Seekers/blob/0ca271cdcb5cc3f99da501c457eb4d9813b9cfc0/src/skill_seekers/cli/parsers/extractors/formatters.py#L278,"
    def format(self, document: Document) -> dict[str, Any]:
        """"""Format document for skill output.""""""
        return {
            ""title"": document.title,",,Docstring,,FALSE,FALSE,FALSE,FALSE,FALSE,FALSE
204640,https://github.com/yusufkaraaslan/Skill_Seekers,0ca271cdcb5cc3f99da501c457eb4d9813b9cfc0,Skill_Seekers,Skill_Seekers/tests/test_adaptors/test_markdown_adaptor.py,test_markdown_adaptor.py,https://github.com/yusufkaraaslan/Skill_Seekers/blob/0ca271cdcb5cc3f99da501c457eb4d9813b9cfc0/tests/test_adaptors/test_markdown_adaptor.py#L1,"#!/usr/bin/env python3
""""""
Tests for Markdown adaptor
""""""

import tempfile",,file descriptor,file descriptor,FALSE,FALSE,FALSE,FALSE,FALSE,FALSE
203279,https://github.com/yusufkaraaslan/Skill_Seekers,0ca271cdcb5cc3f99da501c457eb4d9813b9cfc0,Skill_Seekers,Skill_Seekers/tests/test_mcp_workflow_tools.py,test_mcp_workflow_tools.py,https://github.com/yusufkaraaslan/Skill_Seekers/blob/0ca271cdcb5cc3f99da501c457eb4d9813b9cfc0/tests/test_mcp_workflow_tools.py#L481,"

# ---------------------------------------------------------------------------
# Round-trip: create → get → update → delete
# ---------------------------------------------------------------------------

",,section breaker,,FALSE,FALSE,FALSE,FALSE,FALSE,FALSE
50190,https://github.com/DandyDev/slack-machine,7e2d05514de7dc497ca993a64ca60c5b8207731c,slack-machine,slack-machine/machine/plugins/base.py,base.py,https://github.com/DandyDev/slack-machine/blob/7e2d05514de7dc497ca993a64ca60c5b8207731c/machine/plugins/base.py#L58,"    @property
    def users(self) -> dict[str, User]:
        """"""Dictionary of all users in the Slack workspace

        :return: a dictionary of all users in the Slack workspace, where the key is the user id and
            the value is a [`User`][machine.models.user.User] object
        """"""
        return self._client.users
",,Structured Docstring,,FALSE,FALSE,FALSE,FALSE,FALSE,FALSE
50226,https://github.com/DandyDev/slack-machine,7e2d05514de7dc497ca993a64ca60c5b8207731c,slack-machine,slack-machine/machine/plugins/decorators.py,decorators.py,https://github.com/DandyDev/slack-machine/blob/7e2d05514de7dc497ca993a64ca60c5b8207731c/machine/plugins/decorators.py#L187,"
def required_settings(settings: list[str] | str) -> Callable[[Callable[P, R]], DecoratedPluginFunc[P, R]]:
    """"""Specify a required setting for a plugin or plugin method

    The settings specified with this decorator will be added to the required settings for the
    plugin. If one or more settings have not been defined by the user, the plugin will not be
    loaded and a warning will be written to the console upon startup.

    :param settings: settings that are required (can be list of strings, or single string)
    """"""

    def required_settings_decorator(f_or_cls: Callable[P, R]) -> DecoratedPluginFunc[P, R]:",,Structured Docstring,,FALSE,FALSE,FALSE,FALSE,FALSE,FALSE
48199,https://github.com/llu13701/sms_analysis,ae9ea9b250c082d406d5f9cc89f9a58cbbd129e5,sms_analysis,sms_analysis/simple_stats.py,simple_stats.py,https://github.com/llu13701/sms_analysis/blob/ae9ea9b250c082d406d5f9cc89f9a58cbbd129e5/simple_stats.py#L1,"#!/usr/bin/env python3
# -*- coding: utf-8 -*-
""""""
Created on Tue Sep  1 23:27:36 2020",both shebang and instrumentation,shebang,,FALSE,FALSE,FALSE,FALSE,FALSE,FALSE
2930,https://github.com/rbw/snow,ae362b9238461d1823f1fc3564578832c899ea04,snow,snow/aiosnow/request/response/schemas.py,schemas.py,https://github.com/rbw/snow/blob/ae362b9238461d1823f1fc3564578832c899ea04/aiosnow/request/response/schemas.py#L3,"
class ErrorSchema(Schema):
    """"""Defines the structure of the ServiceNow error response content""""""

    message = fields.String()",,Docstring,,FALSE,FALSE,FALSE,FALSE,FALSE,FALSE
56427,https://github.com/SoloKeysSec/solo,fc8d2867c5ba8161302b809c80fa1fd6a4df94a2,solo,solo/targets/stm32l432/.ycm_extra_conf.py,.ycm_extra_conf.py,https://github.com/SoloKeysSec/solo/blob/fc8d2867c5ba8161302b809c80fa1fd6a4df94a2/targets/stm32l432/.ycm_extra_conf.py#L50,"-fexceptions',
'-DNDEBUG',
# You 100% do NOT need -DUSE_CLANG_COMPLETER and/or -DYCM_EXPORT in your flags;
# only the YCM source code needs it.
'-DUSE_CLANG_COMPLETER',
'-DYCM_EXPORT=',",,Note to self,,FALSE,TRUE,FALSE,FALSE,TRUE,FALSE
192849,https://github.com/CodeWithCJ/SparkyBudget,07bd4cdd0e17e332956d96bb52f4d35f69e8e197,SparkyBudget,SparkyBudget/SparkyBudget/py_db/init_db.py,init_db.py,https://github.com/CodeWithCJ/SparkyBudget/blob/07bd4cdd0e17e332956d96bb52f4d35f69e8e197/SparkyBudget/py_db/init_db.py#L16,"    db_exists = os.path.exists(current_app.config['DATABASE_PATH'])
    conn = None
    current_version = None # Initialize current_version outside try block

    try:",,1-2 lines no loop direct explainer,,FALSE,FALSE,FALSE,FALSE,FALSE,FALSE
57804,https://github.com/CodeWithCJ/SparkyFitness,0e6d50aa300750c7837f23d53bd7610ab83b64ab,SparkyFitness,SparkyFitness/SparkyFitnessGarmin/main.py,main.py,https://github.com/CodeWithCJ/SparkyFitness/blob/0e6d50aa300750c7837f23d53bd7610ab83b64ab/SparkyFitnessGarmin/main.py#L825,"                    logger.warning(f""Could not retrieve menstrual calendar data for {current_date}: {e}"")

            # Body Composition (weight, body fat, bone mass, muscle mass)
            if ""body_composition"" in metric_types_to_fetch:
                try:",, qualitative comment, qualitative comment,FALSE,FALSE,FALSE,FALSE,FALSE,FALSE
68429,https://github.com/Priivacy-ai/spec-kitty,5b632a9abea5d84c6ff92c297fae190f9198ea75,spec-kitty,spec-kitty/tests/specify_cli/test_research_implement_template_migration.py,test_research_implement_template_migration.py,https://github.com/Priivacy-ai/spec-kitty/blob/5b632a9abea5d84c6ff92c297fae190f9198ea75/tests/specify_cli/test_research_implement_template_migration.py#L203,"    def test_update_respects_agent_config(self, tmp_path):
        """"""Test migration only updates configured agents.""""""
        # Create project with only opencode configured
        kittify = tmp_path / "".kittify""
        kittify.mkdir()",,1-2 lines no loop direct explainer,,FALSE,FALSE,FALSE,FALSE,FALSE,FALSE
70150,https://github.com/Priivacy-ai/spec-kitty,5b632a9abea5d84c6ff92c297fae190f9198ea75,spec-kitty,spec-kitty/tests/specify_cli/status/test_reducer.py,test_reducer.py,https://github.com/Priivacy-ai/spec-kitty/blob/5b632a9abea5d84c6ff92c297fae190f9198ea75/tests/specify_cli/status/test_reducer.py#L352,"        assert json_a.endswith(""\n"")

        # Verify it's valid JSON
        parsed = json.loads(json_a)
        assert parsed[""feature_slug""] == ""034-feature-name""",,1-2 lines no loop direct explainer,,FALSE,FALSE,FALSE,FALSE,FALSE,FALSE
74116,https://github.com/Priivacy-ai/spec-kitty,5b632a9abea5d84c6ff92c297fae190f9198ea75,spec-kitty,spec-kitty/tests/unit/test_gitignore_manager.py,test_gitignore_manager.py,https://github.com/Priivacy-ai/spec-kitty/blob/5b632a9abea5d84c6ff92c297fae190f9198ea75/tests/unit/test_gitignore_manager.py#L188,"        manager.gitignore_path.write_text("".claude/\n.codex/\n"")

        # Try to protect all agents
        result = manager.protect_all_agents()
",,1-2 lines no loop direct explainer,,FALSE,FALSE,FALSE,FALSE,FALSE,FALSE
75158,https://github.com/Priivacy-ai/spec-kitty,5b632a9abea5d84c6ff92c297fae190f9198ea75,spec-kitty,spec-kitty/tests/unit/agent/test_tasks.py,test_tasks.py,https://github.com/Priivacy-ai/spec-kitty/blob/5b632a9abea5d84c6ff92c297fae190f9198ea75/tests/unit/agent/test_tasks.py#L1140,"        assert output[""by_lane""].get(""planned"", 0) == 1

        # Verify individual WP lane values are canonicalized
        wp_lanes = {wp[""id""]: wp[""lane""] for wp in output[""work_packages""]}
        assert wp_lanes[""WP01""] == ""in_progress""",,1-2 lines no loop direct explainer,,FALSE,FALSE,FALSE,FALSE,FALSE,FALSE
77513,https://github.com/Priivacy-ai/spec-kitty,5b632a9abea5d84c6ff92c297fae190f9198ea75,spec-kitty,spec-kitty/tests/integration/test_dual_branch_status_routing.py,test_dual_branch_status_routing.py,https://github.com/Priivacy-ai/spec-kitty/blob/5b632a9abea5d84c6ff92c297fae190f9198ea75/tests/integration/test_dual_branch_status_routing.py#L625,"    )

    # Count commits on main and 2.x before status changes
    main_commits_before = len(get_commits_on_branch(repo, ""main""))
",,1-2 lines no loop direct explainer,,FALSE,FALSE,FALSE,FALSE,FALSE,FALSE
77552,https://github.com/Priivacy-ai/spec-kitty,5b632a9abea5d84c6ff92c297fae190f9198ea75,spec-kitty,spec-kitty/tests/integration/test_specify_metadata_explicit.py,test_specify_metadata_explicit.py,https://github.com/Priivacy-ai/spec-kitty/blob/5b632a9abea5d84c6ff92c297fae190f9198ea75/tests/integration/test_specify_metadata_explicit.py#L18,"from tests.branch_contract import IS_2X_BRANCH, LEGACY_0X_ONLY_REASON

# Get repo root for Python module invocation
REPO_ROOT = Path(__file__).resolve().parents[2]
",,1-2 lines no loop direct explainer,,FALSE,FALSE,FALSE,FALSE,FALSE,FALSE
77602,https://github.com/Priivacy-ai/spec-kitty,5b632a9abea5d84c6ff92c297fae190f9198ea75,spec-kitty,spec-kitty/tests/integration/test_specify_metadata_explicit.py,test_specify_metadata_explicit.py,https://github.com/Priivacy-ai/spec-kitty/blob/5b632a9abea5d84c6ff92c297fae190f9198ea75/tests/integration/test_specify_metadata_explicit.py#L465,"    assert isinstance(loaded_meta[""vcs""], str)  # NEW

    # Value constraints
    assert loaded_meta[""target_branch""] in (""main"", ""2.x"", ""custom-branch""), \
        ""target_branch should be a valid branch name""",,1-2 lines no loop direct explainer,,FALSE,FALSE,FALSE,FALSE,FALSE,FALSE
80311,https://github.com/Priivacy-ai/spec-kitty,5b632a9abea5d84c6ff92c297fae190f9198ea75,spec-kitty,spec-kitty/src/specify_cli/upgrade/migrations/m_0_13_0_update_research_implement_templates.py,m_0_13_0_update_research_implement_templates.py,https://github.com/Priivacy-ai/spec-kitty/blob/5b632a9abea5d84c6ff92c297fae190f9198ea75/src/specify_cli/upgrade/migrations/m_0_13_0_update_research_implement_templates.py#L99,"            )

        # Update configured agent directories (only research missions)
        agents_updated = 0
        agent_dirs = get_agent_dirs_for_project(project_path)",,1-2 lines no loop direct explainer,,FALSE,FALSE,FALSE,FALSE,FALSE,FALSE
81374,https://github.com/Priivacy-ai/spec-kitty,5b632a9abea5d84c6ff92c297fae190f9198ea75,spec-kitty,spec-kitty/src/specify_cli/core/vcs/git.py,git.py,https://github.com/Priivacy-ai/spec-kitty/blob/5b632a9abea5d84c6ff92c297fae190f9198ea75/src/specify_cli/core/vcs/git.py#L405,"            workspace_name = workspace_path.name

            # Try to determine base branch from tracking
            base_branch = self._get_tracking_branch(workspace_path)
",,1-2 lines no loop direct explainer,,FALSE,FALSE,FALSE,FALSE,FALSE,FALSE
83646,https://github.com/Priivacy-ai/spec-kitty,5b632a9abea5d84c6ff92c297fae190f9198ea75,spec-kitty,spec-kitty/src/specify_cli/cli/commands/ops.py,ops.py,https://github.com/Priivacy-ai/spec-kitty/blob/5b632a9abea5d84c6ff92c297fae190f9198ea75/src/specify_cli/cli/commands/ops.py#L106,"    workspace_path = Path.cwd()

    # Get VCS implementation
    try:
        vcs = get_vcs(workspace_path)",,1-2 lines no loop direct explainer,,FALSE,FALSE,FALSE,FALSE,FALSE,FALSE
70446,https://github.com/Priivacy-ai/spec-kitty,5b632a9abea5d84c6ff92c297fae190f9198ea75,spec-kitty,spec-kitty/tests/specify_cli/status/test_models.py,test_models.py,https://github.com/Priivacy-ai/spec-kitty/blob/5b632a9abea5d84c6ff92c297fae190f9198ea75/tests/specify_cli/status/test_models.py#L60,"
    def test_invalid_ulid_bad_chars(self) -> None:
        # I, L, O, U are excluded from Crockford base32
        assert not ULID_PATTERN.match(""01IIOO0123456789LLUUUUGHJK"")
",,Control flow/program logic,Control flow/program logic,FALSE,FALSE,FALSE,FALSE,FALSE,FALSE
73017,https://github.com/Priivacy-ai/spec-kitty,5b632a9abea5d84c6ff92c297fae190f9198ea75,spec-kitty,spec-kitty/tests/specify_cli/glossary/test_integration_workflows.py,test_integration_workflows.py,https://github.com/Priivacy-ai/spec-kitty/blob/5b632a9abea5d84c6ff92c297fae190f9198ea75/tests/specify_cli/glossary/test_integration_workflows.py#L530,"            pipeline_critical.process(ctx_critical)

        # Non-critical step -> AMBIGUOUS -> MEDIUM severity -> should NOT block
        ctx_noncritical = PrimitiveExecutionContext(
            step_id=""strict-med-002"",",,Control flow/program logic,,FALSE,FALSE,FALSE,FALSE,FALSE,FALSE
74465,https://github.com/Priivacy-ai/spec-kitty,5b632a9abea5d84c6ff92c297fae190f9198ea75,spec-kitty,spec-kitty/tests/unit/mission_v1/test_runner.py,test_runner.py,https://github.com/Priivacy-ai/spec-kitty/blob/5b632a9abea5d84c6ff92c297fae190f9198ea75/tests/unit/mission_v1/test_runner.py#L201,"    def test_chain_to_terminal(self, minimal_config: dict) -> None:
        mission = StateMachineMission(minimal_config)
        mission.trigger(""advance"")  # alpha -> beta
        mission.trigger(""advance"")  # beta -> done
        assert mission.state == ""done""",,Control flow/program logic,Control flow/program logic,FALSE,FALSE,FALSE,FALSE,FALSE,FALSE
80075,https://github.com/Priivacy-ai/spec-kitty,5b632a9abea5d84c6ff92c297fae190f9198ea75,spec-kitty,spec-kitty/src/specify_cli/upgrade/detector.py,detector.py,https://github.com/Priivacy-ai/spec-kitty/blob/5b632a9abea5d84c6ff92c297fae190f9198ea75/src/specify_cli/upgrade/detector.py#L144,"            return ""0.2.0""

        # Default to oldest .kittify-based version
        return ""0.2.0""
",,Control flow/program logic,Control flow/program logic,FALSE,FALSE,FALSE,FALSE,FALSE,FALSE
76306,https://github.com/Priivacy-ai/spec-kitty,5b632a9abea5d84c6ff92c297fae190f9198ea75,spec-kitty,spec-kitty/tests/integration/test_e2e_runtime.py,test_e2e_runtime.py,https://github.com/Priivacy-ai/spec-kitty/blob/5b632a9abea5d84c6ff92c297fae190f9198ea75/tests/integration/test_e2e_runtime.py#L90,"
class TestFreshInstallE2E:
    """"""Fresh install: ensure_runtime -> verify populated -> resolve from global tier.""""""

    def test_ensure_runtime_populates_global_home(",,Docstring,,FALSE,FALSE,FALSE,FALSE,FALSE,FALSE
78466,https://github.com/Priivacy-ai/spec-kitty,5b632a9abea5d84c6ff92c297fae190f9198ea75,spec-kitty,spec-kitty/tests/sync/test_forward_compatibility.py,test_forward_compatibility.py,https://github.com/Priivacy-ai/spec-kitty/blob/5b632a9abea5d84c6ff92c297fae190f9198ea75/tests/sync/test_forward_compatibility.py#L257,"
class TestClockUpdateViaMessageHandler:
    """"""Verify a message handler that wires clock.receive() works for all event types.

    This tests the intended integration pattern: when a message_handler is set
    that extracts lamport_clock from the incoming event and calls clock.receive(),
    the clock updates correctly regardless of event_type.
    """"""

    @pytest.mark.asyncio",,Docstring,,FALSE,FALSE,FALSE,FALSE,FALSE,FALSE
79327,https://github.com/Priivacy-ai/spec-kitty,5b632a9abea5d84c6ff92c297fae190f9198ea75,spec-kitty,spec-kitty/src/specify_cli/frontmatter.py,frontmatter.py,https://github.com/Priivacy-ai/spec-kitty/blob/5b632a9abea5d84c6ff92c297fae190f9198ea75/src/specify_cli/frontmatter.py#L347,"
def validate_frontmatter(file_path: Path) -> list[str]:
    """"""Validate frontmatter consistency.""""""
    return _manager.validate(file_path)
",,Docstring,,FALSE,FALSE,FALSE,FALSE,FALSE,FALSE
84714,https://github.com/Priivacy-ai/spec-kitty,5b632a9abea5d84c6ff92c297fae190f9198ea75,spec-kitty,spec-kitty/src/specify_cli/constitution/extractor.py,extractor.py,https://github.com/Priivacy-ai/spec-kitty/blob/5b632a9abea5d84c6ff92c297fae190f9198ea75/src/specify_cli/constitution/extractor.py#L230,"        candidate_keys: tuple[str, ...],
    ) -> list[str]:
        """"""Read list value from row by trying candidate keys.""""""
        for key in candidate_keys:
            if key not in normalized_row:",,Docstring,,FALSE,FALSE,FALSE,FALSE,FALSE,FALSE
80717,https://github.com/Priivacy-ai/spec-kitty,5b632a9abea5d84c6ff92c297fae190f9198ea75,spec-kitty,spec-kitty/src/specify_cli/upgrade/migrations/m_2_0_0_constitution_directory.py,m_2_0_0_constitution_directory.py,https://github.com/Priivacy-ai/spec-kitty/blob/5b632a9abea5d84c6ff92c297fae190f9198ea75/src/specify_cli/upgrade/migrations/m_2_0_0_constitution_directory.py#L1,"""""""Migration: Move constitution to `.kittify/constitution/` directory.""""""

from __future__ import annotations",file descriptor and also to-do,file descriptor,,FALSE,FALSE,FALSE,FALSE,FALSE,FALSE
82868,https://github.com/Priivacy-ai/spec-kitty,5b632a9abea5d84c6ff92c297fae190f9198ea75,spec-kitty,spec-kitty/src/specify_cli/orchestrator_api/commands.py,commands.py,https://github.com/Priivacy-ai/spec-kitty/blob/5b632a9abea5d84c6ff92c297fae190f9198ea75/src/specify_cli/orchestrator_api/commands.py#L361,"

# ── Command 4: start-implementation ────────────────────────────────────────

","section breaker, feels more that way",section breaker,,FALSE,FALSE,FALSE,FALSE,FALSE,FALSE
83472,https://github.com/Priivacy-ai/spec-kitty,5b632a9abea5d84c6ff92c297fae190f9198ea75,spec-kitty,spec-kitty/src/specify_cli/cli/commands/sync.py,sync.py,https://github.com/Priivacy-ai/spec-kitty/blob/5b632a9abea5d84c6ff92c297fae190f9198ea75/src/specify_cli/cli/commands/sync.py#L625,"    ),
) -> None:
    """"""Trigger immediate sync of all queued events.

    Drains the offline queue completely, uploading events to the server
    in batches of 1000 until the queue is empty or all remaining events
    have exceeded their retry limit.

    Examples:
        spec-kitty sync now
        spec-kitty sync now --report failures.json
        spec-kitty sync now --no-strict
    """"""
    from specify_cli.sync.background import get_sync_service
    from specify_cli.sync.batch import format_sync_summary, write_failure_report",,Structured Docstring,,FALSE,FALSE,FALSE,FALSE,FALSE,FALSE
48839,https://github.com/ihajhasa/SpotiDude-TelegramBot,72f68a0e439c958b33fca42d02ac4fb08d262ec4,SpotiDude-TelegramBot,SpotiDude-TelegramBot/src/main.py,main.py,https://github.com/ihajhasa/SpotiDude-TelegramBot/blob/72f68a0e439c958b33fca42d02ac4fb08d262ec4/src/main.py#L18,"}

# DEFAULT_PLAYLIST = config('DEFAULT_PLAYLIST')

CLIENT_ID = config('CLIENT_ID')",,Commented out code,,FALSE,FALSE,FALSE,FALSE,FALSE,FALSE
33295,https://github.com/jbh-cloud/spotify_sync,07e2906209010fef0cd70f6a19f84007cb55ee91,spotify_sync,spotify_sync/spotify_sync/match.py,match.py,https://github.com/jbh-cloud/spotify_sync/blob/07e2906209010fef0cd70f6a19f84007cb55ee91/spotify_sync/match.py#L10,"from spotify_sync.dataclasses import ProcessedSong, SpotifySong

# load Deezer (for matches), API is unauthenticated
client = Deezer.Deezer()
",,1-2 lines no loop direct explainer,,FALSE,TRUE,FALSE,FALSE,TRUE,FALSE
34149,https://github.com/AI-Spawn/ssbm-bot,ca90d32dbeeec834fe8e904d8be8ad0f7bddd1a5,ssbm-bot,ssbm-bot/GameManager.py,GameManager.py,https://github.com/AI-Spawn/ssbm-bot/blob/ca90d32dbeeec834fe8e904d8be8ad0f7bddd1a5/GameManager.py#L45,"                                                    blocking_input=True)

        # Create our Controller object
        #   The controller is the second primary object your bot will interact with
        #   Your controller is your way of sending button presses to the game, whether
        #   virtual or physical.
        self.controller = melee.Controller(console=self.console,
                                           port=args.port,",,1-2 lines no loop direct explainer,1-2 lines no loop direct explainer,FALSE,TRUE,FALSE,FALSE,FALSE,FALSE
30354,https://github.com/dbsentry/sshfp,f7e0a9ed883095304f8707211f7395e9591588fe,sshfp,sshfp/modules/sshfp/app/public/sshfp.py,sshfp.py,https://github.com/dbsentry/sshfp/blob/f7e0a9ed883095304f8707211f7395e9591588fe/modules/sshfp/app/public/sshfp.py#L1,"#############################################################################
#                       Confidentiality Information                         #
#                                                                           #
# This module is the confidential and proprietary information of            #
# DBSentry Corp.; it is not to be copied, reproduced, or transmitted in any #
# form, by any means, in whole or in part, nor is it to be used for any     #
# purpose other than that for which it is expressly provided without the    #
# written permission of DBSentry Corp.                                      #
#                                                                           #
# Copyright (c) 2020-2021 DBSentry Corp.  All Rights Reserved.              #
#                                                                           #
#############################################################################
''' API to get user's SSH Public Keys '''
import subprocess",,copyright,,FALSE,FALSE,FALSE,FALSE,FALSE,FALSE
30225,https://github.com/numbersprotocol/starling-capture,f70daa4869ec291f1ac1d1118bf019d66b397449,starling-capture,starling-capture/util/verification/verification/verification.py,verification.py,https://github.com/numbersprotocol/starling-capture/blob/f70daa4869ec291f1ac1d1118bf019d66b397449/util/verification/verification/verification.py#L168,"
def verify_ethereum_signature(message, signature):
    """"""Verify Ethereum-compatible signature (EIP-191).

    Zion's Ethereum signature follows EIP-191.

    Args:
    ¦   message: raw content for signing and verifying
    ¦   signature: signature of the raw content (message above) with leading '0x'

    Returns:
    ¦   str: recovered (Signer's) Ethereum wallet address
    """"""
    if type(message) is not str:
      encoded_message = encode_defunct(message)",,Structured Docstring,,FALSE,FALSE,FALSE,FALSE,FALSE,FALSE
27714,https://github.com/PabloLec/StarryLines,a54b24ec8b83910c009a77cabc725c5426e91062,StarryLines,StarryLines/src/test/resources/test_parser.py,test_parser.py,https://github.com/PabloLec/StarryLines/blob/a54b24ec8b83910c009a77cabc725c5426e91062/src/test/resources/test_parser.py#L1,"""""""This is a
module description
And its multiline
""""""

_ = print(""""""",,file descriptor,,FALSE,FALSE,FALSE,FALSE,FALSE,FALSE
249958,https://github.com/kimeisele/steward-protocol,0b42dd77b871dbab4687805569539ec8fd13257f,steward-protocol,steward-protocol/vibe_core/mahamantra_research/mantra_computation_bridge.py,mantra_computation_bridge.py,https://github.com/kimeisele/steward-protocol/blob/0b42dd77b871dbab4687805569539ec8fd13257f/vibe_core/mahamantra_research/mantra_computation_bridge.py#L359,"# Combined with structural advantage
TOTAL_POTENTIAL_SPEEDUP: Final[int] = MEASURED_EFFICIENCY * HARDWARE_ALIGNMENT_SPEEDUP
# 1557 × 3072 = 4,783,104x

# Verification",, qualitative comment, qualitative comment,FALSE,FALSE,FALSE,FALSE,FALSE,FALSE
219261,https://github.com/kimeisele/steward-protocol,0b42dd77b871dbab4687805569539ec8fd13257f,steward-protocol,steward-protocol/tests/manas/test_doc_harness_analyzer.py,test_doc_harness_analyzer.py,https://github.com/kimeisele/steward-protocol/blob/0b42dd77b871dbab4687805569539ec8fd13257f/tests/manas/test_doc_harness_analyzer.py#L223,"            (opus_dir / f""00{i}-TEST.md"").write_text(f""# Test {i}"")

        # Limit to 3 intents
        config = AnalyzerConfig(max_intents_per_run=3)
        analyzer = DocHarnessAnalyzer(workspace=tmp_path, config=config)",,1-2 lines no loop direct explainer,,FALSE,FALSE,FALSE,FALSE,FALSE,FALSE
219785,https://github.com/kimeisele/steward-protocol,0b42dd77b871dbab4687805569539ec8fd13257f,steward-protocol,steward-protocol/tests/manas/cortex/test_shruta_sense.py,test_shruta_sense.py,https://github.com/kimeisele/steward-protocol/blob/0b42dd77b871dbab4687805569539ec8fd13257f/tests/manas/cortex/test_shruta_sense.py#L358,"        sense.add_handler(handler)

        # Emit a vibration
        sense._emit_vibration(""created"", tmp_path / ""test.py"")
",,1-2 lines no loop direct explainer,,FALSE,FALSE,FALSE,FALSE,FALSE,FALSE
220128,https://github.com/kimeisele/steward-protocol,0b42dd77b871dbab4687805569539ec8fd13257f,steward-protocol,steward-protocol/tests/unit/test_process_manager.py,test_process_manager.py,https://github.com/kimeisele/steward-protocol/blob/0b42dd77b871dbab4687805569539ec8fd13257f/tests/unit/test_process_manager.py#L147,"    def test_spawn_agent_creates_process(self, mock_pipe, mock_process_class):
        """"""Should create and start a new process.""""""
        # Setup mocks
        mock_parent_conn = MagicMock()
        mock_child_conn = MagicMock()",,1-2 lines no loop direct explainer,,FALSE,FALSE,FALSE,FALSE,FALSE,FALSE
221085,https://github.com/kimeisele/steward-protocol,0b42dd77b871dbab4687805569539ec8fd13257f,steward-protocol,steward-protocol/tests/unit/test_ephemeral_cities.py,test_ephemeral_cities.py,https://github.com/kimeisele/steward-protocol/blob/0b42dd77b871dbab4687805569539ec8fd13257f/tests/unit/test_ephemeral_cities.py#L111,"    assert child.is_ephemeral is True

    # Parent is not ephemeral
    assert parent.is_ephemeral is False
",,1-2 lines no loop direct explainer,,FALSE,FALSE,FALSE,FALSE,FALSE,FALSE
233608,https://github.com/kimeisele/steward-protocol,0b42dd77b871dbab4687805569539ec8fd13257f,steward-protocol,steward-protocol/tests/mahamantra/substrate/test_legacy.py,test_legacy.py,https://github.com/kimeisele/steward-protocol/blob/0b42dd77b871dbab4687805569539ec8fd13257f/tests/mahamantra/substrate/test_legacy.py#L304,"            ""get_default_config"",
            ""path_to_module"",
            # Samskara
            ""Phase"",
            ""PhaseStatus"",",,1-2 lines no loop direct explainer,1-2 lines no loop direct explainer,FALSE,FALSE,FALSE,FALSE,FALSE,FALSE
241230,https://github.com/kimeisele/steward-protocol,0b42dd77b871dbab4687805569539ec8fd13257f,steward-protocol,steward-protocol/vibe_core/ouroboros/loop_orchestrator.py,loop_orchestrator.py,https://github.com/kimeisele/steward-protocol/blob/0b42dd77b871dbab4687805569539ec8fd13257f/vibe_core/ouroboros/loop_orchestrator.py#L95,"        ""**/AUDIT*.md"",
        ""**/audit_*.json"",
        # Test coverage
        ""**/coverage*.md"",
        ""**/test_report*.json"",",,1-2 lines no loop direct explainer,,FALSE,FALSE,FALSE,FALSE,FALSE,FALSE
241807,https://github.com/kimeisele/steward-protocol,0b42dd77b871dbab4687805569539ec8fd13257f,steward-protocol,steward-protocol/vibe_core/cartridges/system/civic/tools/lifecycle_manager.py,lifecycle_manager.py,https://github.com/kimeisele/steward-protocol/blob/0b42dd77b871dbab4687805569539ec8fd13257f/vibe_core/cartridges/system/civic/tools/lifecycle_manager.py#L64,"
    # Lifecycle metadata
    initiator_agent: Optional[str] = None  # Who initiated this transition?
    reason: Optional[str] = None  # Why did this transition happen?
",between DE and note to self/qual comment,1-2 lines no loop direct explainer,1-2 lines no loop direct explainer,FALSE,FALSE,FALSE,FALSE,FALSE,FALSE
243164,https://github.com/kimeisele/steward-protocol,0b42dd77b871dbab4687805569539ec8fd13257f,steward-protocol,steward-protocol/vibe_core/cartridges/system/envoy/cartridge_main.py,cartridge_main.py,https://github.com/kimeisele/steward-protocol/blob/0b42dd77b871dbab4687805569539ec8fd13257f/vibe_core/cartridges/system/envoy/cartridge_main.py#L481,"                report_type = args.get(""report_type"", ""gap"")
                if report_type == ""gap"":
                    # Generate G.A.P. Report
                    title = args.get(""title"", ""System Governability Audit Proof"")
                    result = self.system.execute_tool(""envoy.gap_report"", {""action"": ""generate_report"", ""title"": title})",,1-2 lines no loop direct explainer,,FALSE,FALSE,FALSE,FALSE,FALSE,FALSE
244037,https://github.com/kimeisele/steward-protocol,0b42dd77b871dbab4687805569539ec8fd13257f,steward-protocol,steward-protocol/vibe_core/cartridges/system/herald/cartridge_main.py,cartridge_main.py,https://github.com/kimeisele/steward-protocol/blob/0b42dd77b871dbab4687805569539ec8fd13257f/vibe_core/cartridges/system/herald/cartridge_main.py#L500,"                    )
                    if event:
                        # Log via kernel (herald.scribe)
                        self.system.execute_tool(
                            ""herald.scribe"", {""action"": ""log_action"", ""event_data"": event.to_dict()}",,1-2 lines no loop direct explainer,1-2 lines no loop direct explainer,FALSE,FALSE,FALSE,FALSE,FALSE,FALSE
251366,https://github.com/kimeisele/steward-protocol,0b42dd77b871dbab4687805569539ec8fd13257f,steward-protocol,steward-protocol/vibe_core/mahamantra_research/guardian_syllable_trees.py,guardian_syllable_trees.py,https://github.com/kimeisele/steward-protocol/blob/0b42dd77b871dbab4687805569539ec8fd13257f/vibe_core/mahamantra_research/guardian_syllable_trees.py#L336,"        derivations = []

        # Direct match
        if u in KNOWN_CONSTANTS:
            derivations.append(f""= {KNOWN_CONSTANTS[u]}"")",,1-2 lines no loop direct explainer,,FALSE,FALSE,FALSE,FALSE,FALSE,FALSE
253958,https://github.com/kimeisele/steward-protocol,0b42dd77b871dbab4687805569539ec8fd13257f,steward-protocol,steward-protocol/vibe_core/mahamantra_research/dharma/teental_matrix.py,teental_matrix.py,https://github.com/kimeisele/steward-protocol/blob/0b42dd77b871dbab4687805569539ec8fd13257f/vibe_core/mahamantra_research/dharma/teental_matrix.py#L408,"assert TEENTAL_VIBHAGS[2].is_khali, ""Vibhag 3 must be KHALI""

# SAM verification
assert SAM_POSITIONS == (1, 5, 9, 13), ""SAM at beginning of each vibhag""
assert sum(SAM_POSITIONS) == SAM_SUM == 28, ""SAM_SUM = T(7) = 28""",,1-2 lines no loop direct explainer,,FALSE,FALSE,FALSE,FALSE,FALSE,FALSE
254937,https://github.com/kimeisele/steward-protocol,0b42dd77b871dbab4687805569539ec8fd13257f,steward-protocol,steward-protocol/vibe_core/mahamantra_research/agent_city_development/poc_02_rich_pokedex.py,poc_02_rich_pokedex.py,https://github.com/kimeisele/steward-protocol/blob/0b42dd77b871dbab4687805569539ec8fd13257f/vibe_core/mahamantra_research/agent_city_development/poc_02_rich_pokedex.py#L257,"    print(f"">>> Local copy: {local_path}"")

    # Summary table
    print(f""\n{'Name':<28} {'Varna':<10} {'Guna':<8} {'Quarter':<8} {'Zone':<12} {'Prana':>5}"")
    print(""-"" * 78)",,1-2 lines no loop direct explainer,,FALSE,FALSE,FALSE,FALSE,FALSE,FALSE
258958,https://github.com/kimeisele/steward-protocol,0b42dd77b871dbab4687805569539ec8fd13257f,steward-protocol,steward-protocol/vibe_core/plugins/opus_assistant/manas/intent_router.py,intent_router.py,https://github.com/kimeisele/steward-protocol/blob/0b42dd77b871dbab4687805569539ec8fd13257f/vibe_core/plugins/opus_assistant/manas/intent_router.py#L254,"        """"""
        self._kernel = kernel
        # OPUS-069: Wire validator to kernel for ledger access
        self._validator.inject_kernel(kernel)
        logger.info(""⚡ IntentRouter: Kernel injected (+ SrutiValidator bound)"")",,1-2 lines no loop direct explainer,1-2 lines no loop direct explainer,FALSE,TRUE,FALSE,FALSE,FALSE,TRUE
262656,https://github.com/kimeisele/steward-protocol,0b42dd77b871dbab4687805569539ec8fd13257f,steward-protocol,steward-protocol/vibe_core/plugins/opus_assistant/manas/cortex/test_action.py,test_action.py,https://github.com/kimeisele/steward-protocol/blob/0b42dd77b871dbab4687805569539ec8fd13257f/vibe_core/plugins/opus_assistant/manas/cortex/test_action.py#L133,"                return self._handle_pytest(intent, params, TestScope.INTEGRATION)

            # Full suite (requires approval)
            elif intent_type in (""run_all_tests"", ""full_tests""):
                return self._handle_pytest(intent, params, TestScope.FULL)",,1-2 lines no loop direct explainer,,FALSE,FALSE,FALSE,FALSE,FALSE,FALSE
264396,https://github.com/kimeisele/steward-protocol,0b42dd77b871dbab4687805569539ec8fd13257f,steward-protocol,steward-protocol/vibe_core/plugins/opus_assistant/tests/test_observation_logger.py,test_observation_logger.py,https://github.com/kimeisele/steward-protocol/blob/0b42dd77b871dbab4687805569539ec8fd13257f/vibe_core/plugins/opus_assistant/tests/test_observation_logger.py#L195,"        )

        # Create initial OPUS.md
        opus_path = tmp_path / ""OPUS.md""
        opus_path.write_text(""""""# OPUS.md",,1-2 lines no loop direct explainer,,FALSE,FALSE,FALSE,FALSE,FALSE,FALSE
266770,https://github.com/kimeisele/steward-protocol,0b42dd77b871dbab4687805569539ec8fd13257f,steward-protocol,steward-protocol/vibe_core/naga/cortex/cortex_main.py,cortex_main.py,https://github.com/kimeisele/steward-protocol/blob/0b42dd77b871dbab4687805569539ec8fd13257f/vibe_core/naga/cortex/cortex_main.py#L367,"            return

        # Prune old signals first
        self._prune_old_signals()
",,1-2 lines no loop direct explainer,,FALSE,FALSE,FALSE,FALSE,FALSE,FALSE
268213,https://github.com/kimeisele/steward-protocol,0b42dd77b871dbab4687805569539ec8fd13257f,steward-protocol,steward-protocol/vibe_core/phoenix/section_loader.py,section_loader.py,https://github.com/kimeisele/steward-protocol/blob/0b42dd77b871dbab4687805569539ec8fd13257f/vibe_core/phoenix/section_loader.py#L297,"        spec.loader.exec_module(module)

        # Find the class
        if class_name:
            return getattr(module, class_name, None)",,1-2 lines no loop direct explainer,,FALSE,FALSE,FALSE,FALSE,FALSE,FALSE
275429,https://github.com/kimeisele/steward-protocol,0b42dd77b871dbab4687805569539ec8fd13257f,steward-protocol,steward-protocol/vibe_core/mahamantra/substrate/mantra/prabhupada_kirtan.py,prabhupada_kirtan.py,https://github.com/kimeisele/steward-protocol/blob/0b42dd77b871dbab4687805569539ec8fd13257f/vibe_core/mahamantra/substrate/mantra/prabhupada_kirtan.py#L330,"        parampara_valid = signature_val % PARAMPARA == 0

        # Shakti transmission through THE PERSON
        shakti = self._prabhupada.transmit_shakti(self_module) if parampara_valid else 0.0
",,1-2 lines no loop direct explainer,1-2 lines no loop direct explainer,FALSE,FALSE,FALSE,FALSE,FALSE,TRUE
275987,https://github.com/kimeisele/steward-protocol,0b42dd77b871dbab4687805569539ec8fd13257f,steward-protocol,steward-protocol/vibe_core/mahamantra/substrate/core/guna.py,guna.py,https://github.com/kimeisele/steward-protocol/blob/0b42dd77b871dbab4687805569539ec8fd13257f/vibe_core/mahamantra/substrate/core/guna.py#L253,"    SATTVA_CONFIRM: Final[bool] = False  # No confirmation
    RAJAS_CONFIRM: Final[bool] = False  # No confirmation (but logged)
    TAMAS_CONFIRM: Final[bool] = True  # Must confirm destructive ops

    @classmethod",,1-2 lines no loop direct explainer,1-2 lines no loop direct explainer,FALSE,FALSE,FALSE,FALSE,FALSE,FALSE
277520,https://github.com/kimeisele/steward-protocol,0b42dd77b871dbab4687805569539ec8fd13257f,steward-protocol,steward-protocol/vibe_core/mahamantra/substrate/language/phonetics.py,phonetics.py,https://github.com/kimeisele/steward-protocol/blob/0b42dd77b871dbab4687805569539ec8fd13257f/vibe_core/mahamantra/substrate/language/phonetics.py#L73,"            onset_consonants += KSETRAJNA

    # Trailing consonants (coda) add to last syllable weight
    if syllables and onset_consonants > 0:
        last = syllables[-1]",,1-2 lines no loop direct explainer,1-2 lines no loop direct explainer,FALSE,FALSE,FALSE,FALSE,FALSE,FALSE
282212,https://github.com/kimeisele/steward-protocol,0b42dd77b871dbab4687805569539ec8fd13257f,steward-protocol,steward-protocol/vibe_core/mahamantra/cli/observe.py,observe.py,https://github.com/kimeisele/steward-protocol/blob/0b42dd77b871dbab4687805569539ec8fd13257f/vibe_core/mahamantra/cli/observe.py#L126,"        in_map = folder in FOLDER_MAHAJANA_MAP

        # Get mapping (explicit or hash-based)
        result = get_mahajana_for_path(folder_path / ""dummy.py"")
        if result:",,1-2 lines no loop direct explainer,,FALSE,FALSE,FALSE,FALSE,FALSE,FALSE
283496,https://github.com/kimeisele/steward-protocol,0b42dd77b871dbab4687805569539ec8fd13257f,steward-protocol,steward-protocol/vibe_core/mahamantra/adapters/network.py,network.py,https://github.com/kimeisele/steward-protocol/blob/0b42dd77b871dbab4687805569539ec8fd13257f/vibe_core/mahamantra/adapters/network.py#L159,"        node = self._root

        # Traverse to the prefix endpoint
        levels = prefix_len >> 2  # prefix_len // 4
        remaining = prefix_len & 3  # prefix_len % 4",,1-2 lines no loop direct explainer,,FALSE,FALSE,FALSE,FALSE,FALSE,FALSE
289566,https://github.com/kimeisele/steward-protocol,0b42dd77b871dbab4687805569539ec8fd13257f,steward-protocol,steward-protocol/vibe_core/mahamantra/kernel/daemon.py,daemon.py,https://github.com/kimeisele/steward-protocol/blob/0b42dd77b871dbab4687805569539ec8fd13257f/vibe_core/mahamantra/kernel/daemon.py#L562,"    ""MahamantraDaemon"",
    ""get_daemon"",
    # Convenience
    ""start_daemon"",
    ""run_daemon"",",,1-2 lines no loop direct explainer,,FALSE,FALSE,FALSE,FALSE,FALSE,FALSE
296983,https://github.com/kimeisele/steward-protocol,0b42dd77b871dbab4687805569539ec8fd13257f,steward-protocol,steward-protocol/vibe_core/protocols/mahajanas/janaka/__init__.py,__init__.py,https://github.com/kimeisele/steward-protocol/blob/0b42dd77b871dbab4687805569539ec8fd13257f/vibe_core/protocols/mahajanas/janaka/__init__.py#L500,"    # Instructions
    ""SankalpaInstruction"",
    # Cycle Protocol (WATERTIGHT)
    ""CyclePhase"",
    ""CycleStatus"",",,1-2 lines no loop direct explainer,1-2 lines no loop direct explainer,FALSE,FALSE,FALSE,FALSE,FALSE,FALSE
298190,https://github.com/kimeisele/steward-protocol,0b42dd77b871dbab4687805569539ec8fd13257f,steward-protocol,steward-protocol/vibe_core/protocols/mahajanas/parashurama/__init__.py,__init__.py,https://github.com/kimeisele/steward-protocol/blob/0b42dd77b871dbab4687805569539ec8fd13257f/vibe_core/protocols/mahajanas/parashurama/__init__.py#L114,"    resource_type: str
    size_bytes: int
    timestamp: str  # ISO timestamp
    latency_ms: int
    error_message: str",,1-2 lines no loop direct explainer,1-2 lines no loop direct explainer,FALSE,FALSE,FALSE,FALSE,FALSE,FALSE
302189,https://github.com/kimeisele/steward-protocol,0b42dd77b871dbab4687805569539ec8fd13257f,steward-protocol,steward-protocol/vibe_core/protocols/avataras/__init__.py,__init__.py,https://github.com/kimeisele/steward-protocol/blob/0b42dd77b871dbab4687805569539ec8fd13257f/vibe_core/protocols/avataras/__init__.py#L132,"    # Knowledge & Communication
    JNANA = ""jnana""  # Knowledge/Compilation (Vyasa)
    VEDA = ""veda""  # Scriptural knowledge (Hayagriva)

    # Protection & Defense",,1-2 lines no loop direct explainer,,FALSE,FALSE,FALSE,FALSE,FALSE,TRUE
302818,https://github.com/kimeisele/steward-protocol,0b42dd77b871dbab4687805569539ec8fd13257f,steward-protocol,steward-protocol/vibe_core/services/manifestation_service.py,manifestation_service.py,https://github.com/kimeisele/steward-protocol/blob/0b42dd77b871dbab4687805569539ec8fd13257f/vibe_core/services/manifestation_service.py#L346,"        self._load_schemas()

        # Interface config cache (lazy-loaded from Phoenix)
        self._interface_config_cache = None
",,1-2 lines no loop direct explainer,,FALSE,FALSE,FALSE,FALSE,FALSE,FALSE
305336,https://github.com/kimeisele/steward-protocol,0b42dd77b871dbab4687805569539ec8fd13257f,steward-protocol,steward-protocol/scripts/demonstrate_reactor.py,demonstrate_reactor.py,https://github.com/kimeisele/steward-protocol/blob/0b42dd77b871dbab4687805569539ec8fd13257f/scripts/demonstrate_reactor.py#L106,"    pairs = [
        (""kernel"", ""kernel""),  # Identical
        (""kernel"", ""kernal""),  # Typo (still k-heavy)
        (""kernel"", ""kanal""),  # Different but still k
        (""kernel"", ""connect""),  # Different varga (k vs c)",,1-2 lines no loop direct explainer,1-2 lines no loop direct explainer,FALSE,FALSE,FALSE,FALSE,FALSE,FALSE
306840,https://github.com/kimeisele/steward-protocol,0b42dd77b871dbab4687805569539ec8fd13257f,steward-protocol,steward-protocol/scripts/verification/verify_gad1000.py,verify_gad1000.py,https://github.com/kimeisele/steward-protocol/blob/0b42dd77b871dbab4687805569539ec8fd13257f/scripts/verification/verify_gad1000.py#L77,"    print(""Testing Registration..."")
    # Simulate frontend: SPKI DER -> Hex
    spki_der = vk.to_der()  # This is SPKI
    public_key_hex = spki_der.hex()
",,1-2 lines no loop direct explainer,,FALSE,FALSE,FALSE,FALSE,FALSE,FALSE
237203,https://github.com/kimeisele/steward-protocol,0b42dd77b871dbab4687805569539ec8fd13257f,steward-protocol,steward-protocol/tests/mahamantra/kernel/test_fractal.py,test_fractal.py,https://github.com/kimeisele/steward-protocol/blob/0b42dd77b871dbab4687805569539ec8fd13257f/tests/mahamantra/kernel/test_fractal.py#L730,"        assert len(tree.root.mahajanas) == 12

        # Each quarter has subset of mahajanas
        for quarter in tree.root.ksetra:
            assert len(quarter.mahajanas) == 3",,2-5 or loop DE,,FALSE,FALSE,FALSE,FALSE,FALSE,FALSE
252265,https://github.com/kimeisele/steward-protocol,0b42dd77b871dbab4687805569539ec8fd13257f,steward-protocol,steward-protocol/vibe_core/mahamantra_research/computation.py,computation.py,https://github.com/kimeisele/steward-protocol/blob/0b42dd77b871dbab4687805569539ec8fd13257f/vibe_core/mahamantra_research/computation.py#L62,"
# 64-bit = QUALITIES (4× kernel)
WORD_64: Final[int] = QUALITIES  # 64 bits = full qualities

# Cache line = 64 bytes = QUALITIES octets = 4 × MAHABYTE",,Control flow/program logic,Control flow/program logic,FALSE,FALSE,FALSE,FALSE,FALSE,FALSE
275269,https://github.com/kimeisele/steward-protocol,0b42dd77b871dbab4687805569539ec8fd13257f,steward-protocol,steward-protocol/vibe_core/mahamantra/substrate/mantra/siksastakam.py,siksastakam.py,https://github.com/kimeisele/steward-protocol/blob/0b42dd77b871dbab4687805569539ec8fd13257f/vibe_core/mahamantra/substrate/mantra/siksastakam.py#L145,"        """"""Get Siksastakam effect name for a beat number (1-7).""""""
        if beat_number < KSETRAJNA or beat_number > SEVEN:
            return ""BATHE_ENTIRE_SELF""  # Default to complete effect
        return BEAT_EFFECT_MAP[beat_number]
",,Control flow/program logic,,FALSE,TRUE,FALSE,FALSE,FALSE,FALSE
299097,https://github.com/kimeisele/steward-protocol,0b42dd77b871dbab4687805569539ec8fd13257f,steward-protocol,steward-protocol/vibe_core/protocols/universal/cli.py,cli.py,https://github.com/kimeisele/steward-protocol/blob/0b42dd77b871dbab4687805569539ec8fd13257f/vibe_core/protocols/universal/cli.py#L866,"    unique_mahajanas: int  # 9-12 depending on mode
    heartbeat_available: bool  # MantraHeartbeat accessible
    krishna_present: bool  # Always True (acintya)

    @property",,Control flow/program logic,,FALSE,FALSE,FALSE,FALSE,FALSE,FALSE
219954,https://github.com/kimeisele/steward-protocol,0b42dd77b871dbab4687805569539ec8fd13257f,steward-protocol,steward-protocol/tests/unit/test_ledger_samsara.py,test_ledger_samsara.py,https://github.com/kimeisele/steward-protocol/blob/0b42dd77b871dbab4687805569539ec8fd13257f/tests/unit/test_ledger_samsara.py#L23,"    @pytest.fixture
    def test_db(self, temp_dir: Path) -> str:
        """"""Fixture providing a temporary database path.""""""
        db_path = temp_dir / ""test_ledger.db""
        return str(db_path)",,Docstring,,FALSE,FALSE,FALSE,FALSE,FALSE,FALSE
221258,https://github.com/kimeisele/steward-protocol,0b42dd77b871dbab4687805569539ec8fd13257f,steward-protocol,steward-protocol/tests/unit/plugins/test_kala.py,test_kala.py,https://github.com/kimeisele/steward-protocol/blob/0b42dd77b871dbab4687805569539ec8fd13257f/tests/unit/plugins/test_kala.py#L146,"
    def test_is_day_default(self):
        """"""is_day should default to True before boot.""""""
        from vibe_core.plugins.kala import KalaPlugin
",,Docstring,,FALSE,FALSE,FALSE,FALSE,FALSE,FALSE
221871,https://github.com/kimeisele/steward-protocol,0b42dd77b871dbab4687805569539ec8fd13257f,steward-protocol,steward-protocol/tests/tools/test_tool_registry.py,test_tool_registry.py,https://github.com/kimeisele/steward-protocol/blob/0b42dd77b871dbab4687805569539ec8fd13257f/tests/tools/test_tool_registry.py#L271,"
    def test_to_llm_prompt_with_tools(self, registry):
        """"""Test LLM prompt generation with tools.""""""
        registry.register(MockTool(""tool_a""))
        registry.register(MockTool(""tool_b""))",,Docstring,,FALSE,FALSE,FALSE,FALSE,FALSE,FALSE
222377,https://github.com/kimeisele/steward-protocol,0b42dd77b871dbab4687805569539ec8fd13257f,steward-protocol,steward-protocol/tests/samkhya/test_mantra_watchdog.py,test_mantra_watchdog.py,https://github.com/kimeisele/steward-protocol/blob/0b42dd77b871dbab4687805569539ec8fd13257f/tests/samkhya/test_mantra_watchdog.py#L27,"    def test_mahamantra_sequence_structure(self):
        """"""Verify the 16-Bit Instruction Set is correctly defined.""""""
        # Exactly 16 steps
        assert len(MAHAMANTRA_SEQUENCE) == 16
",,Docstring,,FALSE,FALSE,FALSE,FALSE,FALSE,FALSE
222534,https://github.com/kimeisele/steward-protocol,0b42dd77b871dbab4687805569539ec8fd13257f,steward-protocol,steward-protocol/tests/samkhya/test_samkhya_protocol.py,test_samkhya_protocol.py,https://github.com/kimeisele/steward-protocol/blob/0b42dd77b871dbab4687805569539ec8fd13257f/tests/samkhya/test_samkhya_protocol.py#L356,"
    def test_enumerate_by_guardian(self) -> None:
        """"""Can enumerate elements by guardian.""""""
        samkhya = get_samkhya()
",,Docstring,,FALSE,FALSE,FALSE,FALSE,FALSE,FALSE
223142,https://github.com/kimeisele/steward-protocol,0b42dd77b871dbab4687805569539ec8fd13257f,steward-protocol,steward-protocol/tests/security/test_public_chat.py,test_public_chat.py,https://github.com/kimeisele/steward-protocol/blob/0b42dd77b871dbab4687805569539ec8fd13257f/tests/security/test_public_chat.py#L132,"    @pytest.mark.asyncio
    async def test_rate_limit_returns_429(self):
        """"""Should return 429 when rate limited.""""""
        ip = ""10.0.0.1""
",,Docstring,,FALSE,FALSE,FALSE,FALSE,FALSE,FALSE
230616,https://github.com/kimeisele/steward-protocol,0b42dd77b871dbab4687805569539ec8fd13257f,steward-protocol,steward-protocol/tests/mahamantra/test_gita_verse_text.py,test_gita_verse_text.py,https://github.com/kimeisele/steward-protocol/blob/0b42dd77b871dbab4687805569539ec8fd13257f/tests/mahamantra/test_gita_verse_text.py#L943,"
    def test_mirror_diff_is_triangular_9(self) -> None:
        """"""72 - 27 = 45 = T(9) = NAVA × PANCHA.""""""
        from vibe_core.mahamantra.protocols._seed import NAVA
        from vibe_core.mahamantra.research.gita_verse_text import MIRROR_DIFF, TRIANGULAR_9","could also be commented out code: MLE - is saying what the test does. Not python code, equation instad",Docstring,Docstring,FALSE,FALSE,FALSE,FALSE,FALSE,FALSE
232511,https://github.com/kimeisele/steward-protocol,0b42dd77b871dbab4687805569539ec8fd13257f,steward-protocol,steward-protocol/tests/mahamantra/substrate/test_guna.py,test_guna.py,https://github.com/kimeisele/steward-protocol/blob/0b42dd77b871dbab4687805569539ec8fd13257f/tests/mahamantra/substrate/test_guna.py#L153,"
class TestRajasOpcodes:
    """"""Test RAJAS opcodes (write, modification).""""""

    def test_sys_wake_is_rajas(self):",,Docstring,,FALSE,FALSE,FALSE,FALSE,FALSE,FALSE
235189,https://github.com/kimeisele/steward-protocol,0b42dd77b871dbab4687805569539ec8fd13257f,steward-protocol,steward-protocol/tests/mahamantra/adapters/test_japa.py,test_japa.py,https://github.com/kimeisele/steward-protocol/blob/0b42dd77b871dbab4687805569539ec8fd13257f/tests/mahamantra/adapters/test_japa.py#L113,"
    def test_is_collapsed_large(self, japa):
        """"""Large values should not be collapsed.""""""
        result = japa.is_collapsed(1000)
        assert result.is_collapsed is False",,Docstring,,FALSE,FALSE,FALSE,FALSE,FALSE,FALSE
235759,https://github.com/kimeisele/steward-protocol,0b42dd77b871dbab4687805569539ec8fd13257f,steward-protocol,steward-protocol/tests/mahamantra/adapters/test_pipeline.py,test_pipeline.py,https://github.com/kimeisele/steward-protocol/blob/0b42dd77b871dbab4687805569539ec8fd13257f/tests/mahamantra/adapters/test_pipeline.py#L215,"
    def test_execute_returns_result(self):
        """"""Execute should return PipelineResult.""""""
        pipeline = MahamantraPipeline()
        pipeline.reset()",,Docstring,,FALSE,FALSE,FALSE,FALSE,FALSE,FALSE
236480,https://github.com/kimeisele/steward-protocol,0b42dd77b871dbab4687805569539ec8fd13257f,steward-protocol,steward-protocol/tests/mahamantra/protocols/test_steward.py,test_steward.py,https://github.com/kimeisele/steward-protocol/blob/0b42dd77b871dbab4687805569539ec8fd13257f/tests/mahamantra/protocols/test_steward.py#L115,"
    def test_steward_health_pristine(self):
        """"""StewardHealth has PRISTINE.""""""
        assert StewardHealth.PRISTINE.value == ""pristine""
",,Docstring,,FALSE,FALSE,FALSE,FALSE,FALSE,FALSE
237675,https://github.com/kimeisele/steward-protocol,0b42dd77b871dbab4687805569539ec8fd13257f,steward-protocol,steward-protocol/tests/mahamantra/lila/test_adhikara.py,test_adhikara.py,https://github.com/kimeisele/steward-protocol/blob/0b42dd77b871dbab4687805569539ec8fd13257f/tests/mahamantra/lila/test_adhikara.py#L145,"
    def test_matches_bitmap(self):
        """"""FrozenSet matches the bitmap.""""""
        pos = 8
        bitmap = compute_required_bitmap(pos)",,Docstring,,FALSE,FALSE,FALSE,FALSE,FALSE,FALSE
238851,https://github.com/kimeisele/steward-protocol,0b42dd77b871dbab4687805569539ec8fd13257f,steward-protocol,steward-protocol/tests/protocols/mahajanas/test_yamaraja_samskara.py,test_yamaraja_samskara.py,https://github.com/kimeisele/steward-protocol/blob/0b42dd77b871dbab4687805569539ec8fd13257f/tests/protocols/mahajanas/test_yamaraja_samskara.py#L93,"
    def test_null_samskara_discover_wild(self) -> None:
        """"""NullSamskara should return empty wild list.""""""
        samskara = NullSamskara()
        wild = samskara.discover_wild([""some/path""])",,Docstring,,FALSE,FALSE,FALSE,FALSE,FALSE,FALSE
240581,https://github.com/kimeisele/steward-protocol,0b42dd77b871dbab4687805569539ec8fd13257f,steward-protocol,steward-protocol/vibe_core/di.py,di.py,https://github.com/kimeisele/steward-protocol/blob/0b42dd77b871dbab4687805569539ec8fd13257f/vibe_core/di.py#L729,"    @classmethod
    def disable_auto_flood(cls) -> None:
        """"""Disable automatic flooding (for testing).""""""
        with cls._lock:
            cls._auto_flood_enabled = False",,Docstring,,FALSE,FALSE,FALSE,FALSE,FALSE,FALSE
246204,https://github.com/kimeisele/steward-protocol,0b42dd77b871dbab4687805569539ec8fd13257f,steward-protocol,steward-protocol/vibe_core/cartridges/agent_city/market/cartridge_main.py,cartridge_main.py,https://github.com/kimeisele/steward-protocol/blob/0b42dd77b871dbab4687805569539ec8fd13257f/vibe_core/cartridges/agent_city/market/cartridge_main.py#L365,"
    async def _verify_delivery(self, payload: Dict[str, Any]) -> Dict[str, Any]:
        """"""
        Verify delivery (buyer confirms goods/services received).
        Marks order as complete.
        """"""
        order_id = payload.get(""order_id"", """")
        confirmation = payload.get(""confirmation"", ""ok"")",,Docstring,,FALSE,FALSE,FALSE,FALSE,FALSE,FALSE
253368,https://github.com/kimeisele/steward-protocol,0b42dd77b871dbab4687805569539ec8fd13257f,steward-protocol,steward-protocol/vibe_core/mahamantra_research/gap_analysis.py,gap_analysis.py,https://github.com/kimeisele/steward-protocol/blob/0b42dd77b871dbab4687805569539ec8fd13257f/vibe_core/mahamantra_research/gap_analysis.py#L110,"@dataclass
class GapType:
    """"""Types of gaps found in analysis.""""""

    RESEARCH_NOT_IN_PRODUCTION = ""research_not_in_production""",,Docstring,,FALSE,FALSE,FALSE,FALSE,FALSE,FALSE
254411,https://github.com/kimeisele/steward-protocol,0b42dd77b871dbab4687805569539ec8fd13257f,steward-protocol,steward-protocol/vibe_core/mahamantra_research/shabda_recognition/experiment_05_test_register.py,experiment_05_test_register.py,https://github.com/kimeisele/steward-protocol/blob/0b42dd77b871dbab4687805569539ec8fd13257f/vibe_core/mahamantra_research/shabda_recognition/experiment_05_test_register.py#L61,"
def frame_mfcc_to_arpabet(mfcc: Tuple[int, ...]) -> str:
    """"""Classify a frame's MFCC vector to the best ARPAbet phoneme.""""""
    best_phone = """"
    best_sim = -1.0",,Docstring,,FALSE,FALSE,FALSE,FALSE,FALSE,FALSE
259379,https://github.com/kimeisele/steward-protocol,0b42dd77b871dbab4687805569539ec8fd13257f,steward-protocol,steward-protocol/vibe_core/plugins/opus_assistant/manas/logger_bridge.py,logger_bridge.py,https://github.com/kimeisele/steward-protocol/blob/0b42dd77b871dbab4687805569539ec8fd13257f/vibe_core/plugins/opus_assistant/manas/logger_bridge.py#L122,"
    def log_info(self, message: str, source: str = ""MANAS"") -> None:
        """"""Log an info message.""""""
        self.log_observation(message, severity=""info"", source=source)
",,Docstring,,FALSE,FALSE,FALSE,FALSE,FALSE,FALSE
264843,https://github.com/kimeisele/steward-protocol,0b42dd77b871dbab4687805569539ec8fd13257f,steward-protocol,steward-protocol/vibe_core/plugins/opus_assistant/events/kernel_tick.py,kernel_tick.py,https://github.com/kimeisele/steward-protocol/blob/0b42dd77b871dbab4687805569539ec8fd13257f/vibe_core/plugins/opus_assistant/events/kernel_tick.py#L820,"
    async def _emit_event_action(self, target: str, params: Dict[str, Any]) -> Dict[str, Any]:
        """"""Emit an event via EventBus.""""""
        try:
            from vibe_core.event_bus import get_event_bus",,Docstring,,FALSE,FALSE,FALSE,FALSE,FALSE,FALSE
265766,https://github.com/kimeisele/steward-protocol,0b42dd77b871dbab4687805569539ec8fd13257f,steward-protocol,steward-protocol/vibe_core/naga/kulika.py,kulika.py,https://github.com/kimeisele/steward-protocol/blob/0b42dd77b871dbab4687805569539ec8fd13257f/vibe_core/naga/kulika.py#L559,"
    def get(self, name: str) -> Optional[NagaManifest]:
        """"""Get a NAGA manifest by name.""""""
        return self._services.get(name.lower())
",,Docstring,,FALSE,FALSE,FALSE,FALSE,FALSE,FALSE
271315,https://github.com/kimeisele/steward-protocol,0b42dd77b871dbab4687805569539ec8fd13257f,steward-protocol,steward-protocol/vibe_core/cli/plugins_cli.py,plugins_cli.py,https://github.com/kimeisele/steward-protocol/blob/0b42dd77b871dbab4687805569539ec8fd13257f/vibe_core/cli/plugins_cli.py#L49,"
    def _get_service(self) -> PluginService:
        """"""Get PluginService instance.""""""
        if self._service is None:
            self._service = PluginService.get_instance(Path.cwd())",,Docstring,,FALSE,FALSE,FALSE,FALSE,FALSE,FALSE
280194,https://github.com/kimeisele/steward-protocol,0b42dd77b871dbab4687805569539ec8fd13257f,steward-protocol,steward-protocol/vibe_core/mahamantra/moksha/yamaraja/samskara_service.py,samskara_service.py,https://github.com/kimeisele/steward-protocol/blob/0b42dd77b871dbab4687805569539ec8fd13257f/vibe_core/mahamantra/moksha/yamaraja/samskara_service.py#L326,"
    def _get_required_samskaras_list(self, gad_score: float) -> List[str]:
        """"""Get required samskaras based on GAD score.""""""
        if gad_score >= 0.8:
            return [SamskaraType.VIVAHA.value]  # Just marriage (binding)",,Docstring,,FALSE,FALSE,FALSE,FALSE,FALSE,FALSE
280881,https://github.com/kimeisele/steward-protocol,0b42dd77b871dbab4687805569539ec8fd13257f,steward-protocol,steward-protocol/vibe_core/mahamantra/tests/test_pancha_walk.py,test_pancha_walk.py,https://github.com/kimeisele/steward-protocol/blob/0b42dd77b871dbab4687805569539ec8fd13257f/vibe_core/mahamantra/tests/test_pancha_walk.py#L233,"
class TestDerivedSignature:
    """"""derived_signature(): 3D phoneme walk.""""""

    def test_dharma_signature(self):",,Docstring,,FALSE,FALSE,FALSE,FALSE,FALSE,FALSE
281027,https://github.com/kimeisele/steward-protocol,0b42dd77b871dbab4687805569539ec8fd13257f,steward-protocol,steward-protocol/vibe_core/mahamantra/tests/test_seed_ssot.py,test_seed_ssot.py,https://github.com/kimeisele/steward-protocol/blob/0b42dd77b871dbab4687805569539ec8fd13257f/vibe_core/mahamantra/tests/test_seed_ssot.py#L264,"
    def test_helper_functions(self):
        """"""Seed helper functions work correctly.""""""
        from vibe_core.mahamantra.substrate.core.seed import (
            get_quarter,",,Docstring,,FALSE,FALSE,FALSE,FALSE,FALSE,FALSE
284475,https://github.com/kimeisele/steward-protocol,0b42dd77b871dbab4687805569539ec8fd13257f,steward-protocol,steward-protocol/vibe_core/mahamantra/dharma/kumaras/tests/test_healing_resolver.py,test_healing_resolver.py,https://github.com/kimeisele/steward-protocol/blob/0b42dd77b871dbab4687805569539ec8fd13257f/vibe_core/mahamantra/dharma/kumaras/tests/test_healing_resolver.py#L94,"
    def test_missing_params_returns_failed(self, resolver):
        """"""Missing file_path or rule_id returns FAILED.""""""
        intent = MantraIntent(
            type=IntentType.HEAL,",,Docstring,,FALSE,FALSE,FALSE,FALSE,FALSE,FALSE
284748,https://github.com/kimeisele/steward-protocol,0b42dd77b871dbab4687805569539ec8fd13257f,steward-protocol,steward-protocol/vibe_core/mahamantra/dharma/kapila/remedies/missing_mahajana.py,missing_mahajana.py,https://github.com/kimeisele/steward-protocol/blob/0b42dd77b871dbab4687805569539ec8fd13257f/vibe_core/mahamantra/dharma/kapila/remedies/missing_mahajana.py#L96,"
    def set_file_path(self, path: str) -> None:
        """"""Set the file path for inference.""""""
        self._file_path = path
",,Docstring,,FALSE,FALSE,FALSE,FALSE,FALSE,FALSE
291793,https://github.com/kimeisele/steward-protocol,0b42dd77b871dbab4687805569539ec8fd13257f,steward-protocol,steward-protocol/vibe_core/protocols/manifestation.py,manifestation.py,https://github.com/kimeisele/steward-protocol/blob/0b42dd77b871dbab4687805569539ec8fd13257f/vibe_core/protocols/manifestation.py#L315,"
    def all_manifestations(self) -> List[Path]:
        """"""Return all known manifestation paths.""""""
        ...
",,Docstring,,FALSE,FALSE,FALSE,FALSE,FALSE,FALSE
294231,https://github.com/kimeisele/steward-protocol,0b42dd77b871dbab4687805569539ec8fd13257f,steward-protocol,steward-protocol/vibe_core/protocols/mahajanas/vyuha.py,vyuha.py,https://github.com/kimeisele/steward-protocol/blob/0b42dd77b871dbab4687805569539ec8fd13257f/vibe_core/protocols/mahajanas/vyuha.py#L619,"
    def get_phase_cycle(self, phase: CyclePhase) -> CycleDefinition:
        """"""Get cycle definition by phase.""""""
        return CYCLE_BY_PHASE[phase]
",,Docstring,,FALSE,FALSE,FALSE,FALSE,FALSE,FALSE
301467,https://github.com/kimeisele/steward-protocol,0b42dd77b871dbab4687805569539ec8fd13257f,steward-protocol,steward-protocol/vibe_core/protocols/naga/tuv.py,tuv.py,https://github.com/kimeisele/steward-protocol/blob/0b42dd77b871dbab4687805569539ec8fd13257f/vibe_core/protocols/naga/tuv.py#L455,"
    def get_gap(self, gap_id: str) -> Optional[ProtocolGap]:
        """"""Get gap by ID.""""""
        ...
",,Docstring,,FALSE,FALSE,FALSE,FALSE,FALSE,FALSE
301500,https://github.com/kimeisele/steward-protocol,0b42dd77b871dbab4687805569539ec8fd13257f,steward-protocol,steward-protocol/vibe_core/protocols/naga/shankha.py,shankha.py,https://github.com/kimeisele/steward-protocol/blob/0b42dd77b871dbab4687805569539ec8fd13257f/vibe_core/protocols/naga/shankha.py#L100,"
    def acknowledge(self, subscriber_id: str, message_ids: List[str]) -> int:
        """"""Acknowledge messages as processed.""""""
        ...
",,Docstring,,FALSE,FALSE,FALSE,FALSE,FALSE,FALSE
302953,https://github.com/kimeisele/steward-protocol,0b42dd77b871dbab4687805569539ec8fd13257f,steward-protocol,steward-protocol/vibe_core/services/maha_compute_service.py,maha_compute_service.py,https://github.com/kimeisele/steward-protocol/blob/0b42dd77b871dbab4687805569539ec8fd13257f/vibe_core/services/maha_compute_service.py#L185,"
    def compute_now(self, seed: int) -> MahaComputeResult:
        """"""
        Compute transformation immediately with given seed.

        Useful for manual testing or one-off computations.
        """"""
        return self.on_tick(
            tick=seed % WORDS,",,Docstring,,FALSE,FALSE,FALSE,FALSE,FALSE,FALSE
303956,https://github.com/kimeisele/steward-protocol,0b42dd77b871dbab4687805569539ec8fd13257f,steward-protocol,steward-protocol/vibe_core/services/chat_nadi.py,chat_nadi.py,https://github.com/kimeisele/steward-protocol/blob/0b42dd77b871dbab4687805569539ec8fd13257f/vibe_core/services/chat_nadi.py#L418,"
    def connect_to_mahajana(self, mahajana_endpoint: str) -> bool:
        """"""Connect to a Mahajana endpoint for dispatching.""""""
        return self._nadi.connect(mahajana_endpoint)
",,Docstring,,FALSE,FALSE,FALSE,FALSE,FALSE,FALSE
226875,https://github.com/kimeisele/steward-protocol,0b42dd77b871dbab4687805569539ec8fd13257f,steward-protocol,steward-protocol/tests/naga/test_cli_governed.py,test_cli_governed.py,https://github.com/kimeisele/steward-protocol/blob/0b42dd77b871dbab4687805569539ec8fd13257f/tests/naga/test_cli_governed.py#L1,"""""""
Tests for @cli_governed decorator and CLICapabilityToken.

TDD: Test the DNA injection pattern for CLI commands.

The @cli_governed decorator is Level -1 DNA that automatically applies
NAGA governance to any CLI method - no manual hook wiring needed.
""""""

from datetime import datetime, timedelta",,file descriptor,,FALSE,FALSE,FALSE,FALSE,FALSE,FALSE
241690,https://github.com/kimeisele/steward-protocol,0b42dd77b871dbab4687805569539ec8fd13257f,steward-protocol,steward-protocol/vibe_core/cartridges/system/civic/tools/vault_tool.py,vault_tool.py,https://github.com/kimeisele/steward-protocol/blob/0b42dd77b871dbab4687805569539ec8fd13257f/vibe_core/cartridges/system/civic/tools/vault_tool.py#L1,"""""""
CIVIC VAULT TOOL - Secure Asset Management (Tool Protocol)

Kernel-managed vault for encrypted secret storage and leasing.
Implements graceful degradation - if cryptography fails, system continues.

Philosophy:
""API Keys are not owned by Agents. They are ASSETS of the collective.
Agents must LEASE them using Credits. Every access is logged.
This is radical transparency without radical exposure.""

Rust Panic Protection:
The cryptography library uses Rust (via PyO3). If it panics, we catch it
with BaseException and return ToolResult(success=False). The system continues.
""""""

# === MAHAJANA DECLARATION (machine-readable) ===",,file descriptor,,FALSE,FALSE,FALSE,FALSE,FALSE,FALSE
251208,https://github.com/kimeisele/steward-protocol,0b42dd77b871dbab4687805569539ec8fd13257f,steward-protocol,steward-protocol/vibe_core/mahamantra_research/karma_mathematics.py,karma_mathematics.py,https://github.com/kimeisele/steward-protocol/blob/0b42dd77b871dbab4687805569539ec8fd13257f/vibe_core/mahamantra_research/karma_mathematics.py#L1,"""""""
KARMA MATHEMATICS - The Proof of BHOGA vs PRASADAM
===================================================

""yajña-śiṣṭāśinaḥ santo mucyante sarva-kilbiṣaiḥ
 bhuñjate te tv aghaṁ pāpā ye pacanty ātma-kāraṇāt"" (BG 3.13)

""The devotees of the Lord are released from all kinds of sins because
they eat food which is offered first in sacrifice. Others, who prepare
food for personal sense enjoyment, verily eat only sin.""

THE MATHEMATICAL PROOF:
=======================
1. Every consumption disturbs KSHETRA (24 material elements)
2. Without KSETRAJNA offering, disturbance accumulates as KARMA
3. With KSETRAJNA (surrender), disturbance is neutralized = PRASADAM

THE FORMULAS:
=============
BHOGA_KARMA = KSHETRA × CONSUMPTION (accumulates!)
PRASADAM_KARMA = 0 (neutralized by KSETRAJNA)

THE VEGETARIAN FALLACY:
=======================
Krishna says vegetarianism alone is NOT enough (BG 3.13):
- Even plants have souls (jivas) that must relocate
- Killing is unavoidable in material existence
- ONLY yajna (sacrifice/offering) neutralizes the karma

MATHEMATICAL PROOF:
===================
mod 17 test reveals whether karma accumulates:
- BHOGA:    mod 17 = 0 → Classical → Karma is DETERMINISTIC (accumulates)
- PRASADAM: mod 17 = 1 → Quantum → Karma is TRANSFORMED (neutralized)

The remainder (KSETRAJNA = 1) IS the transformation!
Without it, karma follows classical physics (cause → effect).
With it, karma enters quantum superposition (offering → grace).
""""""

# === MAHAJANA DECLARATION (machine-readable) ===",this is the longest so far,file descriptor,,FALSE,FALSE,TRUE,FALSE,FALSE,TRUE
277562,https://github.com/kimeisele/steward-protocol,0b42dd77b871dbab4687805569539ec8fd13257f,steward-protocol,steward-protocol/vibe_core/mahamantra/substrate/algorithm/__init__.py,__init__.py,https://github.com/kimeisele/steward-protocol/blob/0b42dd77b871dbab4687805569539ec8fd13257f/vibe_core/mahamantra/substrate/algorithm/__init__.py#L1,"""""""
MAHA ALGORITHM - The 16-Step Execution Model
=============================================

THE SINGLE SOURCE OF TRUTH for Mahamantra computation.

PRIMITIVE FUNCTIONS (use these!):
    maha_step(value, name, mod)     - Single step transformation
    maha_oscillate(value, mod)      - Full 16-step cycle
    find_attractor(seed, mod)       - Find stable state

CLASSES:
    MahaAlgorithm16    - Pure 16-step executor
    MahaModularSynth   - Runtime-adjustable transformer
    DynamicMahaEngine  - Incremental attractor finder
""""""

from .maha import (",,file descriptor,,FALSE,FALSE,TRUE,FALSE,FALSE,FALSE
280154,https://github.com/kimeisele/steward-protocol,0b42dd77b871dbab4687805569539ec8fd13257f,steward-protocol,steward-protocol/vibe_core/mahamantra/moksha/bali/__init__.py,__init__.py,https://github.com/kimeisele/steward-protocol/blob/0b42dd77b871dbab4687805569539ec8fd13257f/vibe_core/mahamantra/moksha/bali/__init__.py#L1,"""""""
BALI - Position 13
==================

Quarter: MOKSHA
OpCode: IO_FLUSH
Type: WORKER

MAHAMANTRA AS LENS:
    Structure defined here. Implementation re-exported from protocols/mahajanas.
    Samskara will migrate implementations over time.

PARAMPARA: 518 (% 37 == 0 -> CONNECTED)
""""""

from __future__ import annotations",,file descriptor,,FALSE,FALSE,FALSE,FALSE,FALSE,FALSE
222757,https://github.com/kimeisele/steward-protocol,0b42dd77b871dbab4687805569539ec8fd13257f,steward-protocol,steward-protocol/tests/samkhya/test_vajra_hardware_protocols.py,test_vajra_hardware_protocols.py,https://github.com/kimeisele/steward-protocol/blob/0b42dd77b871dbab4687805569539ec8fd13257f/tests/samkhya/test_vajra_hardware_protocols.py#L449,"                    ""shrotra"": 20000.0,  # Hz (hearing)
                    ""chakshu"": 1e15,  # photons/sec (sight)
                    ""tvak"": 1000.0,  # touch points
                }
                return bandwidths.get(indriya, 100.0)",,human explainability ,human explainability ,FALSE,FALSE,FALSE,FALSE,FALSE,FALSE
235647,https://github.com/kimeisele/steward-protocol,0b42dd77b871dbab4687805569539ec8fd13257f,steward-protocol,steward-protocol/tests/mahamantra/adapters/test_hash.py,test_hash.py,https://github.com/kimeisele/steward-protocol/blob/0b42dd77b871dbab4687805569539ec8fd13257f/tests/mahamantra/adapters/test_hash.py#L128,"        assert PARAMPARA in lens_mods  # 37
        assert 73 in lens_mods  # Prime
        assert MAHA_QUANTUM in lens_mods  # 137

    def test_analyze_returns_all_lenses(self):",,human explainability ,,FALSE,FALSE,FALSE,FALSE,FALSE,FALSE
265870,https://github.com/kimeisele/steward-protocol,0b42dd77b871dbab4687805569539ec8fd13257f,steward-protocol,steward-protocol/vibe_core/naga/flood.py,flood.py,https://github.com/kimeisele/steward-protocol/blob/0b42dd77b871dbab4687805569539ec8fd13257f/vibe_core/naga/flood.py#L18,"__mahajana__ = ""yamaraja""
__position__ = 15
__genesis__ = ""0xf3e91e03""  # GenesisByte: parampara % 37 == 0

import asyncio",genesisByte?,human explainability ,human explainability ,FALSE,FALSE,FALSE,FALSE,FALSE,FALSE
272154,https://github.com/kimeisele/steward-protocol,0b42dd77b871dbab4687805569539ec8fd13257f,steward-protocol,steward-protocol/vibe_core/state/synapse_store.py,synapse_store.py,https://github.com/kimeisele/steward-protocol/blob/0b42dd77b871dbab4687805569539ec8fd13257f/vibe_core/state/synapse_store.py#L50,"__mahajana__ = ""bhishma""
__position__ = 11
__genesis__ = ""0x5965378e""  # GenesisByte: parampara % 37 == 0

import json",,human explainability ,,FALSE,FALSE,FALSE,FALSE,FALSE,FALSE
282576,https://github.com/kimeisele/steward-protocol,0b42dd77b871dbab4687805569539ec8fd13257f,steward-protocol,steward-protocol/vibe_core/mahamantra/adapters/japa.py,japa.py,https://github.com/kimeisele/steward-protocol/blob/0b42dd77b871dbab4687805569539ec8fd13257f/vibe_core/mahamantra/adapters/japa.py#L54,"
from vibe_core.mahamantra.protocols._seed import (
    CHAITANYA_BIRTH,  # 1486 - Appearance year CE
    KSETRAJNA,  # 1 - The observer
    KSHETRA,  # 24 - The field (prakriti elements)",,human explainability ,human explainability ,FALSE,FALSE,FALSE,FALSE,FALSE,FALSE
288688,https://github.com/kimeisele/steward-protocol,0b42dd77b871dbab4687805569539ec8fd13257f,steward-protocol,steward-protocol/vibe_core/mahamantra/protocols/seed/_extended.py,_extended.py,https://github.com/kimeisele/steward-protocol/blob/0b42dd77b871dbab4687805569539ec8fd13257f/vibe_core/mahamantra/protocols/seed/_extended.py#L303,"# CKM Matrix (all scaling factors derived from TEN!)
MAHA_VUS_SCALED: Final[int] = MAHA_CABIBBO_SCALED  # 225
_VCB_DIVISOR: Final[int] = JIVA_QUALITIES * HARE_COUNT  # 400
# V_cb scaled by TEN^4 = 10000
MAHA_VCB_SCALED: Final[int] = (POSITION_SUM_KRISHNA * (TEN**QUARTERS)) // _VCB_DIVISOR  # 425",??????,human explainability ,human explainability ,FALSE,FALSE,FALSE,FALSE,FALSE,FALSE
292955,https://github.com/kimeisele/steward-protocol,0b42dd77b871dbab4687805569539ec8fd13257f,steward-protocol,steward-protocol/vibe_core/protocols/crypto.py,crypto.py,https://github.com/kimeisele/steward-protocol/blob/0b42dd77b871dbab4687805569539ec8fd13257f/vibe_core/protocols/crypto.py#L9,"__mahajana__ = ""kumaras""
__position__ = 5
__genesis__ = ""0x772b60e4""  # GenesisByte: parampara % 37 == 0

from typing import Protocol, runtime_checkable",,human explainability ,,FALSE,FALSE,FALSE,FALSE,FALSE,FALSE
229186,https://github.com/kimeisele/steward-protocol,0b42dd77b871dbab4687805569539ec8fd13257f,steward-protocol,steward-protocol/tests/hardening/test_kurukshetra_hardening.py,test_kurukshetra_hardening.py,https://github.com/kimeisele/steward-protocol/blob/0b42dd77b871dbab4687805569539ec8fd13257f/tests/hardening/test_kurukshetra_hardening.py#L144,"            pass

        # Verify: Does pulse() still work?
        # If kernel.watchdog is None, pulse() raises AttributeError.
        # BUT, a robust kernel should handle this (Arjuna Self-Healing).
        # We haven't implemented self-healing for watchdog specifically yet,
        # but let's see if 'chaitanya' survived (if they are separate refs).

        if kernel.chaitanya is not None and kernel.watchdog is None:",,Note to self,Note to self,FALSE,TRUE,FALSE,FALSE,TRUE,FALSE
226068,https://github.com/kimeisele/steward-protocol,0b42dd77b871dbab4687805569539ec8fd13257f,steward-protocol,steward-protocol/tests/integration/test_lifecycle_enforcer.py,test_lifecycle_enforcer.py,https://github.com/kimeisele/steward-protocol/blob/0b42dd77b871dbab4687805569539ec8fd13257f/tests/integration/test_lifecycle_enforcer.py#L142,"    logger.info(""TEST 6 PASSED: SHUDRA correctly blocked from writing"")

    # TEST 7: Verify persistence - Reload and check state survives
    logger.info(""\n"" + ""-"" * 80)
    logger.info(""TEST 7: Verify KARMA (persistence) - State survives restart"")",,Numbered Step,,FALSE,FALSE,FALSE,FALSE,FALSE,FALSE
244948,https://github.com/kimeisele/steward-protocol,0b42dd77b871dbab4687805569539ec8fd13257f,steward-protocol,steward-protocol/vibe_core/cartridges/system/engineer/tools/shuddhi_tool.py,shuddhi_tool.py,https://github.com/kimeisele/steward-protocol/blob/0b42dd77b871dbab4687805569539ec8fd13257f/vibe_core/cartridges/system/engineer/tools/shuddhi_tool.py#L99,"        rule_id = parameters.get(""rule_id"") or parameters.get(""violation_type"")

        # 1. Access Shuddhi Service via DI
        try:
            shuddhi = ServiceRegistry.require(ShuddhiProtocol)",,Numbered Step,,FALSE,FALSE,FALSE,FALSE,FALSE,FALSE
228750,https://github.com/kimeisele/steward-protocol,0b42dd77b871dbab4687805569539ec8fd13257f,steward-protocol,steward-protocol/tests/cli/naga_commands/test_purify_commands.py,test_purify_commands.py,https://github.com/kimeisele/steward-protocol/blob/0b42dd77b871dbab4687805569539ec8fd13257f/tests/cli/naga_commands/test_purify_commands.py#L211,"            MantraOpCode.DHARMA_TEST,
        ]
        assert cmd.opcode == purify_opcodes[0]  # HEAD

    def test_vyasa_is_avatara(self):",,Other/weird,Other/weird,FALSE,FALSE,FALSE,FALSE,FALSE,FALSE
253242,https://github.com/kimeisele/steward-protocol,0b42dd77b871dbab4687805569539ec8fd13257f,steward-protocol,steward-protocol/vibe_core/mahamantra_research/acintya_mathematics.py,acintya_mathematics.py,https://github.com/kimeisele/steward-protocol/blob/0b42dd77b871dbab4687805569539ec8fd13257f/vibe_core/mahamantra_research/acintya_mathematics.py#L413,"    # Three tiers of inaccessible qualities
    demigod_extra: int  # PANCHA = 5 (qualities 51-55)
    vishnu_extra: int  # PANCHA = 5 (qualities 56-60)
    krishna_exclusive: int  # QUARTERS = 4 (qualities 61-64)
",,Other/weird,Other/weird,FALSE,FALSE,FALSE,FALSE,FALSE,TRUE
297881,https://github.com/kimeisele/steward-protocol,0b42dd77b871dbab4687805569539ec8fd13257f,steward-protocol,steward-protocol/vibe_core/protocols/mahajanas/kapila/samkhya.py,samkhya.py,https://github.com/kimeisele/steward-protocol/blob/0b42dd77b871dbab4687805569539ec8fd13257f/vibe_core/protocols/mahajanas/kapila/samkhya.py#L123,"    UPASTHA = 19  # Generation → Create/Genesis

    # MAHABHUTA (5 Gross Elements) — Positions 20-24
    AKASHA = 20  # Ether → Network/Field
    VAYU = 21  # Air → Process/Flow",,Other/weird,Other/weird,FALSE,FALSE,FALSE,FALSE,FALSE,FALSE
300266,https://github.com/kimeisele/steward-protocol,0b42dd77b871dbab4687805569539ec8fd13257f,steward-protocol,steward-protocol/vibe_core/protocols/substrate/gene.py,gene.py,https://github.com/kimeisele/steward-protocol/blob/0b42dd77b871dbab4687805569539ec8fd13257f/vibe_core/protocols/substrate/gene.py#L38,"        Ramanujan Logic: Wenn Entropie > Kohärenz des Mantras -> TOD.
        """"""
        # Threshold Logic: Life exists if Coherence > Entropy
        # But we accept ""Orange"" state (Struggling) if diff is small.
        # Fatal only if Entropy explicitly overwhelms Coherence.
        return self.entropy_load > self.mantra_shield.coherence / 21600
",,Other/weird,Other/weird,FALSE,TRUE,FALSE,FALSE,FALSE,TRUE
253994,https://github.com/kimeisele/steward-protocol,0b42dd77b871dbab4687805569539ec8fd13257f,steward-protocol,steward-protocol/vibe_core/mahamantra_research/dharma/gad_kirtan.py,gad_kirtan.py,https://github.com/kimeisele/steward-protocol/blob/0b42dd77b871dbab4687805569539ec8fd13257f/vibe_core/mahamantra_research/dharma/gad_kirtan.py#L34,"""""""

# === MAHAJANA DECLARATION (machine-readable) ===
__mahajana__ = ""prahlada""
__position__ = 9",,section breaker,,FALSE,FALSE,TRUE,FALSE,FALSE,FALSE
254167,https://github.com/kimeisele/steward-protocol,0b42dd77b871dbab4687805569539ec8fd13257f,steward-protocol,steward-protocol/vibe_core/mahamantra_research/shabda_recognition/experiment_36_refined_align.py,experiment_36_refined_align.py,https://github.com/kimeisele/steward-protocol/blob/0b42dd77b871dbab4687805569539ec8fd13257f/vibe_core/mahamantra_research/shabda_recognition/experiment_36_refined_align.py#L336,"

# =============================================================================
# 7. TRANSFER LABELS
# =============================================================================

",,section breaker,,FALSE,FALSE,TRUE,FALSE,FALSE,FALSE
256746,https://github.com/kimeisele/steward-protocol,0b42dd77b871dbab4687805569539ec8fd13257f,steward-protocol,steward-protocol/vibe_core/plugins/test_orchestration/test_guardian.py,test_guardian.py,https://github.com/kimeisele/steward-protocol/blob/0b42dd77b871dbab4687805569539ec8fd13257f/vibe_core/plugins/test_orchestration/test_guardian.py#L177,"            json.dump(data, f, indent=2)

    # ========================================================================
    # CORE API
    # ========================================================================

    def hash_file(self, path: Path) -> str:",,section breaker,,FALSE,FALSE,FALSE,FALSE,FALSE,FALSE
257195,https://github.com/kimeisele/steward-protocol,0b42dd77b871dbab4687805569539ec8fd13257f,steward-protocol,steward-protocol/vibe_core/plugins/moltbook/state.py,state.py,https://github.com/kimeisele/steward-protocol/blob/0b42dd77b871dbab4687805569539ec8fd13257f/vibe_core/plugins/moltbook/state.py#L145,"
        # --- External integrations (lazy) ---
        self.bank: Any = None  # CivicBank
        self.agora: Any = None  # AgoraCartridge
",,section breaker,,FALSE,FALSE,FALSE,FALSE,FALSE,FALSE
279281,https://github.com/kimeisele/steward-protocol,0b42dd77b871dbab4687805569539ec8fd13257f,steward-protocol,steward-protocol/vibe_core/mahamantra/substrate/governance/bridge.py,bridge.py,https://github.com/kimeisele/steward-protocol/blob/0b42dd77b871dbab4687805569539ec8fd13257f/vibe_core/mahamantra/substrate/governance/bridge.py#L91,"    ""log_emit"": get_mahajana_position(""shuka""),  # Position 14 - LOG_EMIT
    ""log_write"": get_mahajana_position(""shuka""),  # Position 14 - LOG_EMIT
    # FILE OPERATIONS
    ""file_flush"": get_mahajana_position(""bali""),  # Position 13 - IO_FLUSH
    ""file_write"": get_mahajana_position(""bali""),  # Position 13 - IO_FLUSH",,section breaker,,FALSE,FALSE,FALSE,FALSE,FALSE,FALSE
284724,https://github.com/kimeisele/steward-protocol,0b42dd77b871dbab4687805569539ec8fd13257f,steward-protocol,steward-protocol/vibe_core/mahamantra/dharma/kapila/remedies/unsafe_io_write.py,unsafe_io_write.py,https://github.com/kimeisele/steward-protocol/blob/0b42dd77b871dbab4687805569539ec8fd13257f/vibe_core/mahamantra/dharma/kapila/remedies/unsafe_io_write.py#L5,"""""""

# === MAHAJANA DECLARATION (machine-readable) ===
__mahajana__ = ""kapila""
__position__ = 6",,section breaker,,FALSE,FALSE,TRUE,FALSE,FALSE,FALSE
285928,https://github.com/kimeisele/steward-protocol,0b42dd77b871dbab4687805569539ec8fd13257f,steward-protocol,steward-protocol/vibe_core/mahamantra/protocols/_ouroboros.py,_ouroboros.py,https://github.com/kimeisele/steward-protocol/blob/0b42dd77b871dbab4687805569539ec8fd13257f/vibe_core/mahamantra/protocols/_ouroboros.py#L243,"    """"""Typed events for the Ouroboros system.""""""

    # Lifecycle
    GENE_REGISTERED = ""gene.registered""
    GENE_ACTIVATED = ""gene.activated""",,section breaker,,FALSE,FALSE,FALSE,FALSE,FALSE,FALSE
286705,https://github.com/kimeisele/steward-protocol,0b42dd77b871dbab4687805569539ec8fd13257f,steward-protocol,steward-protocol/vibe_core/mahamantra/protocols/_maha_compute.py,_maha_compute.py,https://github.com/kimeisele/steward-protocol/blob/0b42dd77b871dbab4687805569539ec8fd13257f/vibe_core/mahamantra/protocols/_maha_compute.py#L211,"

# =============================================================================
# GITA CHAPTER INSIGHTS (Brief summaries for each chapter)
# =============================================================================

GITA_INSIGHTS: Final[dict[int, str]] = {",,section breaker,,FALSE,FALSE,FALSE,FALSE,FALSE,FALSE
289599,https://github.com/kimeisele/steward-protocol,0b42dd77b871dbab4687805569539ec8fd13257f,steward-protocol,steward-protocol/vibe_core/mahamantra/lila/registry.py,registry.py,https://github.com/kimeisele/steward-protocol/blob/0b42dd77b871dbab4687805569539ec8fd13257f/vibe_core/mahamantra/lila/registry.py#L174,"        self._lock = Lock()

        # Stats
        self._total_registered = 0
        self._total_retired = 0",,section breaker,,FALSE,FALSE,FALSE,FALSE,FALSE,FALSE
217929,https://github.com/kimeisele/steward-protocol,0b42dd77b871dbab4687805569539ec8fd13257f,steward-protocol,steward-protocol/tests/conftest.py,conftest.py,https://github.com/kimeisele/steward-protocol/blob/0b42dd77b871dbab4687805569539ec8fd13257f/tests/conftest.py#L561,"@pytest.fixture
def sattva_gene(request):
    """"""
    Fixture: Low-entropy gene for stable/pure testing.

    Usage:
        def test_pure_path(sattva_gene):
            # This test runs with 0.1 entropy (highly stable)
            assert not sattva_gene.is_fatal
    """"""
    try:
        from vibe_core.protocols.substrate.byte import MantraByte",,Structured Docstring,Structured Docstring,FALSE,FALSE,FALSE,FALSE,FALSE,FALSE
258315,https://github.com/kimeisele/steward-protocol,0b42dd77b871dbab4687805569539ec8fd13257f,steward-protocol,steward-protocol/vibe_core/plugins/opus_assistant/plugin_main.py,plugin_main.py,https://github.com/kimeisele/steward-protocol/blob/0b42dd77b871dbab4687805569539ec8fd13257f/vibe_core/plugins/opus_assistant/plugin_main.py#L116,"
    def on_boot(self, kernel: ""KernelProtocol"") -> None:
        """"""
        Initialize OPUS Assistant on kernel boot.

        1. Get workspace path
        2. Load fraktale config (defaults + opus.yaml)
        3. Subscribe to kernel tick (EventBus)
        4. Quick health check
        5. 🔌 WIRING: Save session state (Fractal Holon - ""untötbar"")
        6. 🔌 WIRING: Trigger genesis check for karma-aware boot
        7. OPUS-112: Register MANAS for system tool access
        """"""
        self._kernel = kernel
",,Structured Docstring,,FALSE,FALSE,TRUE,FALSE,FALSE,FALSE
267278,https://github.com/kimeisele/steward-protocol,0b42dd77b871dbab4687805569539ec8fd13257f,steward-protocol,steward-protocol/vibe_core/naga/hooks/takshaka_cli.py,takshaka_cli.py,https://github.com/kimeisele/steward-protocol/blob/0b42dd77b871dbab4687805569539ec8fd13257f/vibe_core/naga/hooks/takshaka_cli.py#L89,"        hard_mode: bool = True,
    ) -> None:
        """"""
        Initialize Takshaka CLI hook.

        Args:
            takshaka: Optional Takshaka service for advanced scanning
            hard_mode: If True, block on toxicity. If False, log only.
        """"""
        self._takshaka = takshaka
        self._hard_mode = hard_mode",,Structured Docstring,,FALSE,FALSE,FALSE,FALSE,FALSE,FALSE
278211,https://github.com/kimeisele/steward-protocol,0b42dd77b871dbab4687805569539ec8fd13257f,steward-protocol,steward-protocol/vibe_core/mahamantra/substrate/state/samskara.py,samskara.py,https://github.com/kimeisele/steward-protocol/blob/0b42dd77b871dbab4687805569539ec8fd13257f/vibe_core/mahamantra/substrate/state/samskara.py#L305,"
    def moksha(self, ctx: PipelineContext[C], result: Optional[R]) -> None:
        """"""
        PHASE 3: MOKSHA - Release & Return

        Quarter: Rama Rama Hare Hare (positions 12-15)
        OpCodes: YIELD_CPU, IO_FLUSH, LOG_EMIT, AUDIT_SEAL

        Actions:
            - Release resources
            - Flush I/O
            - Emit logs/reports
            - Seal audit trail

        ""tyaktvā dehaṁ punar janma naiti""
        ""Quitting the body, one attains liberation.""

        NOTE: This ALWAYS runs, even if earlier phases failed.
        """"""
        ...
",,Structured Docstring,,FALSE,FALSE,FALSE,FALSE,FALSE,FALSE
297116,https://github.com/kimeisele/steward-protocol,0b42dd77b871dbab4687805569539ec8fd13257f,steward-protocol,steward-protocol/vibe_core/protocols/mahajanas/narada/events.py,events.py,https://github.com/kimeisele/steward-protocol/blob/0b42dd77b871dbab4687805569539ec8fd13257f/vibe_core/protocols/mahajanas/narada/events.py#L223,"
    def unsubscribe(self, subscriber_id: str) -> bool:
        """"""
        Unsubscribe from events.
        Returns True if was subscribed.
        """"""
        ...
",Some others that just had a return were structured,Structured Docstring,Structured Docstring,FALSE,FALSE,FALSE,FALSE,FALSE,FALSE
127060,https://github.com/Zulelee/stock-images-mcp,9a043b37f0de70f569f541735e9f9a807765dd89,stock-images-mcp,stock-images-mcp/server.py,server.py,https://github.com/Zulelee/stock-images-mcp/blob/9a043b37f0de70f569f541735e9f9a807765dd89/server.py#L21,"sys.stderr.flush()

# Initialize the FastMCP server
mcp = FastMCP(""stock-images-mcp"")
",,1-2 lines no loop direct explainer,,FALSE,FALSE,FALSE,FALSE,FALSE,TRUE
3717,https://github.com/keis/stream-compiler,9b4d570fb953dd9abf96cadf1847c92ac33d5dc6,stream-compiler,stream-compiler/streamcompiler/__main__.py,__main__.py,https://github.com/keis/stream-compiler/blob/9b4d570fb953dd9abf96cadf1847c92ac33d5dc6/streamcompiler/__main__.py#L80,"        elif message.type == Gst.MessageType.STATE_CHANGED:
            oldstate, newstate, pending = message.parse_state_changed()
            #print(f'State {message.src.name}: {oldstate.value_nick} -> <{newstate.value_nick}> -> {pending.value_nick}')

    def position_changed(nanoposition) -> None:",,Commented out code,,FALSE,FALSE,FALSE,FALSE,FALSE,FALSE
55211,https://github.com/Light-Lens/Studybyte,3d162c28168eb6da97168b83f6c8d752d1926f6a,Studybyte,Studybyte/res/Crawler/search_engines/multiple_search_engines.py,multiple_search_engines.py,https://github.com/Light-Lens/Studybyte/blob/3d162c28168eb6da97168b83f6c8d752d1926f6a/res/Crawler/search_engines/multiple_search_engines.py#L21,"
    def set_search_operator(self, operator):
        '''Filters search results based on the operator.'''
        self._filter = operator
    ",,Docstring,,FALSE,FALSE,FALSE,FALSE,FALSE,FALSE
55336,https://github.com/Light-Lens/Studybyte,3d162c28168eb6da97168b83f6c8d752d1926f6a,Studybyte,Studybyte/res/Crawler/search_engines/engines/startpage.py,startpage.py,https://github.com/Light-Lens/Studybyte/blob/3d162c28168eb6da97168b83f6c8d752d1926f6a/res/Crawler/search_engines/engines/startpage.py#L58,"    
    def _is_ok(self, response):
        '''Checks if the HTTP response is 200 OK.'''
        soup = BeautifulSoup(response.html, 'html.parser')
        selector = self._selectors('blocked_form')",,Docstring,,FALSE,FALSE,FALSE,FALSE,FALSE,FALSE
27468,https://github.com/shamiul94/Subtitle-Synchronizer,bd5893cefb5bfb1b0cfaa2248f23db9be46e24d2,Subtitle-Synchronizer,Subtitle-Synchronizer/subsync.py,subsync.py,https://github.com/shamiul94/Subtitle-Synchronizer/blob/bd5893cefb5bfb1b0cfaa2248f23db9be46e24d2/subsync.py#L1,"# @author: Shamiul Hasan (Heisenberg), BUET CSE
# Date: 3:45 PM (BDT), Oct 12, 2019
# Email: shamiulhasan93@gmail.com
# github: shamiul94

",,File author,File author,FALSE,FALSE,FALSE,FALSE,FALSE,FALSE
132053,https://github.com/samuelm2/svraster-webgl,f751b4c1a29c4c69a7da28ac0cc2a51fb24c955e,svraster-webgl,svraster-webgl/scripts/convert_to_ply.py,convert_to_ply.py,https://github.com/samuelm2/svraster-webgl/blob/f751b4c1a29c4c69a7da28ac0cc2a51fb24c955e/scripts/convert_to_ply.py#L68,"    return vox_center

# Process a batch of grid points
def process_grid_batch(batch_idx, vox_ijk, lv2max, subtree_shift):
    """"""Process a batch of grid points""""""",,Function Explainer,Function Explainer,FALSE,FALSE,FALSE,FALSE,FALSE,FALSE
193571,https://github.com/nxtg-ai/SynApps-v0.4.0,6c339738c37443adc306711d2d745c2acaa74984,SynApps-v0.4.0,SynApps-v0.4.0/apps/orchestrator/main.py,main.py,https://github.com/nxtg-ai/SynApps-v0.4.0/blob/6c339738c37443adc306711d2d745c2acaa74984/apps/orchestrator/main.py#L10353,"    total = len(all_runs)

    # Paginate
    start = (page - 1) * page_size
    page_runs = all_runs[start: start + page_size]",,1-2 lines no loop direct explainer,,FALSE,FALSE,FALSE,FALSE,FALSE,FALSE
193613,https://github.com/nxtg-ai/SynApps-v0.4.0,6c339738c37443adc306711d2d745c2acaa74984,SynApps-v0.4.0,SynApps-v0.4.0/apps/orchestrator/main.py,main.py,https://github.com/nxtg-ai/SynApps-v0.4.0/blob/6c339738c37443adc306711d2d745c2acaa74984/apps/orchestrator/main.py#L10962,"            return await _authenticate_user_by_jwt(token)
        except HTTPException:
            # JWT auth failed — fall through to try API key auth below.
            # HTTPException from _authenticate_user_by_jwt carries the rejection
            # detail; we suppress it here because we have a second auth method.
            pass
",,Control flow/program logic,,FALSE,TRUE,FALSE,FALSE,FALSE,FALSE
193057,https://github.com/nxtg-ai/SynApps-v0.4.0,6c339738c37443adc306711d2d745c2acaa74984,SynApps-v0.4.0,SynApps-v0.4.0/apps/orchestrator/models.py,models.py,https://github.com/nxtg-ai/SynApps-v0.4.0/blob/6c339738c37443adc306711d2d745c2acaa74984/apps/orchestrator/models.py#L273,"
class WorkflowRunStatusModel(BaseModel):
    """"""API model for workflow run status.""""""

    run_id: str",,Docstring,,FALSE,FALSE,FALSE,FALSE,FALSE,FALSE
56500,https://github.com/souvikinator/synko,ccecaadcc2d96ab530867389a59cb9d0a8bbb128,synko,synko/synko/app.py,app.py,https://github.com/souvikinator/synko/blob/ccecaadcc2d96ab530867389a59cb9d0a8bbb128/synko/app.py#L243,"        config_paths, removed_paths = utils.remove_non_existing_paths(config_paths)

        # showing warning for removed paths
        if len(removed_paths) > 0:
            for path in removed_paths:",,2-5 or loop DE,,FALSE,FALSE,FALSE,FALSE,FALSE,FALSE
57570,https://github.com/Sayitobar/Synthboard,77bbf427776d46d2847213f4aca0b260dca1c84e,Synthboard,Synthboard/audio/engine.py,engine.py,https://github.com/Sayitobar/Synthboard/blob/77bbf427776d46d2847213f4aca0b260dca1c84e/audio/engine.py#L1098,"                    self._idle_lfo_phase = (self._idle_lfo_phase + self._idle_lfo_delta_phase * frames) % (2 * math.pi)

                # Target Base Frequency (f0) including LFO
                target_f0 = self.engine_pitch_min_hz + self.engine_pitch_base_hz + (rpm * self.engine_pitch_rpm_factor)
                target_f0 *= math.pow(2, lfo_pitch_offset_st / 12.0)",,1-2 lines no loop direct explainer,,FALSE,FALSE,FALSE,FALSE,FALSE,FALSE
56936,https://github.com/Sayitobar/Synthboard,77bbf427776d46d2847213f4aca0b260dca1c84e,Synthboard,Synthboard/core/vehicle.py,vehicle.py,https://github.com/Sayitobar/Synthboard/blob/77bbf427776d46d2847213f4aca0b260dca1c84e/core/vehicle.py#L56,"        pass

    # Add other common methods as needed (e.g., set_transmission_mode)
    @abstractmethod
    def set_transmission_mode(self, mode: str):",,Note to self,,FALSE,FALSE,FALSE,FALSE,FALSE,FALSE
56412,https://github.com/akashrchandran/syrics,db372fa2f19096659f01f9ebe60a3012bda9d132,syrics,syrics/syrics/core.py,core.py,https://github.com/akashrchandran/syrics/blob/db372fa2f19096659f01f9ebe60a3012bda9d132/syrics/core.py#L1,"#!/usr/bin/env python3
import json
import os",,shebang,,FALSE,FALSE,FALSE,FALSE,FALSE,FALSE
191741,https://github.com/majoraexp/Taskwire,8b6691e804eeefcc5845f799a507f1c36c6d06c9,Taskwire,Taskwire/Taskwire/src/ui.py,ui.py,https://github.com/majoraexp/Taskwire/blob/8b6691e804eeefcc5845f799a507f1c36c6d06c9/Taskwire/src/ui.py#L2662,"        elif len(self.text_lines_values) == 2:
            # Stacked detailed values (e.g., Used GiB, Total GiB)
            offsets = [-15, 15] # Offset from center
            
            for i, line in enumerate(self.text_lines_values):",,1-2 lines no loop direct explainer,,FALSE,FALSE,FALSE,FALSE,FALSE,FALSE
192040,https://github.com/majoraexp/Taskwire,8b6691e804eeefcc5845f799a507f1c36c6d06c9,Taskwire,Taskwire/Windows_port_Nuitka/Taskwire/src/ui.py,ui.py,https://github.com/majoraexp/Taskwire/blob/8b6691e804eeefcc5845f799a507f1c36c6d06c9/Windows_port_Nuitka/Taskwire/src/ui.py#L447,"                    chk.blockSignals(False)

        # Throttle history update
        now = time.time()
        if self.update_interval > 0 and (now - self.last_update_time) < self.update_interval:",,1-2 lines no loop direct explainer,1-2 lines no loop direct explainer,FALSE,FALSE,FALSE,FALSE,FALSE,FALSE
30022,https://github.com/edogab33/telegram-groups-crawler,7d7a6b9ba33f25e52505c9ed1a466544c5116fc8,telegram-groups-crawler,telegram-groups-crawler/scraper.py,scraper.py,https://github.com/edogab33/telegram-groups-crawler/blob/7d7a6b9ba33f25e52505c9ed1a466544c5116fc8/scraper.py#L84,"async def start():
	# Go over the to_be_processed file to join in new groups, collect data and eventually quit them.
	counter = 1		# needed to count the progression

	df_groups = pd.read_pickle(os.path.join(package_dir,'groups'))",,1-2 lines no loop direct explainer,1-2 lines no loop direct explainer,FALSE,TRUE,FALSE,FALSE,FALSE,FALSE
34583,https://github.com/Animatea/tense,2d03eb531882d944cfac346e73d1b608b8f96b3e,tense,tense/examples/basics_resolver.py,basics_resolver.py,https://github.com/Animatea/tense/blob/2d03eb531882d944cfac346e73d1b608b8f96b3e/examples/basics_resolver.py#L9,"assert digit_parser.parse(complex_string) == 75  # =) happy                 |
# or                                                                      # | equals
new_digit_parser = TenseParser(  # | to
    TenseParser.DIGIT,  # |
    time_resolver=resolvers.smart_resolver,  # <----------------------------|",?????, qualitative comment, qualitative comment,FALSE,FALSE,FALSE,FALSE,FALSE,FALSE
34431,https://github.com/Animatea/tense,2d03eb531882d944cfac346e73d1b608b8f96b3e,tense,tense/tense/service_layer/safe_eval.py,safe_eval.py,https://github.com/Animatea/tense/blob/2d03eb531882d944cfac346e73d1b608b8f96b3e/tense/service_layer/safe_eval.py#L12,"# See the License for the specific language governing permissions and
# limitations under the License.
""""""Safely expression execution tool.""""""
__all__ = [""SafelyExpEvalute""]
",,file descriptor,,FALSE,FALSE,FALSE,FALSE,FALSE,FALSE
33981,https://github.com/kyleperik/termfun,4e38f19df0eaa92f818a7965b2802aaeb4b1f753,termfun,termfun/termfun/main.py,main.py,https://github.com/kyleperik/termfun/blob/4e38f19df0eaa92f818a7965b2802aaeb4b1f753/termfun/main.py#L29,"    if c is None and fps is None:
        return
    # Process all chars hit
    charstate = state
    if fps is not None:",,1-2 lines no loop direct explainer,,FALSE,FALSE,FALSE,FALSE,FALSE,FALSE
144006,https://github.com/vishnupriyanpr/Terminal-Pal,61fc93d6b7f86602e1817f517e1e827fb3b72a9e,Terminal-Pal,Terminal-Pal/ai_terminal_pal.py,ai_terminal_pal.py,https://github.com/vishnupriyanpr/Terminal-Pal/blob/61fc93d6b7f86602e1817f517e1e827fb3b72a9e/ai_terminal_pal.py#L3133,"
        for arg in args:
            # Handle wildcards and directories
            file_paths = self.resolve_file_paths(arg)
",,1-2 lines no loop direct explainer,,FALSE,FALSE,FALSE,FALSE,FALSE,FALSE
28850,https://github.com/m-kus/testex,dbc48712baaf3e2e09427e261616d98e6c686666,testex,testex/core/bittrex/types.py,types.py,https://github.com/m-kus/testex/blob/dbc48712baaf3e2e09427e261616d98e6c686666/core/bittrex/types.py#L5,"
class BittrexParams:
    MIN_TRADE_TOTAL = Decimal('0.001')  # BTC
    TRADE_FEE_PCT = Decimal('0.0025')
    DECIMAL_SCALE = Decimal('0.00000001')",,human explainability ,,FALSE,FALSE,FALSE,FALSE,FALSE,FALSE
26751,https://github.com/thomasmatt88/tfhub-od-easy,220c46897c0e4d937ef68542e7a6bbe88ea749ef,tfhub-od-easy,tfhub-od-easy/mAP/main.py,main.py,https://github.com/thomasmatt88/tfhub-od-easy/blob/220c46897c0e4d937ef68542e7a6bbe88ea749ef/mAP/main.py#L616,"      area_under_curve_y = mprec[:-1] + [0.0] + [mprec[-1]]
      plt.fill_between(area_under_curve_x, 0, area_under_curve_y, alpha=0.2, edgecolor='r')
      # set window title
      fig = plt.gcf() # gcf - get current figure
      fig.canvas.set_window_title('AP ' + class_name)",,1-2 lines no loop direct explainer,,FALSE,FALSE,FALSE,FALSE,FALSE,FALSE
26705,https://github.com/thomasmatt88/tfhub-od-easy,220c46897c0e4d937ef68542e7a6bbe88ea749ef,tfhub-od-easy,tfhub-od-easy/mAP/main.py,main.py,https://github.com/thomasmatt88/tfhub-od-easy/blob/220c46897c0e4d937ef68542e7a6bbe88ea749ef/mAP/main.py#L366,"  specific_iou_classes = args.set_class_iou[::2] # even
  # iou_list = ['IoU_1', 'IoU_2']
  iou_list = args.set_class_iou[1::2] # odd
  if len(specific_iou_classes) != len(iou_list):
    error('Error, missing arguments. Flag usage:' + error_msg)",,human explainability ,,FALSE,FALSE,FALSE,FALSE,FALSE,FALSE
143064,https://github.com/truegoodcraft/TGC-BUS-Core,68c51882647e2781dd22ed4a947ef4c37e4b6c39,TGC-BUS-Core,TGC-BUS-Core/core/secrets/manager.py,manager.py,https://github.com/truegoodcraft/TGC-BUS-Core/blob/68c51882647e2781dd22ed4a947ef4c37e4b6c39/core/secrets/manager.py#L1,"# SPDX-License-Identifier: AGPL-3.0-or-later
# TGC BUS Core (Business Utility System Core)
# Copyright (C) 2025 True Good Craft
#
# This file is part of TGC BUS Core.
#
# TGC BUS Core is free software: you can redistribute it and/or modify
# it under the terms of the GNU Affero General Public License as
# published by the Free Software Foundation, either version 3 of the
# License, or (at your option) any later version.
#
# TGC BUS Core is distributed in the hope that it will be useful,
# but WITHOUT ANY WARRANTY; without even the implied warranty of
# MERCHANTABILITY or FITNESS FOR A PARTICULAR PURPOSE.  See the
# GNU Affero General Public License for more details.
#
# You should have received a copy of the GNU Affero General Public License
# along with TGC BUS Core.  If not, see <https://www.gnu.org/licenses/>.

from __future__ import annotations",,copyright,,FALSE,FALSE,FALSE,FALSE,FALSE,FALSE
86213,https://github.com/forsonny/The-Crucible-Writing-System-For-Claude,0d82e733536d70358259f93d66cc40708077898e,The-Crucible-Writing-System-For-Claude,The-Crucible-Writing-System-For-Claude/scripts/check_stop_conditions.py,check_stop_conditions.py,https://github.com/forsonny/The-Crucible-Writing-System-For-Claude/blob/0d82e733536d70358259f93d66cc40708077898e/scripts/check_stop_conditions.py#L95,"        structure_type = ""dotcrucible""

    # Get draft state path based on structure type
    draft_state_file = get_draft_state_path(project_root, structure_type)
",,1-2 lines no loop direct explainer,,FALSE,FALSE,FALSE,FALSE,FALSE,FALSE
34756,https://github.com/AviKKi/The-Dragon-Book,5aaccca0365cb761a8bb06e5b50fbef018a88ed9,The-Dragon-Book,The-Dragon-Book/Chapter 2:A Simple Syntax Directed Traslator/2.Lexer.py,2.Lexer.py,https://github.com/AviKKi/The-Dragon-Book/blob/5aaccca0365cb761a8bb06e5b50fbef018a88ed9/Chapter 2:A Simple Syntax Directed Traslator/2.Lexer.py#L22,"
    def getch(self) -> str:
        '''
            Return a character at current index and increment the index counter
            if EOF return None
        '''
        if self.index >= len(self.string):
            return None",,Docstring,,FALSE,FALSE,FALSE,FALSE,FALSE,FALSE
50326,https://github.com/CT83/The-Overly-Complicated-Random-Number-Generator,0efa3561c8a3c6a88fc9b626eb770bff9963d348,The-Overly-Complicated-Random-Number-Generator,The-Overly-Complicated-Random-Number-Generator/api/shared/utils.py,utils.py,https://github.com/CT83/The-Overly-Complicated-Random-Number-Generator/blob/0efa3561c8a3c6a88fc9b626eb770bff9963d348/api/shared/utils.py#L55,"
def db_connection_successful(db):
    """"""Checks if DB Connection is successful""""""
    from flask import current_app
    try:",,Docstring,,FALSE,FALSE,FALSE,FALSE,FALSE,FALSE
92895,https://github.com/kruskal-labs/toolfront,86240f8dd5a5821321b891d771fb766f4aff209e,toolfront,toolfront/scripts/check_docs_nav.py,check_docs_nav.py,https://github.com/kruskal-labs/toolfront/blob/86240f8dd5a5821321b891d771fb766f4aff209e/scripts/check_docs_nav.py#L1,"#!/usr/bin/env python3

from __future__ import annotations",,shebang,,FALSE,FALSE,FALSE,FALSE,FALSE,FALSE
184818,https://github.com/arccoxx/topoKEMP,40f5681c373e0b836f83e640144b83843c41fe2a,topoKEMP,topoKEMP/topoKEMP2/braid.py,braid.py,https://github.com/arccoxx/topoKEMP/blob/40f5681c373e0b836f83e640144b83843c41fe2a/topoKEMP2/braid.py#L19,"@dataclass
class BraidGenerator:
    """"""
    A single braid generator σ_i or σ_i^(-1).

    The generator σ_i represents strand i crossing over strand i+1.
    The inverse σ_i^(-1) represents strand i crossing under strand i+1.

    Attributes:
        index: Which strands are involved (1-indexed, affects strands index and index+1)
        sign: POSITIVE for over-crossing, NEGATIVE for under-crossing
    """"""
    index: int
    sign: GeneratorSign",,Structured Docstring,,FALSE,FALSE,FALSE,FALSE,FALSE,FALSE
323021,https://github.com/lucasfernandoprojects/training-ai-to-learn-chinese,2ca7087f805d4485f47666ce63520530b79f90d0,training-ai-to-learn-chinese,training-ai-to-learn-chinese/code/inference.py,inference.py,https://github.com/lucasfernandoprojects/training-ai-to-learn-chinese/blob/2ca7087f805d4485f47666ce63520530b79f90d0/code/inference.py#L71,"            err_f.flush()

# State variables
show_result = False
current_prediction = ("""", 0)",,1-2 lines no loop direct explainer,,FALSE,FALSE,FALSE,FALSE,FALSE,FALSE
62165,https://github.com/fabriziosalmi/trinity,72c1a9b9a36207184ec729909aed18b26ec639fc,trinity,trinity/src/trinity/components/llm_client.py,llm_client.py,https://github.com/fabriziosalmi/trinity/blob/72c1a9b9a36207184ec729909aed18b26ec639fc/src/trinity/components/llm_client.py#L347,"            logger.debug(f""Cache MISS: {cache_key[:16]}..."")

        # Generate fresh response
        endpoint = (
            f""{self.base_url}/api/generate""",,1-2 lines no loop direct explainer,,FALSE,FALSE,FALSE,FALSE,FALSE,FALSE
60910,https://github.com/fabriziosalmi/trinity,72c1a9b9a36207184ec729909aed18b26ec639fc,trinity,trinity/tests/test_circuit_breaker.py,test_circuit_breaker.py,https://github.com/fabriziosalmi/trinity/blob/72c1a9b9a36207184ec729909aed18b26ec639fc/tests/test_circuit_breaker.py#L19,"
    def test_circuit_starts_closed(self):
        """"""Circuit should start in CLOSED state.""""""
        breaker = CircuitBreaker()
        assert breaker.state == CircuitState.CLOSED",,Docstring,,FALSE,FALSE,FALSE,FALSE,FALSE,FALSE
3721,https://github.com/michaeldodis/tunedotsh,d2de99ca6d41b4959f3bd07b78cdadcc0a662975,tunedotsh,tunedotsh/.ycm_extra_conf.py,.ycm_extra_conf.py,https://github.com/michaeldodis/tunedotsh/blob/d2de99ca6d41b4959f3bd07b78cdadcc0a662975/.ycm_extra_conf.py#L65,"  final_flags = list( compilation_info.compiler_flags_ )

  # NOTE: This is just for YouCompleteMe; it's highly likely that your project
  # does NOT need to remove the stdlib flag. DO NOT USE THIS IN YOUR
  # ycm_extra_conf IF YOU'RE NOT 100% SURE YOU NEED IT.
  try:
    final_flags.remove( '-stdlib=libc++' )",,Note to self,,FALSE,FALSE,FALSE,FALSE,FALSE,FALSE
34257,https://github.com/krishnan-tech/typing-automation,a5517b845e3f8b6e658876fc3cf7348f0ca9dcde,typing-automation,typing-automation/monkeytype.py,monkeytype.py,https://github.com/krishnan-tech/typing-automation/blob/a5517b845e3f8b6e658876fc3cf7348f0ca9dcde/monkeytype.py#L1,"# let's try to automate monkeytype
from selenium import webdriver 
from selenium.webdriver.support import expected_conditions as EC",,file descriptor,,FALSE,FALSE,FALSE,FALSE,FALSE,FALSE
178255,https://github.com/ecappa/ubuntuQuickUserSwitcher,3314230d5a61f3c828e6ec72de66bee7fa9f8455,ubuntuQuickUserSwitcher,ubuntuQuickUserSwitcher/quick_switch.py,quick_switch.py,https://github.com/ecappa/ubuntuQuickUserSwitcher/blob/3314230d5a61f3c828e6ec72de66bee7fa9f8455/quick_switch.py#L33,"        main_box = Gtk.Box(orientation=Gtk.Orientation.VERTICAL)

        # Create header bar as first child
        header = Adw.HeaderBar()
        main_box.append(header)",,1-2 lines no loop direct explainer,,FALSE,FALSE,FALSE,FALSE,FALSE,FALSE
55772,https://github.com/dimakiss/Udemy_bot,d98cb79e55cc4403371042814e3cec5bd32d30f3,Udemy_bot,Udemy_bot/Udemy_bot.py,Udemy_bot.py,https://github.com/dimakiss/Udemy_bot/blob/d98cb79e55cc4403371042814e3cec5bd32d30f3/Udemy_bot.py#L97,"
def is_valid_coupon(element):
    '''
    Checks if the coupon is not expired
    :param element: relevant element
    :return: if the coupon is not expired
    '''

    button = element.find(""a"", {""class"": ""button-icon""}).text",,Docstring,,FALSE,FALSE,FALSE,FALSE,FALSE,FALSE
49782,https://github.com/QasimWani/UPS,31f8ddd401e6cb998a34553f34ef50f434fec91c,UPS,UPS/sensor.py,sensor.py,https://github.com/QasimWani/UPS/blob/31f8ddd401e6cb998a34553f34ef50f434fec91c/sensor.py#L20,"
GPIO.add_event_callback(sound, callback)  # assign function to GPIO PIN, Run function on chang
# infinite loop
while True:
        time.sleep(1)",,2-5 or loop DE,,FALSE,FALSE,FALSE,FALSE,FALSE,TRUE
322920,https://github.com/BeffJezos/vasgit,69ad01c14c41b496d3b71ad2fbfa474ac2e44355,vasgit,vasgit/.vasgit/scripts/validate-rules.py,validate-rules.py,https://github.com/BeffJezos/vasgit/blob/69ad01c14c41b496d3b71ad2fbfa474ac2e44355/.vasgit/scripts/validate-rules.py#L106,"    
    def _validate_recommended_sections(self, content: str) -> None:
        """"""Validate that recommended sections are present.""""""
        for section_pattern, section_name in self.recommended_sections:
            if re.search(section_pattern, content, re.IGNORECASE):",,Docstring,,FALSE,FALSE,FALSE,FALSE,FALSE,FALSE
320214,https://github.com/safedep/vet,63463061a59de6184e532f77b594e2236e53f34e,vet,vet/pkg/code/testdata/test_python_capabilities/main.py,main.py,https://github.com/safedep/vet/blob/63463061a59de6184e532f77b594e2236e53f34e/pkg/code/testdata/test_python_capabilities/main.py#L18,"        f.read()

    # Filesystem write
    with open(""test.txt"", ""w"") as f:
        f.write(""hello"")",,1-2 lines no loop direct explainer,,FALSE,FALSE,FALSE,FALSE,FALSE,FALSE
322693,https://github.com/rockerritesh/vibe_coder,e0003a0d6332de8fa97025f3ce5ce51ce4587f32,vibe_coder,vibe_coder/scraper_doc.py,scraper_doc.py,https://github.com/rockerritesh/vibe_coder/blob/e0003a0d6332de8fa97025f3ce5ce51ce4587f32/scraper_doc.py#L113,"        
        if src:
            # Create proper absolute URL for the image
            img_url = urljoin(base_url, src)
            ",,1-2 lines no loop direct explainer,,FALSE,FALSE,FALSE,FALSE,FALSE,TRUE
92381,https://github.com/ivanpostolski/vibe-agent-calendar-memory,32149ba3872712c81ba918ba6f19e31be95489f5,vibe-agent-calendar-memory,vibe-agent-calendar-memory/mcp_servers/mem0_mcp_server.py,mem0_mcp_server.py,https://github.com/ivanpostolski/vibe-agent-calendar-memory/blob/32149ba3872712c81ba918ba6f19e31be95489f5/mcp_servers/mem0_mcp_server.py#L10,"PORT = 9991

# Initialize Mem0 memory
config = {
    ""vector_store"": {",,1-2 lines no loop direct explainer,,FALSE,FALSE,FALSE,FALSE,FALSE,FALSE
56587,https://github.com/mk-knight23/vibe-cli,2e72caea6100374221fb0210c521412cdf5a61c5,vibe-cli,vibe-cli/.claude/skills/continuous-learning-v2/scripts/instinct-cli.py,instinct-cli.py,https://github.com/mk-knight23/vibe-cli/blob/2e72caea6100374221fb0210c521412cdf5a61c5/.claude/skills/continuous-learning-v2/scripts/instinct-cli.py#L374,"    print(f""High confidence instincts (>=80%): {len(high_conf)}"")

    # Find clusters (instincts with similar triggers)
    trigger_clusters = defaultdict(list)
    for inst in instincts:",,2-5 or loop DE,,FALSE,FALSE,FALSE,FALSE,FALSE,FALSE
331770,https://github.com/SeloSlav/vibe-coding-starter-pack-2d-multiplayer-survival,3d3071ec632dab1c33b85b3ed3b8a61d4d27a51f,vibe-coding-starter-pack-2d-multiplayer-survival,vibe-coding-starter-pack-2d-multiplayer-survival/.github/scripts/discord-commit-helper.py,discord-commit-helper.py,https://github.com/SeloSlav/vibe-coding-starter-pack-2d-multiplayer-survival/blob/3d3071ec632dab1c33b85b3ed3b8a61d4d27a51f/.github/scripts/discord-commit-helper.py#L38,"        sys.exit(1)

    # Discord message limit is 2000 chars
    if len(content) > 2000:
        content = content[:1997] + ""...""",,1-2 lines no loop direct explainer,,FALSE,FALSE,FALSE,FALSE,FALSE,FALSE
132211,https://github.com/nairbv/vibecoder,a01654fc0e0dc98fb5bbae883ebae008d80baad3,vibecoder,vibecoder/vibecoder/main.py,main.py,https://github.com/nairbv/vibecoder/blob/a01654fc0e0dc98fb5bbae883ebae008d80baad3/vibecoder/main.py#L116,"                {
                    ""output"": ""bg:#000000 #ffffff"",  # default for output text box. text responses from agent (white on black)
                    ""input"": ""bg:#222222 #00ff00"",  # input text box (dark grey, green text)
                    ""status"": ""bg:#444444 #ffffff bold"",  # status bar at top of window (grey background, white text)
                    ""toolcall"": ""ansicyan"",  # tool calls from the agent (cyan)",,human explainability ,human explainability ,FALSE,FALSE,FALSE,FALSE,FALSE,FALSE
33228,https://github.com/varchar-io/visit,a7e6ead74a9440ff5ccaf572e8ac6af3ee3efd46,visit,visit/visit.py,visit.py,https://github.com/varchar-io/visit/blob/a7e6ead74a9440ff5ccaf572e8ac6af3ee3efd46/visit.py#L8,"
HOST = ""https://columns.ai""
# DEV_HOST = ""http://localhost:8088""
SERVER = HOST + ""/api/sdk/visit""
APIKEY = ""public""",,Commented out code,,FALSE,FALSE,FALSE,FALSE,FALSE,FALSE
115482,https://github.com/infiniV/VoiceFlow,7c7ece1b356ee6eaf570f21b0afef469fe687e64,VoiceFlow,VoiceFlow/src-pyloid/main.py,main.py,https://github.com/infiniV/VoiceFlow/blob/7c7ece1b356ee6eaf570f21b0afef469fe687e64/src-pyloid/main.py#L21,"# ============================================================================
class ThreadSafeSignals(QObject):
    """"""Emits signals that can be connected to slots running on the main thread.""""""
    recording_started = Signal()
    recording_stopped = Signal()",,Docstring,,FALSE,FALSE,FALSE,FALSE,FALSE,FALSE
323073,https://github.com/bdavidriggins/VoxInput,7514f958e6a30786e52b7fec2e27ade627a036f3,VoxInput,VoxInput/bin/run_ptt_pipeline.py,run_ptt_pipeline.py,https://github.com/bdavidriggins/VoxInput/blob/7514f958e6a30786e52b7fec2e27ade627a036f3/bin/run_ptt_pipeline.py#L62,"    # Convert ordinals: 21st→twenty first, 15th→fifteenth (rough — just strip suffix)
    text = re.sub(r'\b(\d+)(st|nd|rd|th)\b', lambda m: m.group(1), text)
    # Convert isolated digits to words
    tokens = []
    for tok in text.split():",,2-5 or loop DE,,FALSE,FALSE,FALSE,FALSE,FALSE,FALSE
323349,https://github.com/bdavidriggins/VoxInput,7514f958e6a30786e52b7fec2e27ade627a036f3,VoxInput,VoxInput/tests/unit/test_push_to_talk.py,test_push_to_talk.py,https://github.com/bdavidriggins/VoxInput/blob/7514f958e6a30786e52b7fec2e27ade627a036f3/tests/unit/test_push_to_talk.py#L358,"
class TestPTTRaceCondition:
    """"""Tests for the _ptt_releasing guard that prevents word leakage.""""""

    def test_releasing_flag_set_before_active_cleared(self):",,Docstring,,FALSE,FALSE,FALSE,FALSE,FALSE,FALSE
86028,https://github.com/anshulyadav1976/VulnViper,d122aab35409a673c488b3f903b4ef18c00bed36,VulnViper,VulnViper/scanner/file_walker.py,file_walker.py,https://github.com/anshulyadav1976/VulnViper/blob/d122aab35409a673c488b3f903b4ef18c00bed36/scanner/file_walker.py#L30,"            pass

    # Fallback: walk entire directory for .py files
    for path in base.rglob(""*.py""):
        # Skip virtualenvs and cache folders",,2-5 or loop DE,,FALSE,FALSE,FALSE,FALSE,FALSE,FALSE
33362,https://github.com/thearn/webcam-pulse-detector,234bed8e0ba81144e19b3148870fa929e7540b61,webcam-pulse-detector,webcam-pulse-detector/get_pulse.py,get_pulse.py,https://github.com/thearn/webcam-pulse-detector/blob/234bed8e0ba81144e19b3148870fa929e7540b61/get_pulse.py#L62,"        # is defined next.

        # This assembly is designed to handle all image & signal analysis,
        # such as face detection, forehead isolation, time series collection,
        # heart-beat detection, etc.

        # Basically, everything that isn't communication",weird braking makes no sense, qualitative comment, qualitative comment,FALSE,TRUE,FALSE,FALSE,FALSE,FALSE
30370,https://github.com/HarowitzBlack/WeX,1edf6d1bcb025d6f0c654ffb36602b53ba6d713c,WeX,WeX/Example.py,Example.py,https://github.com/HarowitzBlack/WeX/blob/1edf6d1bcb025d6f0c654ffb36602b53ba6d713c/Example.py#L1,"
# This program gets londons weather

#import the Wex module",,file descriptor,,FALSE,FALSE,FALSE,FALSE,FALSE,FALSE
116296,https://github.com/GIS1974/whisperx_app_3,7b455bf51d2984b694165ef5a9fda8362e1773c7,whisperx_app_3,whisperx_app_3/transcriptions/services.py,services.py,https://github.com/GIS1974/whisperx_app_3/blob/7b455bf51d2984b694165ef5a9fda8362e1773c7/transcriptions/services.py#L44,"            from media_files.services import AudioChunkingService

            # Split audio into chunks if needed (100MB Replicate limit)
            # Use ultra-conservative chunking (25MB threshold, 15MB chunks) for maximum reliability
            chunk_paths = AudioChunkingService.split_audio_with_smaller_chunks(audio_path, max_size_mb=25)
",,1-2 lines no loop direct explainer,,FALSE,TRUE,FALSE,FALSE,FALSE,FALSE
392317,https://github.com/rafaelchandane/wikipedia-terminal,1ae462e83a886e9ff49aeb45b20a2156819f1bbb,wikipedia-terminal,wikipedia-terminal/src/wikipedia_tui/cli.py,cli.py,https://github.com/rafaelchandane/wikipedia-terminal/blob/1ae462e83a886e9ff49aeb45b20a2156819f1bbb/src/wikipedia_tui/cli.py#L226,"            return 1
        
        # Display article
        print(""="" * 80)
        print(title.upper())",,1-2 lines no loop direct explainer,,FALSE,FALSE,FALSE,FALSE,FALSE,FALSE
27401,https://github.com/Linbreux/wikmd,e990b66d046c5fc587477f431cb45127388b333a,wikmd,wikmd/git_manager.py,git_manager.py,https://github.com/Linbreux/wikmd/blob/e990b66d046c5fc587477f431cb45127388b333a/git_manager.py#L58,"                self.__init_new_local_repo()

        # Configure git username and email
        if self.repo:  # if the repo has been initialized
            self.repo.config_writer().set_value(""user"", ""name"", cfg.git_user).release()",,1-2 lines no loop direct explainer,,FALSE,FALSE,FALSE,FALSE,FALSE,FALSE
396752,https://github.com/fabriziosalmi/wildbox,d3c049ba85be1c8b30df0762c4d5edfd303304e5,wildbox,wildbox/open-security-tools/app/tools/ip_geolocation/main.py,main.py,https://github.com/fabriziosalmi/wildbox/blob/d3c049ba85be1c8b30df0762c4d5edfd303304e5/open-security-tools/app/tools/ip_geolocation/main.py#L353,"

# For testing
if __name__ == ""__main__"":
    import asyncio",,1-2 lines no loop direct explainer,,FALSE,FALSE,FALSE,FALSE,FALSE,FALSE
397040,https://github.com/fabriziosalmi/wildbox,d3c049ba85be1c8b30df0762c4d5edfd303304e5,wildbox,wildbox/open-security-tools/app/tools/crypto_strength_analyzer/main.py,main.py,https://github.com/fabriziosalmi/wildbox/blob/d3c049ba85be1c8b30df0762c4d5edfd303304e5/open-security-tools/app/tools/crypto_strength_analyzer/main.py#L466,"            return True
        
        # Find longest run of consecutive bits
        max_run = 1
        current_run = 1",,1-2 lines no loop direct explainer,,FALSE,FALSE,FALSE,FALSE,FALSE,FALSE
397768,https://github.com/fabriziosalmi/wildbox,d3c049ba85be1c8b30df0762c4d5edfd303304e5,wildbox,wildbox/open-security-tools/app/tools/password_generator/main.py,main.py,https://github.com/fabriziosalmi/wildbox/blob/d3c049ba85be1c8b30df0762c4d5edfd303304e5/open-security-tools/app/tools/password_generator/main.py#L241,"        crack_time = self._estimate_crack_time(entropy)
        
        # Add positive feedback for strong passwords
        if score >= 70:
            feedback.append(""This is a strong password!"")",,1-2 lines no loop direct explainer,,FALSE,FALSE,FALSE,FALSE,FALSE,TRUE
395053,https://github.com/fabriziosalmi/wildbox,d3c049ba85be1c8b30df0762c4d5edfd303304e5,wildbox,wildbox/open-security-agents/app/main.py,main.py,https://github.com/fabriziosalmi/wildbox/blob/d3c049ba85be1c8b30df0762c4d5edfd303304e5/open-security-agents/app/main.py#L176,"@app.get(""/stats"", response_model=StatsResponse)
async def get_stats(user: GatewayUser = Depends(get_current_user)):
    """"""Get service statistics. Requires authentication.""""""
    try:
        # Get Celery stats",,Docstring,,FALSE,FALSE,FALSE,FALSE,FALSE,FALSE
396155,https://github.com/fabriziosalmi/wildbox,d3c049ba85be1c8b30df0762c4d5edfd303304e5,wildbox,wildbox/open-security-tools/app/tools/social_engineering_toolkit/main.py,main.py,https://github.com/fabriziosalmi/wildbox/blob/d3c049ba85be1c8b30df0762c4d5edfd303304e5/open-security-tools/app/tools/social_engineering_toolkit/main.py#L210,"
async def check_ssl_certificate(domain: str) -> Dict[str, Any]:
    """"""Check SSL certificate information.""""""
    await asyncio.sleep(0.1)
    return {",,Docstring,,FALSE,FALSE,FALSE,FALSE,FALSE,FALSE
396186,https://github.com/fabriziosalmi/wildbox,d3c049ba85be1c8b30df0762c4d5edfd303304e5,wildbox,wildbox/open-security-tools/app/tools/network_port_scanner/main.py,main.py,https://github.com/fabriziosalmi/wildbox/blob/d3c049ba85be1c8b30df0762c4d5edfd303304e5/open-security-tools/app/tools/network_port_scanner/main.py#L61,"
def parse_port_specification(port_spec: str) -> List[int]:
    """"""Parse port specification into list of ports.""""""
    if port_spec.lower() == ""top1000"":
        return TOP_1000_PORTS",,Docstring,,FALSE,FALSE,FALSE,FALSE,FALSE,FALSE
397871,https://github.com/fabriziosalmi/wildbox,d3c049ba85be1c8b30df0762c4d5edfd303304e5,wildbox,wildbox/open-security-tools/app/tools/vulnerability_db_scanner/main.py,main.py,https://github.com/fabriziosalmi/wildbox/blob/d3c049ba85be1c8b30df0762c4d5edfd303304e5/open-security-tools/app/tools/vulnerability_db_scanner/main.py#L154,"
async def comprehensive_scan(target: str, severity_filter: List[str], max_results: int) -> List[Dict[str, Any]]:
    """"""Perform comprehensive vulnerability scan.""""""
    await asyncio.sleep(0.5)  # Simulate comprehensive analysis
    ",,Docstring,,FALSE,FALSE,FALSE,FALSE,FALSE,FALSE
398299,https://github.com/fabriziosalmi/wildbox,d3c049ba85be1c8b30df0762c4d5edfd303304e5,wildbox,wildbox/open-security-tools/app/tools/iot_security_scanner/main.py,main.py,https://github.com/fabriziosalmi/wildbox/blob/d3c049ba85be1c8b30df0762c4d5edfd303304e5/open-security-tools/app/tools/iot_security_scanner/main.py#L378,"
async def execute_tool(params: IoTSecurityScannerInput) -> IoTSecurityScannerOutput:
    """"""Main entry point for the IoT Security Scanner tool""""""
    scanner = IoTSecurityScanner()
    return await scanner.execute(params)",,Docstring,,FALSE,FALSE,FALSE,FALSE,FALSE,FALSE
402106,https://github.com/fabriziosalmi/wildbox,d3c049ba85be1c8b30df0762c4d5edfd303304e5,wildbox,wildbox/open-security-data/app/api/main.py,main.py,https://github.com/fabriziosalmi/wildbox/blob/d3c049ba85be1c8b30df0762c4d5edfd303304e5/open-security-data/app/api/main.py#L106,"    }

# Statistics endpoint
@app.get(""/api/v1/stats"", response_model=SystemStats, tags=[""Statistics""])
async def get_statistics(current_user: GatewayUser = Depends(get_current_user), db: Session = Depends(get_db)):",redundant,Function Explainer,Function Explainer,FALSE,FALSE,TRUE,FALSE,FALSE,FALSE
400633,https://github.com/fabriziosalmi/wildbox,d3c049ba85be1c8b30df0762c4d5edfd303304e5,wildbox,wildbox/open-security-guardian/guardian/settings.py,settings.py,https://github.com/fabriziosalmi/wildbox/blob/d3c049ba85be1c8b30df0762c4d5edfd303304e5/open-security-guardian/guardian/settings.py#L410,"# =============================================================================

# Email settings
EMAIL_BACKEND = os.getenv('EMAIL_BACKEND', 'django.core.mail.backends.console.EmailBackend')
EMAIL_HOST = os.getenv('EMAIL_HOST', '')",,section breaker,,FALSE,FALSE,FALSE,FALSE,FALSE,FALSE
401030,https://github.com/fabriziosalmi/wildbox,d3c049ba85be1c8b30df0762c4d5edfd303304e5,wildbox,wildbox/open-security-guardian/apps/integrations/models.py,models.py,https://github.com/fabriziosalmi/wildbox/blob/d3c049ba85be1c8b30df0762c4d5edfd303304e5/open-security-guardian/apps/integrations/models.py#L73,"    health_check_interval = models.PositiveIntegerField(default=300, help_text=""Health check interval in seconds"")
    
    # Capabilities and Features
    supports_bidirectional_sync = models.BooleanField(default=False)
    supports_webhooks = models.BooleanField(default=False)",,section breaker,,FALSE,FALSE,FALSE,FALSE,FALSE,FALSE
309400,https://github.com/realaurora-stw/windows-cursor,ca925e37d1533de33ea70343d2e9a0350130ad31,windows-cursor,windows-cursor/py.py,py.py,https://github.com/realaurora-stw/windows-cursor/blob/ca925e37d1533de33ea70343d2e9a0350130ad31/py.py#L88,"        self.transparent_color = ""#ff00ff""

        # --- SETUP FULL VIRTUAL SCREEN AREA ---
        user32 = ctypes.windll.user32
        self.offset_x = user32.GetSystemMetrics(SM_XVIRTUALSCREEN)",,section breaker,,FALSE,FALSE,FALSE,FALSE,FALSE,FALSE
97011,https://github.com/Dvorkam/wol-service,9d46c1e48887660409eb191a79648a4edf16d937,wol-service,wol-service/src/wol_service/app.py,app.py,https://github.com/Dvorkam/wol-service/blob/9d46c1e48887660409eb191a79648a4edf16d937/src/wol_service/app.py#L32,"app.mount(""/static"", StaticFiles(directory=static_path), name=""static"")

# Include routers
app.include_router(api_router)
app.include_router(ui_router)","what to do about these, both section breaker and de1",1-2 lines no loop direct explainer,,FALSE,FALSE,FALSE,FALSE,FALSE,FALSE
49019,https://github.com/yaat-project/yaat,417d4553aafccdc02eb913a57a566899544ac830,yaat,yaat/yaat/staticfiles.py,staticfiles.py,https://github.com/yaat-project/yaat/blob/417d4553aafccdc02eb913a57a566899544ac830/yaat/staticfiles.py#L140,"            return

        # clean static directory path
        if path.endswith(""/""):
            path = path[:-1]",,1-2 lines no loop direct explainer,,FALSE,FALSE,FALSE,FALSE,FALSE,FALSE
49021,https://github.com/yaat-project/yaat,417d4553aafccdc02eb913a57a566899544ac830,yaat,yaat/yaat/routing.py,routing.py,https://github.com/yaat-project/yaat/blob/417d4553aafccdc02eb913a57a566899544ac830/yaat/routing.py#L9,"
class RouteTypes(Enum):
    HTTP = 1  # http route
    STATIC = 2  # static handler route
    WEBSOCKET = 3  # websocket route",de1 or human explainable,1-2 lines no loop direct explainer,1-2 lines no loop direct explainer,FALSE,FALSE,FALSE,FALSE,FALSE,FALSE
52220,https://github.com/moon004/YouDeez,70a72f52064615d2d4aa51e37376f3d4ff47b718,YouDeez,YouDeez/vendor/youtube-dl-getsize/youtube_dl/downloader/f4m.py,f4m.py,https://github.com/moon004/YouDeez/blob/70a72f52064615d2d4aa51e37376f3d4ff47b718/vendor/youtube-dl-getsize/youtube_dl/downloader/f4m.py#L324,"        urlh = self.ydl.urlopen(self._prepare_url(info_dict, man_url))
        man_url = urlh.geturl()
        # Some manifests may be malformed, e.g. prosiebensat1 generated manifests
        # (see https://github.com/ytdl-org/youtube-dl/issues/6215#issuecomment-121704244
        # and https://github.com/ytdl-org/youtube-dl/issues/7823)
        manifest = fix_xml_ampersands(urlh.read().decode('utf-8', 'ignore')).strip()
",, qualitative comment,,FALSE,FALSE,FALSE,FALSE,FALSE,FALSE
52937,https://github.com/moon004/YouDeez,70a72f52064615d2d4aa51e37376f3d4ff47b718,YouDeez,YouDeez/vendor/youtube-dl-getsize/youtube_dl/extractor/nextmedia.py,nextmedia.py,https://github.com/moon004/YouDeez/blob/70a72f52064615d2d4aa51e37376f3d4ff47b718/vendor/youtube-dl-getsize/youtube_dl/extractor/nextmedia.py#L51,"            'id': news_id,
            'title': title,
            'url': video_url,  # ext can be inferred from url
            'thumbnail': self._fetch_thumbnail(page),
            'description': self._fetch_description(page),",, qualitative comment, qualitative comment,FALSE,FALSE,FALSE,FALSE,FALSE,FALSE
53024,https://github.com/moon004/YouDeez,70a72f52064615d2d4aa51e37376f3d4ff47b718,YouDeez,YouDeez/vendor/youtube-dl-getsize/youtube_dl/extractor/flipagram.py,flipagram.py,https://github.com/moon004/YouDeez/blob/70a72f52064615d2d4aa51e37376f3d4ff47b718/vendor/youtube-dl-getsize/youtube_dl/extractor/flipagram.py#L82,"        } for cover in flipagram.get('covers', []) if cover.get('url')]

        # Note that this only retrieves comments that are initially loaded.
        # For videos with large amounts of comments, most won't be retrieved.
        comments = []
        for comment in video_data.get('comments', {}).get(video_id, {}).get('items', []):",, qualitative comment, qualitative comment,FALSE,TRUE,FALSE,FALSE,FALSE,FALSE
54360,https://github.com/moon004/YouDeez,70a72f52064615d2d4aa51e37376f3d4ff47b718,YouDeez,YouDeez/vendor/youtube-dl-getsize/youtube_dl/extractor/vrv.py,vrv.py,https://github.com/moon004/YouDeez/blob/70a72f52064615d2d4aa51e37376f3d4ff47b718/vendor/youtube-dl-getsize/youtube_dl/extractor/vrv.py#L31,"
    def _call_api(self, path, video_id, note, data=None):
        # https://tools.ietf.org/html/rfc5849#section-3
        base_url = self._API_DOMAIN + '/core/' + path
        query = [","Again, link to documentation - thinking qualitative might be best fit", qualitative comment, qualitative comment,FALSE,FALSE,FALSE,FALSE,FALSE,FALSE
54755,https://github.com/moon004/YouDeez,70a72f52064615d2d4aa51e37376f3d4ff47b718,YouDeez,YouDeez/vendor/youtube-dl-getsize/youtube_dl/extractor/viewster.py,viewster.py,https://github.com/moon004/YouDeez/blob/70a72f52064615d2d4aa51e37376f3d4ff47b718/vendor/youtube-dl-getsize/youtube_dl/extractor/viewster.py#L155,"                    m3u8_formats = self._extract_m3u8_formats(
                        video_url, video_id, 'mp4', m3u8_id=concat('hls'),
                        fatal=False)  # m3u8 sometimes fail
                    if m3u8_formats:
                        formats.extend(m3u8_formats)",, qualitative comment, qualitative comment,FALSE,FALSE,FALSE,FALSE,FALSE,FALSE
55117,https://github.com/moon004/YouDeez,70a72f52064615d2d4aa51e37376f3d4ff47b718,YouDeez,YouDeez/vendor/youtube-dl-getsize/youtube_dl/extractor/pbs.py,pbs.py,https://github.com/moon004/YouDeez/blob/70a72f52064615d2d4aa51e37376f3d4ff47b718/vendor/youtube-dl-getsize/youtube_dl/extractor/pbs.py#L287,"            },
            'params': {
                'skip_download': True,  # requires ffmpeg
            },
        },",, qualitative comment, qualitative comment,FALSE,FALSE,FALSE,FALSE,FALSE,FALSE
52071,https://github.com/moon004/YouDeez,70a72f52064615d2d4aa51e37376f3d4ff47b718,YouDeez,YouDeez/vendor/youtube-dl-getsize/youtube_dl/downloader/ism.py,ism.py,https://github.com/moon004/YouDeez/blob/70a72f52064615d2d4aa51e37376f3d4ff47b718/vendor/youtube-dl-getsize/youtube_dl/downloader/ism.py#L116,"    stsd_payload = u32.pack(1)  # entry count

    sample_entry_payload = u8.pack(0) * 6  # reserved
    sample_entry_payload += u16.pack(1)  # data reference index
    if is_audio:",,1-2 lines no loop direct explainer,,FALSE,FALSE,FALSE,FALSE,FALSE,FALSE
52103,https://github.com/moon004/YouDeez,70a72f52064615d2d4aa51e37376f3d4ff47b718,YouDeez,YouDeez/vendor/youtube-dl-getsize/youtube_dl/downloader/ism.py,ism.py,https://github.com/moon004/YouDeez/blob/70a72f52064615d2d4aa51e37376f3d4ff47b718/vendor/youtube-dl-getsize/youtube_dl/downloader/ism.py#L175,"    trak_payload += box(b'mdia', mdia_payload)  # Media Box

    moov_payload += box(b'trak', trak_payload)  # Track Box

    mehd_payload = u64.pack(duration)",,1-2 lines no loop direct explainer,1-2 lines no loop direct explainer,FALSE,FALSE,FALSE,FALSE,FALSE,FALSE
52709,https://github.com/moon004/YouDeez,70a72f52064615d2d4aa51e37376f3d4ff47b718,YouDeez,YouDeez/vendor/youtube-dl-getsize/youtube_dl/extractor/youtube.py,youtube.py,https://github.com/moon004/YouDeez/blob/70a72f52064615d2d4aa51e37376f3d4ff47b718/vendor/youtube-dl-getsize/youtube_dl/extractor/youtube.py#L2457,"        'playlist_mincount': 21,
    }, {
        # Playlist URL that does not actually serve a playlist
        'url': 'https://www.youtube.com/watch?v=FqZTN594JQw&list=PLMYEtVRpaqY00V9W81Cwmzp6N6vZqfUKD4',
        'info_dict': {",,1-2 lines no loop direct explainer,1-2 lines no loop direct explainer,FALSE,TRUE,FALSE,FALSE,FALSE,FALSE
53117,https://github.com/moon004/YouDeez,70a72f52064615d2d4aa51e37376f3d4ff47b718,YouDeez,YouDeez/vendor/youtube-dl-getsize/youtube_dl/extractor/brightcove.py,brightcove.py,https://github.com/moon004/YouDeez/blob/70a72f52064615d2d4aa51e37376f3d4ff47b718/vendor/youtube-dl-getsize/youtube_dl/extractor/brightcove.py#L547,"        entries = []

        # Look for iframe embeds [1]
        for _, url in re.findall(
                r'<iframe[^>]+src=([""\'])((?:https?:)?//players\.brightcove\.net/\d+/[^/]+/index\.html.+?)\1', webpage):",,1-2 lines no loop direct explainer,2-5 or loop DE,FALSE,FALSE,FALSE,FALSE,FALSE,FALSE
53832,https://github.com/moon004/YouDeez,70a72f52064615d2d4aa51e37376f3d4ff47b718,YouDeez,YouDeez/vendor/youtube-dl-getsize/youtube_dl/extractor/awaan.py,awaan.py,https://github.com/moon004/YouDeez/blob/70a72f52064615d2d4aa51e37376f3d4ff47b718/vendor/youtube-dl-getsize/youtube_dl/extractor/awaan.py#L110,"        },
        'params': {
            # m3u8 download
            'skip_download': True,
        },",,1-2 lines no loop direct explainer,1-2 lines no loop direct explainer,FALSE,FALSE,FALSE,FALSE,FALSE,FALSE
54189,https://github.com/moon004/YouDeez,70a72f52064615d2d4aa51e37376f3d4ff47b718,YouDeez,YouDeez/vendor/youtube-dl-getsize/youtube_dl/extractor/soundcloud.py,soundcloud.py,https://github.com/moon004/YouDeez/blob/70a72f52064615d2d4aa51e37376f3d4ff47b718/vendor/youtube-dl-getsize/youtube_dl/extractor/soundcloud.py#L154,"            },
        },
        # private link, downloadable format
        {
            'url': 'https://soundcloud.com/oriuplift/uponly-238-no-talking-wav/s-AyZUd',",,1-2 lines no loop direct explainer,,FALSE,TRUE,FALSE,FALSE,FALSE,FALSE
54566,https://github.com/moon004/YouDeez,70a72f52064615d2d4aa51e37376f3d4ff47b718,YouDeez,YouDeez/vendor/youtube-dl-getsize/youtube_dl/extractor/wistia.py,wistia.py,https://github.com/moon004/YouDeez/blob/70a72f52064615d2d4aa51e37376f3d4ff47b718/vendor/youtube-dl-getsize/youtube_dl/extractor/wistia.py#L33,"        'only_matching': True,
    }, {
        # with hls video
        'url': 'wistia:807fafadvk',
        'only_matching': True,",,1-2 lines no loop direct explainer,1-2 lines no loop direct explainer,FALSE,FALSE,FALSE,FALSE,FALSE,FALSE
52517,https://github.com/moon004/YouDeez,70a72f52064615d2d4aa51e37376f3d4ff47b718,YouDeez,YouDeez/vendor/youtube-dl-getsize/youtube_dl/extractor/chaturbate.py,chaturbate.py,https://github.com/moon004/YouDeez/blob/70a72f52064615d2d4aa51e37376f3d4ff47b718/vendor/youtube-dl-getsize/youtube_dl/extractor/chaturbate.py#L63,"            formats.extend(self._extract_m3u8_formats(
                m3u8_url, video_id, ext='mp4',
                # ffmpeg skips segments for fast m3u8
                preference=-10 if m3u8_id == 'fast' else None,
                m3u8_id=m3u8_id, fatal=False, live=True))",,Control flow/program logic,Control flow/program logic,FALSE,TRUE,FALSE,FALSE,FALSE,FALSE
52538,https://github.com/moon004/YouDeez,70a72f52064615d2d4aa51e37376f3d4ff47b718,YouDeez,YouDeez/vendor/youtube-dl-getsize/youtube_dl/extractor/njpwworld.py,njpwworld.py,https://github.com/moon004/YouDeez/blob/70a72f52064615d2d4aa51e37376f3d4ff47b718/vendor/youtube-dl-getsize/youtube_dl/extractor/njpwworld.py#L39,"    def _login(self):
        username, password = self._get_login_info()
        # No authentication to be performed
        if not username:
            return True",,Control flow/program logic,Control flow/program logic,FALSE,FALSE,FALSE,FALSE,FALSE,FALSE
52894,https://github.com/moon004/YouDeez,70a72f52064615d2d4aa51e37376f3d4ff47b718,YouDeez,YouDeez/vendor/youtube-dl-getsize/youtube_dl/extractor/sverigesradio.py,sverigesradio.py,https://github.com/moon004/YouDeez/blob/70a72f52064615d2d4aa51e37376f3d4ff47b718/vendor/youtube-dl-getsize/youtube_dl/extractor/sverigesradio.py#L1,"# coding: utf-8
from __future__ import unicode_literals
",,encoding utf:8,,FALSE,FALSE,FALSE,FALSE,FALSE,FALSE
53526,https://github.com/moon004/YouDeez,70a72f52064615d2d4aa51e37376f3d4ff47b718,YouDeez,YouDeez/vendor/youtube-dl-getsize/youtube_dl/extractor/audimedia.py,audimedia.py,https://github.com/moon004/YouDeez/blob/70a72f52064615d2d4aa51e37376f3d4ff47b718/vendor/youtube-dl-getsize/youtube_dl/extractor/audimedia.py#L1,"# coding: utf-8
from __future__ import unicode_literals
",,encoding utf:8,,FALSE,FALSE,FALSE,FALSE,FALSE,FALSE
51753,https://github.com/moon004/YouDeez,70a72f52064615d2d4aa51e37376f3d4ff47b718,YouDeez,YouDeez/vendor/youtube-dl-getsize/youtube_dl/utils.py,utils.py,https://github.com/moon004/YouDeez/blob/70a72f52064615d2d4aa51e37376f3d4ff47b718/vendor/youtube-dl-getsize/youtube_dl/utils.py#L3891,"            elif filter_type == 2:  # Up
                color = (color + up) & 0xff
            elif filter_type == 3:  # Average
                color = (color + ((left + up) >> 1)) & 0xff
            elif filter_type == 4:  # Paeth",,human explainability ,human explainability ,FALSE,FALSE,FALSE,FALSE,FALSE,FALSE
52766,https://github.com/moon004/YouDeez,70a72f52064615d2d4aa51e37376f3d4ff47b718,YouDeez,YouDeez/vendor/youtube-dl-getsize/youtube_dl/extractor/ted.py,ted.py,https://github.com/moon004/YouDeez/blob/70a72f52064615d2d4aa51e37376f3d4ff47b718/vendor/youtube-dl-getsize/youtube_dl/extractor/ted.py#L88,"        'playlist_mincount': 6,
    }, {
        # contains a youtube video
        'url': 'https://www.ted.com/talks/douglas_adams_parrots_the_universe_and_everything',
        'add_ie': ['Youtube'],",,human explainability ,human explainability ,FALSE,FALSE,FALSE,FALSE,FALSE,FALSE
53757,https://github.com/moon004/YouDeez,70a72f52064615d2d4aa51e37376f3d4ff47b718,YouDeez,YouDeez/vendor/youtube-dl-getsize/youtube_dl/extractor/vrt.py,vrt.py,https://github.com/moon004/YouDeez/blob/70a72f52064615d2d4aa51e37376f3d4ff47b718/vendor/youtube-dl-getsize/youtube_dl/extractor/vrt.py#L44,"            'skip': 'HTTP Error 404: Not Found',
        },
        # cobra.be
        {
            'url': 'http://cobra.be/cm/cobra/videozone/rubriek/film-videozone/141022-mv-ellis-cafecorsari',",,human explainability ,,FALSE,FALSE,FALSE,FALSE,FALSE,FALSE
53807,https://github.com/moon004/YouDeez,70a72f52064615d2d4aa51e37376f3d4ff47b718,YouDeez,YouDeez/vendor/youtube-dl-getsize/youtube_dl/extractor/odnoklassniki.py,odnoklassniki.py,https://github.com/moon004/YouDeez/blob/70a72f52064615d2d4aa51e37376f3d4ff47b718/vendor/youtube-dl-getsize/youtube_dl/extractor/odnoklassniki.py#L48,"        },
    }, {
        # metadataUrl
        'url': 'http://ok.ru/video/63567059965189-0?fromTime=5',
        'md5': '6ff470ea2dd51d5d18c295a355b0b6bc',",either HE or 1-2 line DE,human explainability ,human explainability ,FALSE,FALSE,FALSE,FALSE,FALSE,FALSE
55020,https://github.com/moon004/YouDeez,70a72f52064615d2d4aa51e37376f3d4ff47b718,YouDeez,YouDeez/vendor/youtube-dl-getsize/youtube_dl/extractor/pbs.py,pbs.py,https://github.com/moon004/YouDeez/blob/70a72f52064615d2d4aa51e37376f3d4ff47b718/vendor/youtube-dl-getsize/youtube_dl/extractor/pbs.py#L80,"        (r'video\.wgcu\.org', 'WGCU Public Media (WGCU)'),  # http://www.wgcu.org/
        # (r'wjct\.org', 'WJCT Public Broadcasting (WJCT)'),  # http://www.wjct.org
        (r'video\.wpbt2\.org', 'WPBT2 (WPBT)'),  # http://www.wpbt2.org
        (r'video\.wucftv\.org', 'WUCF TV (WUCF)'),  # http://wucftv.org
        (r'video\.wuft\.org', 'WUFT/Channel 5 (WUFT)'),  # http://www.wuft.org",,human explainability ,,FALSE,FALSE,FALSE,FALSE,FALSE,FALSE
52438,https://github.com/moon004/YouDeez,70a72f52064615d2d4aa51e37376f3d4ff47b718,YouDeez,YouDeez/vendor/youtube-dl-getsize/youtube_dl/extractor/telequebec.py,telequebec.py,https://github.com/moon004/YouDeez/blob/70a72f52064615d2d4aa51e37376f3d4ff47b718/vendor/youtube-dl-getsize/youtube_dl/extractor/telequebec.py#L1,"# coding: utf-8
from __future__ import unicode_literals
",,Instrumentation for automated tool,,FALSE,FALSE,FALSE,FALSE,FALSE,FALSE
54787,https://github.com/moon004/YouDeez,70a72f52064615d2d4aa51e37376f3d4ff47b718,YouDeez,YouDeez/vendor/youtube-dl-getsize/youtube_dl/extractor/joj.py,joj.py,https://github.com/moon004/YouDeez/blob/70a72f52064615d2d4aa51e37376f3d4ff47b718/vendor/youtube-dl-getsize/youtube_dl/extractor/joj.py#L1,"# coding: utf-8
from __future__ import unicode_literals
",,Instrumentation for automated tool,,FALSE,FALSE,FALSE,FALSE,FALSE,FALSE
51554,https://github.com/moon004/YouDeez,70a72f52064615d2d4aa51e37376f3d4ff47b718,YouDeez,YouDeez/vendor/youtube-dl-getsize/youtube_dl/__init__.py,__init__.py,https://github.com/moon004/YouDeez/blob/70a72f52064615d2d4aa51e37376f3d4ff47b718/vendor/youtube-dl-getsize/youtube_dl/__init__.py#L248,"    download_archive_fn = expand_path(opts.download_archive) if opts.download_archive is not None else opts.download_archive

    # PostProcessors
    postprocessors = []
    if opts.metafromtitle:",,section breaker,,FALSE,FALSE,FALSE,FALSE,FALSE,FALSE
51905,https://github.com/moon004/YouDeez,70a72f52064615d2d4aa51e37376f3d4ff47b718,YouDeez,YouDeez/vendor/youtube-dl-getsize/youtube_dl/YoutubeDL.py,YoutubeDL.py,https://github.com/moon004/YouDeez/blob/70a72f52064615d2d4aa51e37376f3d4ff47b718/vendor/youtube-dl-getsize/youtube_dl/YoutubeDL.py#L114,"
class YoutubeDL(object):
    """"""YoutubeDL class.

    YoutubeDL objects are the ones responsible of downloading the
    actual video file and writing it to disk if the user has requested
    it, among some other tasks. In most cases there should be one per
    program. As, given a video URL, the downloader doesn't know how to
    extract all the needed information, task that InfoExtractors do, it
    has to pass the URL to one of them.

    For this, YoutubeDL objects have a method that allows
    InfoExtractors to be registered in a given order. When it is passed
    a URL, the YoutubeDL object handles it to the first InfoExtractor it
    finds that reports being able to handle it. The InfoExtractor extracts
    all the information about the video or videos the URL refers to, and
    YoutubeDL process the extracted information, possibly using a File
    Downloader to download the video.

    YoutubeDL objects accept a lot of parameters. In order not to saturate
    the object constructor with arguments, it receives a dictionary of
    options instead. These options are available through the params
    attribute for the InfoExtractors to use. The YoutubeDL also
    registers itself as the downloader in charge for the InfoExtractors
    that are added to it, so this is a ""mutual registration"".

    Available options:

    username:          Username for authentication purposes.
    password:          Password for authentication purposes.
    videopassword:     Password for accessing a video.
    ap_mso:            Adobe Pass multiple-system operator identifier.
    ap_username:       Multiple-system operator account username.
    ap_password:       Multiple-system operator account password.
    usenetrc:          Use netrc for authentication instead.
    verbose:           Print additional info to stdout.
    quiet:             Do not print messages to stdout.
    no_warnings:       Do not print out anything for warnings.
    forceurl:          Force printing final URL.
    forcetitle:        Force printing title.
    forceid:           Force printing ID.
    forcethumbnail:    Force printing thumbnail URL.
    forcedescription:  Force printing description.
    forcefilename:     Force printing final filename.
    forceduration:     Force printing duration.
    forcejson:         Force printing info_dict as JSON.
    dump_single_json:  Force printing the info_dict of the whole playlist
                       (or video) as a single JSON line.
    simulate:          Do not download the video files.
    format:            Video format code. See options.py for more information.
    outtmpl:           Template for output names.
    restrictfilenames: Do not allow ""&"" and spaces in file names
    ignoreerrors:      Do not stop on download errors.
    force_generic_extractor: Force downloader to use the generic extractor
    nooverwrites:      Prevent overwriting files.
    playliststart:     Playlist item to start at.
    playlistend:       Playlist item to end at.
    playlist_items:    Specific indices of playlist to download.
    playlistreverse:   Download playlist items in reverse order.
    playlistrandom:    Download playlist items in random order.
    matchtitle:        Download only matching titles.
    rejecttitle:       Reject downloads for matching titles.
    logger:            Log messages to a logging.Logger instance.
    logtostderr:       Log messages to stderr instead of stdout.
    writedescription:  Write the video description to a .description file
    writeinfojson:     Write the video description to a .info.json file
    writeannotations:  Write the video annotations to a .annotations.xml file
    writethumbnail:    Write the thumbnail image to a file
    write_all_thumbnails:  Write all thumbnail formats to files
    writesubtitles:    Write the video subtitles to a file
    writeautomaticsub: Write the automatically generated subtitles to a file
    allsubtitles:      Downloads all the subtitles of the video
                       (requires writesubtitles or writeautomaticsub)
    listsubtitles:     Lists all available subtitles for the video
    subtitlesformat:   The format code for subtitles
    subtitleslangs:    List of languages of the subtitles to download
    keepvideo:         Keep the video file after post-processing
    daterange:         A DateRange object, download only if the upload_date is in the range.
    skip_download:     Skip the actual download of the video file
    cachedir:          Location of the cache files in the filesystem.
                       False to disable filesystem cache.
    noplaylist:        Download single video instead of a playlist if in doubt.
    age_limit:         An integer representing the user's age in years.
                       Unsuitable videos for the given age are skipped.
    min_views:         An integer representing the minimum view count the video
                       must have in order to not be skipped.
                       Videos without view count information are always
                       downloaded. None for no limit.
    max_views:         An integer representing the maximum view count.
                       Videos that are more popular than that are not
                       downloaded.
                       Videos without view count information are always
                       downloaded. None for no limit.
    download_archive:  File name of a file where all downloads are recorded.
                       Videos already present in the file are not downloaded
                       again.
    cookiefile:        File name where cookies should be read from and dumped to.
    nocheckcertificate:Do not verify SSL certificates
    prefer_insecure:   Use HTTP instead of HTTPS to retrieve information.
                       At the moment, this is only supported by YouTube.
    proxy:             URL of the proxy server to use
    geo_verification_proxy:  URL of the proxy to use for IP address verification
                       on geo-restricted sites.
    socket_timeout:    Time to wait for unresponsive hosts, in seconds
    bidi_workaround:   Work around buggy terminals without bidirectional text
                       support, using fridibi
    debug_printtraffic:Print out sent and received HTTP traffic
    include_ads:       Download ads as well
    default_search:    Prepend this string if an input url is not valid.
                       'auto' for elaborate guessing
    encoding:          Use this encoding instead of the system-specified.
    extract_flat:      Do not resolve URLs, return the immediate result.
                       Pass in 'in_playlist' to only show this behavior for
                       playlist items.
    postprocessors:    A list of dictionaries, each with an entry
                       * key:  The name of the postprocessor. See
                               youtube_dl/postprocessor/__init__.py for a list.
                       as well as any further keyword arguments for the
                       postprocessor.
    progress_hooks:    A list of functions that get called on download
                       progress, with a dictionary with the entries
                       * status: One of ""downloading"", ""error"", or ""finished"".
                                 Check this first and ignore unknown values.

                       If status is one of ""downloading"", or ""finished"", the
                       following properties may also be present:
                       * filename: The final filename (always present)
                       * tmpfilename: The filename we're currently writing to
                       * downloaded_bytes: Bytes on disk
                       * total_bytes: Size of the whole file, None if unknown
                       * total_bytes_estimate: Guess of the eventual file size,
                                               None if unavailable.
                       * elapsed: The number of seconds since download started.
                       * eta: The estimated time in seconds, None if unknown
                       * speed: The download speed in bytes/second, None if
                                unknown
                       * fragment_index: The counter of the currently
                                         downloaded video fragment.
                       * fragment_count: The number of fragments (= individual
                                         files that will be merged)

                       Progress hooks are guaranteed to be called at least once
                       (with status ""finished"") if the download is successful.
    merge_output_format: Extension to use when merging formats.
    fixup:             Automatically correct known faults of the file.
                       One of:
                       - ""never"": do nothing
                       - ""warn"": only emit a warning
                       - ""detect_or_warn"": check whether we can do anything
                                           about it, warn otherwise (default)
    source_address:    Client-side IP address to bind to.
    call_home:         Boolean, true iff we are allowed to contact the
                       youtube-dl servers for debugging.
    sleep_interval:    Number of seconds to sleep before each download when
                       used alone or a lower bound of a range for randomized
                       sleep before each download (minimum possible number
                       of seconds to sleep) when used along with
                       max_sleep_interval.
    max_sleep_interval:Upper bound of a range for randomized sleep before each
                       download (maximum possible number of seconds to sleep).
                       Must only be used along with sleep_interval.
                       Actual sleep time will be a random float from range
                       [sleep_interval; max_sleep_interval].
    listformats:       Print an overview of available video formats and exit.
    list_thumbnails:   Print a table of all thumbnails and exit.
    match_filter:      A function that gets called with the info_dict of
                       every video.
                       If it returns a message, the video is ignored.
                       If it returns None, the video is downloaded.
                       match_filter_func in utils.py is one example for this.
    no_color:          Do not emit color codes in output.
    geo_bypass:        Bypass geographic restriction via faking X-Forwarded-For
                       HTTP header
    geo_bypass_country:
                       Two-letter ISO 3166-2 country code that will be used for
                       explicit geographic restriction bypassing via faking
                       X-Forwarded-For HTTP header
    geo_bypass_ip_block:
                       IP range in CIDR notation that will be used similarly to
                       geo_bypass_country

    The following options determine which downloader is picked:
    external_downloader: Executable of the external downloader to call.
                       None or unset for standard (built-in) downloader.
    hls_prefer_native: Use the native HLS downloader instead of ffmpeg/avconv
                       if True, otherwise use ffmpeg/avconv if False, otherwise
                       use downloader suggested by extractor if None.

    The following parameters are not used by YoutubeDL itself, they are used by
    the downloader (see youtube_dl/downloader/common.py):
    nopart, updatetime, buffersize, ratelimit, min_filesize, max_filesize, test,
    noresizebuffer, retries, continuedl, noprogress, consoletitle,
    xattr_set_filesize, external_downloader_args, hls_use_mpegts,
    http_chunk_size.

    The following options are used by the post processors:
    prefer_ffmpeg:     If False, use avconv instead of ffmpeg if both are available,
                       otherwise prefer ffmpeg.
    ffmpeg_location:   Location of the ffmpeg/avconv binary; either the path
                       to the binary or its containing directory.
    postprocessor_args: A list of additional command-line arguments for the
                        postprocessor.

    The following options are used by the Youtube extractor:
    youtube_include_dash_manifest: If True (default), DASH manifests and related
                        data will be downloaded and processed by extractor.
                        You can reduce network I/O by disabling it if you don't
                        care about DASH.
    """"""

    _NUMERIC_FIELDS = set((",Longest one,Structured Docstring,,FALSE,FALSE,FALSE,FALSE,FALSE,FALSE
30367,https://github.com/uree/youtube-sampler,6c5001b12a06dea2b87f06aff86b2d5678c1b411,youtube-sampler,youtube-sampler/api/app/app.py,app.py,https://github.com/uree/youtube-sampler/blob/6c5001b12a06dea2b87f06aff86b2d5678c1b411/api/app/app.py#L132,"    print(segment_len)

    # audio = ytsampler_raw(url, ydl_opts, segment_len=segment_len, segment=True)
    audio = ytsampler.apply_async(args=[url, ydl_opts, None, None], kwargs={'segment_len': segment_len, 'segment': True})
",,Commented out code,,FALSE,FALSE,FALSE,FALSE,FALSE,FALSE
3682,https://github.com/prabhatsharma/zinc,d66702daf6cfef09ad08964f538a5fe309a2e230,zinc,zinc/examples/search.py,search.py,https://github.com/prabhatsharma/zinc/blob/d66702daf6cfef09ad08964f538a5fe309a2e230/examples/search.py#L20,"}

# params = {
#     ""search_type"": ""querystring"",
#     ""query"":
#     {
#         ""term"": ""+City:Turin +Silver"",
#         ""start_time"": ""2021-06-02T14:28:31.894Z"",
#         ""end_time"": ""2021-12-02T15:28:31.894Z""
#     },
#     ""fields"": [""_all""]
# }

headers = {""Content-type"": ""application/json"",",,Commented out code,,FALSE,FALSE,FALSE,FALSE,FALSE,FALSE
,,,,,,,,,,,FALSE,FALSE,FALSE,FALSE,FALSE,FALSE
,,,,,,,,,,,FALSE,FALSE,FALSE,FALSE,FALSE,FALSE
,,,,,,,,,,,FALSE,FALSE,FALSE,FALSE,FALSE,FALSE
,,,,,,,,,,,FALSE,FALSE,FALSE,FALSE,FALSE,FALSE
,,,,,,,,,,,FALSE,FALSE,FALSE,FALSE,FALSE,FALSE
,,,,,,,,,,,FALSE,FALSE,FALSE,FALSE,FALSE,FALSE
,,,,,,,,,,,FALSE,FALSE,FALSE,FALSE,FALSE,FALSE
,,,,,,,,,,,FALSE,FALSE,FALSE,FALSE,FALSE,FALSE
,,,,,,,,,,,FALSE,FALSE,FALSE,FALSE,FALSE,FALSE